model,strategy,seed,group_id,class_name,bin_id,count,probability_sum,target_sum
resnet,clean_only,17,clean,NORM,0,253,4.779292752431132,4.0
resnet,clean_only,17,clean,NORM,1,68,6.5807268768548965,10.0
resnet,clean_only,17,clean,NORM,2,27,4.507226496934891,4.0
resnet,clean_only,17,clean,NORM,3,30,6.9116021245718,5.0
resnet,clean_only,17,clean,NORM,4,19,5.726107150316238,4.0
resnet,clean_only,17,clean,NORM,5,28,10.475484430789948,13.0
resnet,clean_only,17,clean,NORM,6,31,13.513791650533676,9.0
resnet,clean_only,17,clean,NORM,7,21,10.453743696212769,10.0
resnet,clean_only,17,clean,NORM,8,19,10.64077079296112,9.0
resnet,clean_only,17,clean,NORM,9,23,14.403764367103577,14.0
resnet,clean_only,17,clean,NORM,10,31,21.562078714370728,19.0
resnet,clean_only,17,clean,NORM,11,46,35.24832624197006,33.0
resnet,clean_only,17,clean,NORM,12,52,43.25260633230209,36.0
resnet,clean_only,17,clean,NORM,13,76,68.711805164814,56.0
resnet,clean_only,17,clean,NORM,14,276,269.4619020819664,245.0
resnet,clean_only,17,clean,MI,0,649,10.074083083924961,57.0
resnet,clean_only,17,clean,MI,1,104,9.803234875202179,34.0
resnet,clean_only,17,clean,MI,2,59,9.848020628094673,24.0
resnet,clean_only,17,clean,MI,3,54,12.632398501038551,26.0
resnet,clean_only,17,clean,MI,4,23,6.992415487766266,13.0
resnet,clean_only,17,clean,MI,5,28,10.26836571097374,18.0
resnet,clean_only,17,clean,MI,6,18,7.643250972032547,9.0
resnet,clean_only,17,clean,MI,7,12,6.112177014350891,9.0
resnet,clean_only,17,clean,MI,8,12,6.825689613819122,10.0
resnet,clean_only,17,clean,MI,9,9,5.700255453586578,5.0
resnet,clean_only,17,clean,MI,10,9,6.375515818595886,6.0
resnet,clean_only,17,clean,MI,11,5,3.8653331995010376,5.0
resnet,clean_only,17,clean,MI,12,7,5.782082915306091,6.0
resnet,clean_only,17,clean,MI,13,6,5.391569554805756,6.0
resnet,clean_only,17,clean,MI,14,5,4.821224868297577,5.0
resnet,clean_only,17,clean,STTC,0,492,10.386085749079939,17.0
resnet,clean_only,17,clean,STTC,1,97,9.33509162813425,11.0
resnet,clean_only,17,clean,STTC,2,70,11.501696571707726,11.0
resnet,clean_only,17,clean,STTC,3,48,11.082122832536697,8.0
resnet,clean_only,17,clean,STTC,4,32,9.48222827911377,9.0
resnet,clean_only,17,clean,STTC,5,33,11.964492797851562,15.0
resnet,clean_only,17,clean,STTC,6,34,14.66349670290947,16.0
resnet,clean_only,17,clean,STTC,7,40,19.78083026409149,28.0
resnet,clean_only,17,clean,STTC,8,27,15.312585651874542,21.0
resnet,clean_only,17,clean,STTC,9,22,13.823140561580658,17.0
resnet,clean_only,17,clean,STTC,10,24,16.834011256694794,19.0
resnet,clean_only,17,clean,STTC,11,16,12.304061353206635,13.0
resnet,clean_only,17,clean,STTC,12,28,23.36577183008194,25.0
resnet,clean_only,17,clean,STTC,13,27,24.24896740913391,24.0
resnet,clean_only,17,clean,STTC,14,10,9.634459912776947,10.0
resnet,clean_only,17,clean,CD,0,293,9.529404095606878,15.0
resnet,clean_only,17,clean,CD,1,162,15.678499773144722,12.0
resnet,clean_only,17,clean,CD,2,107,17.870537966489792,9.0
resnet,clean_only,17,clean,CD,3,73,17.242597088217735,8.0
resnet,clean_only,17,clean,CD,4,46,13.9058176279068,8.0
resnet,clean_only,17,clean,CD,5,40,14.688405632972717,5.0
resnet,clean_only,17,clean,CD,6,30,13.018007636070251,6.0
resnet,clean_only,17,clean,CD,7,25,12.50294977426529,5.0
resnet,clean_only,17,clean,CD,8,20,11.30607295036316,5.0
resnet,clean_only,17,clean,CD,9,16,10.198368430137634,8.0
resnet,clean_only,17,clean,CD,10,26,18.17695426940918,9.0
resnet,clean_only,17,clean,CD,11,25,19.189742147922516,10.0
resnet,clean_only,17,clean,CD,12,13,11.033710658550262,5.0
resnet,clean_only,17,clean,CD,13,31,28.01337558031082,21.0
resnet,clean_only,17,clean,CD,14,93,91.05088138580322,79.0
resnet,clean_only,17,clean,HYP,0,684,11.172755560168298,29.0
resnet,clean_only,17,clean,HYP,1,123,11.68124159425497,23.0
resnet,clean_only,17,clean,HYP,2,54,8.849264785647392,13.0
resnet,clean_only,17,clean,HYP,3,34,7.706746220588684,9.0
resnet,clean_only,17,clean,HYP,4,25,7.577719271183014,9.0
resnet,clean_only,17,clean,HYP,5,11,3.9678171575069427,7.0
resnet,clean_only,17,clean,HYP,6,15,6.442653805017471,5.0
resnet,clean_only,17,clean,HYP,7,8,3.9285691380500793,4.0
resnet,clean_only,17,clean,HYP,8,11,6.293506026268005,7.0
resnet,clean_only,17,clean,HYP,9,7,4.434534788131714,6.0
resnet,clean_only,17,clean,HYP,10,2,1.4146851897239685,1.0
resnet,clean_only,17,clean,HYP,11,4,3.108864426612854,4.0
resnet,clean_only,17,clean,HYP,12,5,4.196345090866089,4.0
resnet,clean_only,17,clean,HYP,13,9,8.005175173282623,8.0
resnet,clean_only,17,clean,HYP,14,8,7.776021420955658,7.0
resnet,clean_only,17,primary_joint,NORM,0,296,6.94229756067557,5.0
resnet,clean_only,17,primary_joint,NORM,1,137,13.493772365152836,4.0
resnet,clean_only,17,primary_joint,NORM,2,92,15.386089339852333,8.0
resnet,clean_only,17,primary_joint,NORM,3,91,21.000538423657417,19.0
resnet,clean_only,17,primary_joint,NORM,4,78,23.72973257303238,14.0
resnet,clean_only,17,primary_joint,NORM,5,79,28.8864426612854,25.0
resnet,clean_only,17,primary_joint,NORM,6,78,33.945517897605896,34.0
resnet,clean_only,17,primary_joint,NORM,7,84,41.86420714855194,36.0
resnet,clean_only,17,primary_joint,NORM,8,73,41.45171105861664,41.0
resnet,clean_only,17,primary_joint,NORM,9,89,56.31972748041153,50.0
resnet,clean_only,17,primary_joint,NORM,10,81,56.73472583293915,47.0
resnet,clean_only,17,primary_joint,NORM,11,132,101.15949189662933,94.0
resnet,clean_only,17,primary_joint,NORM,12,159,132.8100022673607,115.0
resnet,clean_only,17,primary_joint,NORM,13,253,228.64865416288376,207.0
resnet,clean_only,17,primary_joint,NORM,14,278,268.4072931408882,243.0
resnet,clean_only,17,primary_joint,MI,0,1417,28.157618323068164,174.0
resnet,clean_only,17,primary_joint,MI,1,229,22.20548839122057,90.0
resnet,clean_only,17,primary_joint,MI,2,122,20.11264555156231,51.0
resnet,clean_only,17,primary_joint,MI,3,73,16.82103554904461,31.0
resnet,clean_only,17,primary_joint,MI,4,41,11.98269522190094,28.0
resnet,clean_only,17,primary_joint,MI,5,32,11.819798439741135,23.0
resnet,clean_only,17,primary_joint,MI,6,23,9.797236293554306,16.0
resnet,clean_only,17,primary_joint,MI,7,16,7.997460037469864,14.0
resnet,clean_only,17,primary_joint,MI,8,11,6.142485082149506,9.0
resnet,clean_only,17,primary_joint,MI,9,9,5.705566167831421,9.0
resnet,clean_only,17,primary_joint,MI,10,6,4.2604270577430725,3.0
resnet,clean_only,17,primary_joint,MI,11,10,7.667092025279999,7.0
resnet,clean_only,17,primary_joint,MI,12,5,4.144056439399719,5.0
resnet,clean_only,17,primary_joint,MI,13,3,2.64805006980896,3.0
resnet,clean_only,17,primary_joint,MI,14,3,2.854224145412445,3.0
resnet,clean_only,17,primary_joint,STTC,0,553,19.998726380523294,13.0
resnet,clean_only,17,primary_joint,STTC,1,389,37.73671320825815,30.0
resnet,clean_only,17,primary_joint,STTC,2,222,37.023229256272316,33.0
resnet,clean_only,17,primary_joint,STTC,3,179,41.562183171510696,42.0
resnet,clean_only,17,primary_joint,STTC,4,122,36.29895502328873,41.0
resnet,clean_only,17,primary_joint,STTC,5,101,36.95530641078949,42.0
resnet,clean_only,17,primary_joint,STTC,6,98,42.50121545791626,46.0
resnet,clean_only,17,primary_joint,STTC,7,98,48.66108712553978,58.0
resnet,clean_only,17,primary_joint,STTC,8,63,35.458729445934296,40.0
resnet,clean_only,17,primary_joint,STTC,9,43,27.302820920944214,30.0
resnet,clean_only,17,primary_joint,STTC,10,40,27.9751837849617,30.0
resnet,clean_only,17,primary_joint,STTC,11,45,34.49340909719467,38.0
resnet,clean_only,17,primary_joint,STTC,12,22,18.436305224895477,20.0
resnet,clean_only,17,primary_joint,STTC,13,12,10.7859947681427,12.0
resnet,clean_only,17,primary_joint,STTC,14,13,12.460947751998901,13.0
resnet,clean_only,17,primary_joint,CD,0,276,12.16027345508337,16.0
resnet,clean_only,17,primary_joint,CD,1,444,43.46273744851351,23.0
resnet,clean_only,17,primary_joint,CD,2,274,45.1118293851614,19.0
resnet,clean_only,17,primary_joint,CD,3,212,48.82523177564144,27.0
resnet,clean_only,17,primary_joint,CD,4,143,42.78041046857834,26.0
resnet,clean_only,17,primary_joint,CD,5,116,42.599367558956146,24.0
resnet,clean_only,17,primary_joint,CD,6,89,38.69766253232956,17.0
resnet,clean_only,17,primary_joint,CD,7,60,29.75271275639534,19.0
resnet,clean_only,17,primary_joint,CD,8,45,25.50169962644577,17.0
resnet,clean_only,17,primary_joint,CD,9,40,25.19717848300934,16.0
resnet,clean_only,17,primary_joint,CD,10,49,34.23738348484039,19.0
resnet,clean_only,17,primary_joint,CD,11,44,34.118575513362885,22.0
resnet,clean_only,17,primary_joint,CD,12,56,46.548923552036285,37.0
resnet,clean_only,17,primary_joint,CD,13,53,47.693905889987946,39.0
resnet,clean_only,17,primary_joint,CD,14,99,96.81174957752228,89.0
resnet,clean_only,17,primary_joint,HYP,0,1280,28.95257114712149,48.0
resnet,clean_only,17,primary_joint,HYP,1,269,25.383503906428814,33.0
resnet,clean_only,17,primary_joint,HYP,2,111,17.9615099132061,31.0
resnet,clean_only,17,primary_joint,HYP,3,82,19.07641364634037,21.0
resnet,clean_only,17,primary_joint,HYP,4,68,20.144497960805893,24.0
resnet,clean_only,17,primary_joint,HYP,5,45,16.418750643730164,19.0
resnet,clean_only,17,primary_joint,HYP,6,31,13.35063424706459,17.0
resnet,clean_only,17,primary_joint,HYP,7,19,9.41226601600647,9.0
resnet,clean_only,17,primary_joint,HYP,8,21,11.931037306785583,8.0
resnet,clean_only,17,primary_joint,HYP,9,14,8.789445698261261,10.0
resnet,clean_only,17,primary_joint,HYP,10,12,8.203812599182129,10.0
resnet,clean_only,17,primary_joint,HYP,11,13,9.900522112846375,12.0
resnet,clean_only,17,primary_joint,HYP,12,12,10.010976374149323,9.0
resnet,clean_only,17,primary_joint,HYP,13,11,10.067318737506866,10.0
resnet,clean_only,17,primary_joint,HYP,14,12,11.587543249130249,11.0
resnet,independent_rms,17,clean,NORM,0,264,5.001052041446428,5.0
resnet,independent_rms,17,clean,NORM,1,68,6.82216789573431,9.0
resnet,independent_rms,17,clean,NORM,2,37,6.331015795469284,5.0
resnet,independent_rms,17,clean,NORM,3,29,6.650304317474365,9.0
resnet,independent_rms,17,clean,NORM,4,20,5.955012619495392,9.0
resnet,independent_rms,17,clean,NORM,5,27,9.979498893022537,9.0
resnet,independent_rms,17,clean,NORM,6,25,10.883675754070282,8.0
resnet,independent_rms,17,clean,NORM,7,30,15.102421760559082,14.0
resnet,independent_rms,17,clean,NORM,8,20,11.342108488082886,11.0
resnet,independent_rms,17,clean,NORM,9,25,15.982968032360077,18.0
resnet,independent_rms,17,clean,NORM,10,29,20.280458688735962,20.0
resnet,independent_rms,17,clean,NORM,11,37,28.37003129720688,24.0
resnet,independent_rms,17,clean,NORM,12,48,40.05780327320099,34.0
resnet,independent_rms,17,clean,NORM,13,94,84.7290945649147,74.0
resnet,independent_rms,17,clean,NORM,14,247,240.52887481451035,222.0
resnet,independent_rms,17,clean,MI,0,582,10.225012827009778,44.0
resnet,independent_rms,17,clean,MI,1,108,10.426488399505615,19.0
resnet,independent_rms,17,clean,MI,2,71,11.418770745396614,29.0
resnet,independent_rms,17,clean,MI,3,55,13.010577112436295,23.0
resnet,independent_rms,17,clean,MI,4,32,9.542145401239395,18.0
resnet,independent_rms,17,clean,MI,5,28,10.255745112895966,16.0
resnet,independent_rms,17,clean,MI,6,36,15.571670174598694,19.0
resnet,independent_rms,17,clean,MI,7,16,8.072833359241486,9.0
resnet,independent_rms,17,clean,MI,8,11,6.235231816768646,7.0
resnet,independent_rms,17,clean,MI,9,19,11.957958340644836,15.0
resnet,independent_rms,17,clean,MI,10,14,9.731233060359955,10.0
resnet,independent_rms,17,clean,MI,11,9,6.845874845981598,5.0
resnet,independent_rms,17,clean,MI,12,12,10.008559703826904,12.0
resnet,independent_rms,17,clean,MI,13,2,1.8079590201377869,2.0
resnet,independent_rms,17,clean,MI,14,5,4.7988903522491455,5.0
resnet,independent_rms,17,clean,STTC,0,450,10.099228835082613,11.0
resnet,independent_rms,17,clean,STTC,1,108,10.450827784836292,13.0
resnet,independent_rms,17,clean,STTC,2,63,10.065142646431923,8.0
resnet,independent_rms,17,clean,STTC,3,58,13.377959206700325,12.0
resnet,independent_rms,17,clean,STTC,4,44,13.25972792506218,12.0
resnet,independent_rms,17,clean,STTC,5,52,19.283114403486252,23.0
resnet,independent_rms,17,clean,STTC,6,34,14.755362272262573,19.0
resnet,independent_rms,17,clean,STTC,7,34,17.202674984931946,22.0
resnet,independent_rms,17,clean,STTC,8,23,12.959829092025757,13.0
resnet,independent_rms,17,clean,STTC,9,15,9.369848251342773,10.0
resnet,independent_rms,17,clean,STTC,10,32,22.2362140417099,24.0
resnet,independent_rms,17,clean,STTC,11,29,22.172320663928986,23.0
resnet,independent_rms,17,clean,STTC,12,31,25.716688871383667,30.0
resnet,independent_rms,17,clean,STTC,13,17,15.212335169315338,14.0
resnet,independent_rms,17,clean,STTC,14,10,9.4636589884758,10.0
resnet,independent_rms,17,clean,CD,0,314,9.929697925690562,15.0
resnet,independent_rms,17,clean,CD,1,155,14.893759526312351,15.0
resnet,independent_rms,17,clean,CD,2,98,16.056752786040306,13.0
resnet,independent_rms,17,clean,CD,3,59,13.674054980278015,1.0
resnet,independent_rms,17,clean,CD,4,54,16.079776495695114,7.0
resnet,independent_rms,17,clean,CD,5,33,12.162602633237839,8.0
resnet,independent_rms,17,clean,CD,6,35,15.189143419265747,4.0
resnet,independent_rms,17,clean,CD,7,24,12.146668553352356,2.0
resnet,independent_rms,17,clean,CD,8,21,11.954790592193604,7.0
resnet,independent_rms,17,clean,CD,9,28,17.796862840652466,12.0
resnet,independent_rms,17,clean,CD,10,16,11.341486811637878,4.0
resnet,independent_rms,17,clean,CD,11,24,18.240880727767944,14.0
resnet,independent_rms,17,clean,CD,12,18,14.962463974952698,5.0
resnet,independent_rms,17,clean,CD,13,30,27.138088047504425,19.0
resnet,independent_rms,17,clean,CD,14,91,88.95275217294693,79.0
resnet,independent_rms,17,clean,HYP,0,653,11.787722975044744,27.0
resnet,independent_rms,17,clean,HYP,1,122,11.376568675041199,15.0
resnet,independent_rms,17,clean,HYP,2,56,9.104259476065636,12.0
resnet,independent_rms,17,clean,HYP,3,49,11.075502395629883,17.0
resnet,independent_rms,17,clean,HYP,4,31,9.170706510543823,8.0
resnet,independent_rms,17,clean,HYP,5,9,3.22751185297966,3.0
resnet,independent_rms,17,clean,HYP,6,18,7.822095572948456,10.0
resnet,independent_rms,17,clean,HYP,7,11,5.458376079797745,6.0
resnet,independent_rms,17,clean,HYP,8,6,3.4147071838378906,3.0
resnet,independent_rms,17,clean,HYP,9,8,5.1028525829315186,3.0
resnet,independent_rms,17,clean,HYP,10,4,2.7967981100082397,3.0
resnet,independent_rms,17,clean,HYP,11,4,3.07590913772583,4.0
resnet,independent_rms,17,clean,HYP,12,10,8.25961023569107,8.0
resnet,independent_rms,17,clean,HYP,13,7,6.342717468738556,6.0
resnet,independent_rms,17,clean,HYP,14,12,11.59457790851593,11.0
resnet,independent_rms,17,primary_joint,NORM,0,382,9.085633661862971,8.0
resnet,independent_rms,17,primary_joint,NORM,1,138,13.766871750354767,8.0
resnet,independent_rms,17,primary_joint,NORM,2,107,17.6253369897604,19.0
resnet,independent_rms,17,primary_joint,NORM,3,83,19.18521909415722,15.0
resnet,independent_rms,17,primary_joint,NORM,4,86,26.234626412391663,21.0
resnet,independent_rms,17,primary_joint,NORM,5,75,27.381149351596832,33.0
resnet,independent_rms,17,primary_joint,NORM,6,58,24.932940363883972,29.0
resnet,independent_rms,17,primary_joint,NORM,7,67,33.575890094041824,33.0
resnet,independent_rms,17,primary_joint,NORM,8,90,50.89304494857788,54.0
resnet,independent_rms,17,primary_joint,NORM,9,75,47.36877244710922,43.0
resnet,independent_rms,17,primary_joint,NORM,10,102,71.44293373823166,63.0
resnet,independent_rms,17,primary_joint,NORM,11,91,69.7905690073967,66.0
resnet,independent_rms,17,primary_joint,NORM,12,151,125.88709259033203,114.0
resnet,independent_rms,17,primary_joint,NORM,13,204,183.85777747631073,176.0
resnet,independent_rms,17,primary_joint,NORM,14,291,280.1339079737663,260.0
resnet,independent_rms,17,primary_joint,MI,0,1222,25.997980065090815,103.0
resnet,independent_rms,17,primary_joint,MI,1,316,31.31310498714447,101.0
resnet,independent_rms,17,primary_joint,MI,2,148,24.35176357626915,63.0
resnet,independent_rms,17,primary_joint,MI,3,91,20.80960564315319,47.0
resnet,independent_rms,17,primary_joint,MI,4,61,18.319139808416367,33.0
resnet,independent_rms,17,primary_joint,MI,5,48,17.51653230190277,31.0
resnet,independent_rms,17,primary_joint,MI,6,34,14.761159390211105,25.0
resnet,independent_rms,17,primary_joint,MI,7,32,16.016583055257797,24.0
resnet,independent_rms,17,primary_joint,MI,8,8,4.630774259567261,7.0
resnet,independent_rms,17,primary_joint,MI,9,13,8.302604675292969,12.0
resnet,independent_rms,17,primary_joint,MI,10,6,4.238978266716003,3.0
resnet,independent_rms,17,primary_joint,MI,11,7,5.398133814334869,4.0
resnet,independent_rms,17,primary_joint,MI,12,7,5.84300822019577,6.0
resnet,independent_rms,17,primary_joint,MI,13,5,4.527676463127136,5.0
resnet,independent_rms,17,primary_joint,MI,14,2,1.8890860080718994,2.0
resnet,independent_rms,17,primary_joint,STTC,0,498,18.18210136401467,14.0
resnet,independent_rms,17,primary_joint,STTC,1,338,32.65377647429705,11.0
resnet,independent_rms,17,primary_joint,STTC,2,221,37.0218091160059,31.0
resnet,independent_rms,17,primary_joint,STTC,3,188,43.506926000118256,35.0
resnet,independent_rms,17,primary_joint,STTC,4,140,42.07733064889908,32.0
resnet,independent_rms,17,primary_joint,STTC,5,118,43.31766727566719,40.0
resnet,independent_rms,17,primary_joint,STTC,6,103,44.14919739961624,37.0
resnet,independent_rms,17,primary_joint,STTC,7,80,39.8748254776001,46.0
resnet,independent_rms,17,primary_joint,STTC,8,74,41.774023950099945,53.0
resnet,independent_rms,17,primary_joint,STTC,9,55,34.83890575170517,39.0
resnet,independent_rms,17,primary_joint,STTC,10,71,49.82606828212738,50.0
resnet,independent_rms,17,primary_joint,STTC,11,54,41.61059617996216,44.0
resnet,independent_rms,17,primary_joint,STTC,12,38,31.673271119594574,34.0
resnet,independent_rms,17,primary_joint,STTC,13,16,14.428237855434418,16.0
resnet,independent_rms,17,primary_joint,STTC,14,6,5.680172622203827,6.0
resnet,independent_rms,17,primary_joint,CD,0,434,17.53632181417197,20.0
resnet,independent_rms,17,primary_joint,CD,1,371,36.2980090752244,33.0
resnet,independent_rms,17,primary_joint,CD,2,288,47.37473402917385,25.0
resnet,independent_rms,17,primary_joint,CD,3,160,36.71934662759304,11.0
resnet,independent_rms,17,primary_joint,CD,4,118,35.10868865251541,18.0
resnet,independent_rms,17,primary_joint,CD,5,87,31.565095096826553,20.0
resnet,independent_rms,17,primary_joint,CD,6,71,30.432716995477676,19.0
resnet,independent_rms,17,primary_joint,CD,7,61,30.412368297576904,12.0
resnet,independent_rms,17,primary_joint,CD,8,46,26.031168282032013,13.0
resnet,independent_rms,17,primary_joint,CD,9,49,30.946576595306396,21.0
resnet,independent_rms,17,primary_joint,CD,10,44,30.665257394313812,17.0
resnet,independent_rms,17,primary_joint,CD,11,48,36.81617033481598,29.0
resnet,independent_rms,17,primary_joint,CD,12,44,36.79020941257477,22.0
resnet,independent_rms,17,primary_joint,CD,13,59,53.24046677350998,42.0
resnet,independent_rms,17,primary_joint,CD,14,120,117.27202314138412,108.0
resnet,independent_rms,17,primary_joint,HYP,0,1222,28.444617307686713,44.0
resnet,independent_rms,17,primary_joint,HYP,1,285,27.36542971432209,31.0
resnet,independent_rms,17,primary_joint,HYP,2,122,19.74824994802475,26.0
resnet,independent_rms,17,primary_joint,HYP,3,94,21.910251766443253,21.0
resnet,independent_rms,17,primary_joint,HYP,4,61,18.051142126321793,17.0
resnet,independent_rms,17,primary_joint,HYP,5,42,15.618091702461243,20.0
resnet,independent_rms,17,primary_joint,HYP,6,37,15.872051328420639,16.0
resnet,independent_rms,17,primary_joint,HYP,7,20,10.065138131380081,15.0
resnet,independent_rms,17,primary_joint,HYP,8,12,6.807815074920654,7.0
resnet,independent_rms,17,primary_joint,HYP,9,23,14.508250296115875,12.0
resnet,independent_rms,17,primary_joint,HYP,10,16,11.083864331245422,6.0
resnet,independent_rms,17,primary_joint,HYP,11,20,15.414992570877075,17.0
resnet,independent_rms,17,primary_joint,HYP,12,15,12.51382315158844,13.0
resnet,independent_rms,17,primary_joint,HYP,13,12,10.836300551891327,10.0
resnet,independent_rms,17,primary_joint,HYP,14,19,18.253025889396667,17.0
resnet,electrode,17,clean,NORM,0,214,3.503258998494175,4.0
resnet,electrode,17,clean,NORM,1,40,3.822229616343975,0.0
resnet,electrode,17,clean,NORM,2,29,4.659611061215401,3.0
resnet,electrode,17,clean,NORM,3,33,7.858037903904915,4.0
resnet,electrode,17,clean,NORM,4,14,4.05415865778923,3.0
resnet,electrode,17,clean,NORM,5,12,4.534869462251663,1.0
resnet,electrode,17,clean,NORM,6,24,10.44165575504303,4.0
resnet,electrode,17,clean,NORM,7,16,8.08011582493782,2.0
resnet,electrode,17,clean,NORM,8,18,10.210346579551697,3.0
resnet,electrode,17,clean,NORM,9,18,11.450984477996826,8.0
resnet,electrode,17,clean,NORM,10,13,9.249662101268768,5.0
resnet,electrode,17,clean,NORM,11,20,15.296096086502075,7.0
resnet,electrode,17,clean,NORM,12,37,30.865063309669495,19.0
resnet,electrode,17,clean,NORM,13,44,39.73442184925079,24.0
resnet,electrode,17,clean,NORM,14,468,462.3681786060333,384.0
resnet,electrode,17,clean,MI,0,624,7.396627370039823,54.0
resnet,electrode,17,clean,MI,1,70,6.8601387068629265,16.0
resnet,electrode,17,clean,MI,2,41,6.810167342424393,10.0
resnet,electrode,17,clean,MI,3,34,7.943053066730499,12.0
resnet,electrode,17,clean,MI,4,22,6.752257436513901,11.0
resnet,electrode,17,clean,MI,5,24,8.603357017040253,12.0
resnet,electrode,17,clean,MI,6,19,8.121974408626556,9.0
resnet,electrode,17,clean,MI,7,24,12.076326608657837,14.0
resnet,electrode,17,clean,MI,8,14,7.934708893299103,5.0
resnet,electrode,17,clean,MI,9,10,6.357233285903931,7.0
resnet,electrode,17,clean,MI,10,24,16.771641552448273,12.0
resnet,electrode,17,clean,MI,11,24,18.37270337343216,17.0
resnet,electrode,17,clean,MI,12,14,11.680735647678375,11.0
resnet,electrode,17,clean,MI,13,18,16.246789932250977,13.0
resnet,electrode,17,clean,MI,14,38,36.71241635084152,30.0
resnet,electrode,17,clean,STTC,0,673,6.811444874303561,40.0
resnet,electrode,17,clean,STTC,1,70,7.020435743033886,25.0
resnet,electrode,17,clean,STTC,2,34,5.49055702984333,10.0
resnet,electrode,17,clean,STTC,3,21,4.767477631568909,12.0
resnet,electrode,17,clean,STTC,4,37,11.131875663995743,22.0
resnet,electrode,17,clean,STTC,5,15,5.585799664258957,10.0
resnet,electrode,17,clean,STTC,6,19,8.171707063913345,14.0
resnet,electrode,17,clean,STTC,7,16,8.005250334739685,14.0
resnet,electrode,17,clean,STTC,8,18,10.143430471420288,13.0
resnet,electrode,17,clean,STTC,9,14,8.830820798873901,11.0
resnet,electrode,17,clean,STTC,10,19,13.19785189628601,15.0
resnet,electrode,17,clean,STTC,11,16,12.31910526752472,14.0
resnet,electrode,17,clean,STTC,12,18,15.015240848064423,16.0
resnet,electrode,17,clean,STTC,13,18,16.237980723381042,17.0
resnet,electrode,17,clean,STTC,14,12,11.685606241226196,11.0
resnet,electrode,17,clean,CD,0,762,12.50182548223529,63.0
resnet,electrode,17,clean,CD,1,69,6.325568847358227,21.0
resnet,electrode,17,clean,CD,2,32,5.297686234116554,14.0
resnet,electrode,17,clean,CD,3,16,3.7710876017808914,7.0
resnet,electrode,17,clean,CD,4,18,5.22558206319809,12.0
resnet,electrode,17,clean,CD,5,11,3.974340111017227,7.0
resnet,electrode,17,clean,CD,6,10,4.235980451107025,5.0
resnet,electrode,17,clean,CD,7,5,2.5268199741840363,2.0
resnet,electrode,17,clean,CD,8,4,2.2747730016708374,3.0
resnet,electrode,17,clean,CD,9,6,3.8311647176742554,5.0
resnet,electrode,17,clean,CD,10,8,5.563582897186279,7.0
resnet,electrode,17,clean,CD,11,8,6.1561115980148315,8.0
resnet,electrode,17,clean,CD,12,14,11.59920358657837,14.0
resnet,electrode,17,clean,CD,13,12,10.79630720615387,12.0
resnet,electrode,17,clean,CD,14,25,24.32092970609665,25.0
resnet,electrode,17,clean,HYP,0,765,7.184768460378109,45.0
resnet,electrode,17,clean,HYP,1,70,6.689003117382526,6.0
resnet,electrode,17,clean,HYP,2,29,4.877276256680489,8.0
resnet,electrode,17,clean,HYP,3,27,6.182889625430107,7.0
resnet,electrode,17,clean,HYP,4,16,4.728982120752335,9.0
resnet,electrode,17,clean,HYP,5,12,4.415976047515869,6.0
resnet,electrode,17,clean,HYP,6,12,5.136814922094345,3.0
resnet,electrode,17,clean,HYP,7,8,3.9657740592956543,4.0
resnet,electrode,17,clean,HYP,8,6,3.459562122821808,5.0
resnet,electrode,17,clean,HYP,9,8,5.1118345856666565,4.0
resnet,electrode,17,clean,HYP,10,4,2.8036866784095764,3.0
resnet,electrode,17,clean,HYP,11,8,6.151850461959839,4.0
resnet,electrode,17,clean,HYP,12,5,4.146269857883453,5.0
resnet,electrode,17,clean,HYP,13,8,7.199662923812866,7.0
resnet,electrode,17,clean,HYP,14,22,21.26730877161026,20.0
resnet,electrode,17,primary_joint,NORM,0,313,6.467909290310672,1.0
resnet,electrode,17,primary_joint,NORM,1,81,7.775849521160126,0.0
resnet,electrode,17,primary_joint,NORM,2,67,10.860378339886665,3.0
resnet,electrode,17,primary_joint,NORM,3,62,14.548639431595802,5.0
resnet,electrode,17,primary_joint,NORM,4,40,12.112488687038422,7.0
resnet,electrode,17,primary_joint,NORM,5,37,13.444097250699997,7.0
resnet,electrode,17,primary_joint,NORM,6,54,23.340321362018585,13.0
resnet,electrode,17,primary_joint,NORM,7,57,28.67788490653038,14.0
resnet,electrode,17,primary_joint,NORM,8,41,23.30562722682953,11.0
resnet,electrode,17,primary_joint,NORM,9,52,33.02487516403198,20.0
resnet,electrode,17,primary_joint,NORM,10,80,56.13317036628723,20.0
resnet,electrode,17,primary_joint,NORM,11,83,64.05080306529999,46.0
resnet,electrode,17,primary_joint,NORM,12,90,75.04718321561813,31.0
resnet,electrode,17,primary_joint,NORM,13,132,119.81853359937668,87.0
resnet,electrode,17,primary_joint,NORM,14,811,796.1618953347206,677.0
resnet,electrode,17,primary_joint,MI,0,1104,18.20102056543692,81.0
resnet,electrode,17,primary_joint,MI,1,214,20.72642070800066,55.0
resnet,electrode,17,primary_joint,MI,2,129,21.074255257844925,32.0
resnet,electrode,17,primary_joint,MI,3,74,17.327103063464165,27.0
resnet,electrode,17,primary_joint,MI,4,83,24.65093833208084,35.0
resnet,electrode,17,primary_joint,MI,5,58,21.00589719414711,21.0
resnet,electrode,17,primary_joint,MI,6,40,17.41661363840103,19.0
resnet,electrode,17,primary_joint,MI,7,42,20.8079055249691,21.0
resnet,electrode,17,primary_joint,MI,8,37,20.968972623348236,19.0
resnet,electrode,17,primary_joint,MI,9,40,25.165724635124207,25.0
resnet,electrode,17,primary_joint,MI,10,40,28.229308366775513,30.0
resnet,electrode,17,primary_joint,MI,11,29,22.21111524105072,17.0
resnet,electrode,17,primary_joint,MI,12,37,30.787566602230072,27.0
resnet,electrode,17,primary_joint,MI,13,28,25.16077971458435,20.0
resnet,electrode,17,primary_joint,MI,14,45,43.51604801416397,37.0
resnet,electrode,17,primary_joint,STTC,0,1360,19.767595291064936,108.0
resnet,electrode,17,primary_joint,STTC,1,214,20.39105734229088,71.0
resnet,electrode,17,primary_joint,STTC,2,129,21.198322221636772,74.0
resnet,electrode,17,primary_joint,STTC,3,68,15.910448879003525,46.0
resnet,electrode,17,primary_joint,STTC,4,57,17.25242304801941,46.0
resnet,electrode,17,primary_joint,STTC,5,36,13.17199456691742,27.0
resnet,electrode,17,primary_joint,STTC,6,30,12.746057361364365,22.0
resnet,electrode,17,primary_joint,STTC,7,20,10.022989094257355,18.0
resnet,electrode,17,primary_joint,STTC,8,14,7.841687977313995,12.0
resnet,electrode,17,primary_joint,STTC,9,20,12.543307304382324,16.0
resnet,electrode,17,primary_joint,STTC,10,13,9.148321568965912,11.0
resnet,electrode,17,primary_joint,STTC,11,16,12.18348515033722,15.0
resnet,electrode,17,primary_joint,STTC,12,13,10.851183772087097,12.0
resnet,electrode,17,primary_joint,STTC,13,7,6.227015137672424,7.0
resnet,electrode,17,primary_joint,STTC,14,3,2.8722320795059204,3.0
resnet,electrode,17,primary_joint,CD,0,1397,33.214264541107696,124.0
resnet,electrode,17,primary_joint,CD,1,238,22.120631851255894,56.0
resnet,electrode,17,primary_joint,CD,2,92,15.031854808330536,36.0
resnet,electrode,17,primary_joint,CD,3,54,12.47812132537365,25.0
resnet,electrode,17,primary_joint,CD,4,43,12.747178882360458,20.0
resnet,electrode,17,primary_joint,CD,5,25,9.048216342926025,17.0
resnet,electrode,17,primary_joint,CD,6,23,9.88544574379921,13.0
resnet,electrode,17,primary_joint,CD,7,18,9.016812205314636,15.0
resnet,electrode,17,primary_joint,CD,8,10,5.632568776607513,8.0
resnet,electrode,17,primary_joint,CD,9,15,9.582700729370117,13.0
resnet,electrode,17,primary_joint,CD,10,11,7.724341094493866,10.0
resnet,electrode,17,primary_joint,CD,11,11,8.490040838718414,11.0
resnet,electrode,17,primary_joint,CD,12,16,13.296420335769653,15.0
resnet,electrode,17,primary_joint,CD,13,20,18.01858013868332,20.0
resnet,electrode,17,primary_joint,CD,14,27,26.168281495571136,27.0
resnet,electrode,17,primary_joint,HYP,0,1471,19.48065178241086,76.0
resnet,electrode,17,primary_joint,HYP,1,139,13.187634885311127,18.0
resnet,electrode,17,primary_joint,HYP,2,82,13.268302381038666,18.0
resnet,electrode,17,primary_joint,HYP,3,52,11.925407484173775,16.0
resnet,electrode,17,primary_joint,HYP,4,45,13.372557789087296,11.0
resnet,electrode,17,primary_joint,HYP,5,30,11.127664774656296,16.0
resnet,electrode,17,primary_joint,HYP,6,34,14.599715620279312,5.0
resnet,electrode,17,primary_joint,HYP,7,18,8.945124208927155,10.0
resnet,electrode,17,primary_joint,HYP,8,16,9.08126837015152,11.0
resnet,electrode,17,primary_joint,HYP,9,14,8.9219531416893,9.0
resnet,electrode,17,primary_joint,HYP,10,13,9.087914168834686,10.0
resnet,electrode,17,primary_joint,HYP,11,16,12.228713631629944,10.0
resnet,electrode,17,primary_joint,HYP,12,19,15.709348440170288,17.0
resnet,electrode,17,primary_joint,HYP,13,26,23.300769329071045,21.0
resnet,electrode,17,primary_joint,HYP,14,25,24.370239436626434,24.0
resnet,mixed,17,clean,NORM,0,176,4.3802867137492285,1.0
resnet,mixed,17,clean,NORM,1,60,5.412362575531006,1.0
resnet,mixed,17,clean,NORM,2,32,5.3556511253118515,2.0
resnet,mixed,17,clean,NORM,3,21,4.7805673480033875,3.0
resnet,mixed,17,clean,NORM,4,17,4.983431845903397,6.0
resnet,mixed,17,clean,NORM,5,12,4.321184903383255,2.0
resnet,mixed,17,clean,NORM,6,19,8.277441889047623,2.0
resnet,mixed,17,clean,NORM,7,23,11.552893042564392,5.0
resnet,mixed,17,clean,NORM,8,29,16.50130867958069,4.0
resnet,mixed,17,clean,NORM,9,19,11.921976149082184,5.0
resnet,mixed,17,clean,NORM,10,20,14.045413076877594,7.0
resnet,mixed,17,clean,NORM,11,23,17.834349811077118,10.0
resnet,mixed,17,clean,NORM,12,40,33.518427312374115,13.0
resnet,mixed,17,clean,NORM,13,65,58.78690928220749,42.0
resnet,mixed,17,clean,NORM,14,444,437.5378240942955,368.0
resnet,mixed,17,clean,MI,0,726,9.010799964098624,79.0
resnet,mixed,17,clean,MI,1,83,7.710795417428017,37.0
resnet,mixed,17,clean,MI,2,52,8.278458639979362,20.0
resnet,mixed,17,clean,MI,3,29,6.492121994495392,17.0
resnet,mixed,17,clean,MI,4,27,8.099371701478958,16.0
resnet,mixed,17,clean,MI,5,21,7.577344685792923,10.0
resnet,mixed,17,clean,MI,6,13,5.545971840620041,11.0
resnet,mixed,17,clean,MI,7,13,6.3471905291080475,11.0
resnet,mixed,17,clean,MI,8,5,2.877777874469757,4.0
resnet,mixed,17,clean,MI,9,5,3.170582890510559,4.0
resnet,mixed,17,clean,MI,10,7,4.876108407974243,6.0
resnet,mixed,17,clean,MI,11,7,5.341164469718933,6.0
resnet,mixed,17,clean,MI,12,4,3.3271156549453735,4.0
resnet,mixed,17,clean,MI,13,2,1.7780242562294006,2.0
resnet,mixed,17,clean,MI,14,6,5.740200996398926,6.0
resnet,mixed,17,clean,STTC,0,570,6.44897344133642,21.0
resnet,mixed,17,clean,STTC,1,70,6.905229359865189,13.0
resnet,mixed,17,clean,STTC,2,47,7.98063051700592,6.0
resnet,mixed,17,clean,STTC,3,32,7.362325429916382,12.0
resnet,mixed,17,clean,STTC,4,24,7.189207971096039,12.0
resnet,mixed,17,clean,STTC,5,25,9.064626663923264,11.0
resnet,mixed,17,clean,STTC,6,21,9.219588220119476,10.0
resnet,mixed,17,clean,STTC,7,26,13.04839512705803,14.0
resnet,mixed,17,clean,STTC,8,27,15.36171418428421,16.0
resnet,mixed,17,clean,STTC,9,29,18.436704754829407,19.0
resnet,mixed,17,clean,STTC,10,20,13.835188686847687,13.0
resnet,mixed,17,clean,STTC,11,19,14.672973155975342,17.0
resnet,mixed,17,clean,STTC,12,38,31.6660658121109,34.0
resnet,mixed,17,clean,STTC,13,38,34.185701847076416,33.0
resnet,mixed,17,clean,STTC,14,14,13.329663634300232,13.0
resnet,mixed,17,clean,CD,0,627,14.858322626794688,44.0
resnet,mixed,17,clean,CD,1,116,11.19477191567421,20.0
resnet,mixed,17,clean,CD,2,61,9.878999933600426,13.0
resnet,mixed,17,clean,CD,3,37,8.876492515206337,15.0
resnet,mixed,17,clean,CD,4,22,6.567993462085724,9.0
resnet,mixed,17,clean,CD,5,20,7.411650627851486,12.0
resnet,mixed,17,clean,CD,6,18,7.738994657993317,7.0
resnet,mixed,17,clean,CD,7,11,5.538341850042343,5.0
resnet,mixed,17,clean,CD,8,10,5.652692437171936,6.0
resnet,mixed,17,clean,CD,9,7,4.42311018705368,7.0
resnet,mixed,17,clean,CD,10,7,4.896941542625427,5.0
resnet,mixed,17,clean,CD,11,5,3.8212624192237854,5.0
resnet,mixed,17,clean,CD,12,13,10.855732798576355,12.0
resnet,mixed,17,clean,CD,13,14,12.68661630153656,13.0
resnet,mixed,17,clean,CD,14,32,31.002764344215393,32.0
resnet,mixed,17,clean,HYP,0,748,9.248819492844632,39.0
resnet,mixed,17,clean,HYP,1,76,7.340397223830223,16.0
resnet,mixed,17,clean,HYP,2,50,8.420941218733788,11.0
resnet,mixed,17,clean,HYP,3,22,5.112580329179764,4.0
resnet,mixed,17,clean,HYP,4,21,6.205272614955902,6.0
resnet,mixed,17,clean,HYP,5,11,4.017465442419052,9.0
resnet,mixed,17,clean,HYP,6,10,4.278403222560883,2.0
resnet,mixed,17,clean,HYP,7,7,3.5387837886810303,5.0
resnet,mixed,17,clean,HYP,8,7,4.04658305644989,3.0
resnet,mixed,17,clean,HYP,9,7,4.438741207122803,5.0
resnet,mixed,17,clean,HYP,10,6,4.205076158046722,5.0
resnet,mixed,17,clean,HYP,11,7,5.3100534081459045,5.0
resnet,mixed,17,clean,HYP,12,7,5.8732834458351135,6.0
resnet,mixed,17,clean,HYP,13,7,6.38227379322052,6.0
resnet,mixed,17,clean,HYP,14,14,13.589129567146301,14.0
resnet,mixed,17,primary_joint,NORM,0,183,5.840707116789417,0.0
resnet,mixed,17,primary_joint,NORM,1,107,10.76782389730215,4.0
resnet,mixed,17,primary_joint,NORM,2,80,13.229104563593864,4.0
resnet,mixed,17,primary_joint,NORM,3,60,13.93045674264431,2.0
resnet,mixed,17,primary_joint,NORM,4,51,15.451975375413895,3.0
resnet,mixed,17,primary_joint,NORM,5,40,14.684958815574646,3.0
resnet,mixed,17,primary_joint,NORM,6,54,23.360925793647766,4.0
resnet,mixed,17,primary_joint,NORM,7,39,19.313899636268616,7.0
resnet,mixed,17,primary_joint,NORM,8,59,33.527639985084534,10.0
resnet,mixed,17,primary_joint,NORM,9,49,31.19208985567093,12.0
resnet,mixed,17,primary_joint,NORM,10,64,44.84096705913544,19.0
resnet,mixed,17,primary_joint,NORM,11,79,61.09437268972397,26.0
resnet,mixed,17,primary_joint,NORM,12,113,94.48090845346451,56.0
resnet,mixed,17,primary_joint,NORM,13,185,167.03636902570724,109.0
resnet,mixed,17,primary_joint,NORM,14,837,820.7225078344345,683.0
resnet,mixed,17,primary_joint,MI,0,1527,22.50091930988856,215.0
resnet,mixed,17,primary_joint,MI,1,202,19.09489032626152,69.0
resnet,mixed,17,primary_joint,MI,2,106,17.145974412560463,57.0
resnet,mixed,17,primary_joint,MI,3,44,10.096245229244232,33.0
resnet,mixed,17,primary_joint,MI,4,32,9.656253904104233,21.0
resnet,mixed,17,primary_joint,MI,5,23,8.420391261577606,18.0
resnet,mixed,17,primary_joint,MI,6,22,9.401327222585678,15.0
resnet,mixed,17,primary_joint,MI,7,10,4.946833580732346,5.0
resnet,mixed,17,primary_joint,MI,8,8,4.495938777923584,7.0
resnet,mixed,17,primary_joint,MI,9,7,4.504039227962494,7.0
resnet,mixed,17,primary_joint,MI,10,3,2.117552101612091,3.0
resnet,mixed,17,primary_joint,MI,11,3,2.325629234313965,3.0
resnet,mixed,17,primary_joint,MI,12,5,4.139013707637787,5.0
resnet,mixed,17,primary_joint,MI,13,3,2.6814104318618774,3.0
resnet,mixed,17,primary_joint,MI,14,5,4.702224135398865,5.0
resnet,mixed,17,primary_joint,STTC,0,994,17.7277680853731,42.0
resnet,mixed,17,primary_joint,STTC,1,236,22.53130951523781,41.0
resnet,mixed,17,primary_joint,STTC,2,137,22.624214753508568,29.0
resnet,mixed,17,primary_joint,STTC,3,99,23.008490011096,32.0
resnet,mixed,17,primary_joint,STTC,4,93,27.787963837385178,46.0
resnet,mixed,17,primary_joint,STTC,5,65,23.513407796621323,28.0
resnet,mixed,17,primary_joint,STTC,6,62,27.20686486363411,31.0
resnet,mixed,17,primary_joint,STTC,7,50,24.99224415421486,38.0
resnet,mixed,17,primary_joint,STTC,8,55,31.30287516117096,34.0
resnet,mixed,17,primary_joint,STTC,9,49,30.710692763328552,36.0
resnet,mixed,17,primary_joint,STTC,10,51,35.55863493680954,35.0
resnet,mixed,17,primary_joint,STTC,11,29,22.241433560848236,24.0
resnet,mixed,17,primary_joint,STTC,12,43,35.701272428035736,36.0
resnet,mixed,17,primary_joint,STTC,13,30,26.984248876571655,29.0
resnet,mixed,17,primary_joint,STTC,14,7,6.619615375995636,7.0
resnet,mixed,17,primary_joint,CD,0,1249,32.78672826383263,82.0
resnet,mixed,17,primary_joint,CD,1,293,27.151010371744633,61.0
resnet,mixed,17,primary_joint,CD,2,131,21.154126554727554,55.0
resnet,mixed,17,primary_joint,CD,3,62,14.135324135422707,24.0
resnet,mixed,17,primary_joint,CD,4,37,10.954108715057373,12.0
resnet,mixed,17,primary_joint,CD,5,25,9.083386152982712,11.0
resnet,mixed,17,primary_joint,CD,6,31,13.534718483686447,17.0
resnet,mixed,17,primary_joint,CD,7,25,12.35951891541481,20.0
resnet,mixed,17,primary_joint,CD,8,19,10.840001225471497,13.0
resnet,mixed,17,primary_joint,CD,9,19,11.872382938861847,13.0
resnet,mixed,17,primary_joint,CD,10,20,13.898761868476868,15.0
resnet,mixed,17,primary_joint,CD,11,16,12.325526773929596,16.0
resnet,mixed,17,primary_joint,CD,12,17,14.17585700750351,17.0
resnet,mixed,17,primary_joint,CD,13,27,24.30520462989807,25.0
resnet,mixed,17,primary_joint,CD,14,29,27.988987803459167,29.0
resnet,mixed,17,primary_joint,HYP,0,1511,20.253253371221945,83.0
resnet,mixed,17,primary_joint,HYP,1,179,17.142382577061653,40.0
resnet,mixed,17,primary_joint,HYP,2,77,12.588377982378006,17.0
resnet,mixed,17,primary_joint,HYP,3,36,8.271233528852463,8.0
resnet,mixed,17,primary_joint,HYP,4,32,9.74997541308403,6.0
resnet,mixed,17,primary_joint,HYP,5,26,9.691766142845154,16.0
resnet,mixed,17,primary_joint,HYP,6,29,12.353597491979599,17.0
resnet,mixed,17,primary_joint,HYP,7,17,8.47354805469513,11.0
resnet,mixed,17,primary_joint,HYP,8,17,9.734245598316193,9.0
resnet,mixed,17,primary_joint,HYP,9,16,10.203133642673492,11.0
resnet,mixed,17,primary_joint,HYP,10,14,9.750215232372284,12.0
resnet,mixed,17,primary_joint,HYP,11,12,9.178651750087738,10.0
resnet,mixed,17,primary_joint,HYP,12,10,8.347634136676788,9.0
resnet,mixed,17,primary_joint,HYP,13,4,3.598584830760956,3.0
resnet,mixed,17,primary_joint,HYP,14,20,19.373543918132782,20.0
tcn,clean_only,17,clean,NORM,0,211,6.4083811095915735,2.0
tcn,clean_only,17,clean,NORM,1,89,8.532609477639198,8.0
tcn,clean_only,17,clean,NORM,2,38,6.128724068403244,7.0
tcn,clean_only,17,clean,NORM,3,32,7.347833067178726,9.0
tcn,clean_only,17,clean,NORM,4,29,8.76085850596428,13.0
tcn,clean_only,17,clean,NORM,5,38,13.978370696306229,13.0
tcn,clean_only,17,clean,NORM,6,33,14.326647758483887,17.0
tcn,clean_only,17,clean,NORM,7,24,11.925438672304153,12.0
tcn,clean_only,17,clean,NORM,8,25,14.286143064498901,9.0
tcn,clean_only,17,clean,NORM,9,32,20.195374369621277,17.0
tcn,clean_only,17,clean,NORM,10,29,20.308250725269318,20.0
tcn,clean_only,17,clean,NORM,11,40,30.813228964805603,26.0
tcn,clean_only,17,clean,NORM,12,57,47.61767864227295,38.0
tcn,clean_only,17,clean,NORM,13,90,81.58946031332016,72.0
tcn,clean_only,17,clean,NORM,14,233,225.01077342033386,208.0
tcn,clean_only,17,clean,MI,0,439,13.102854227181524,20.0
tcn,clean_only,17,clean,MI,1,149,14.467016406357288,34.0
tcn,clean_only,17,clean,MI,2,98,16.239004880189896,28.0
tcn,clean_only,17,clean,MI,3,61,13.929407954216003,15.0
tcn,clean_only,17,clean,MI,4,48,14.185850232839584,21.0
tcn,clean_only,17,clean,MI,5,42,15.239398270845413,12.0
tcn,clean_only,17,clean,MI,6,36,15.505989491939545,19.0
tcn,clean_only,17,clean,MI,7,29,14.417276412248611,12.0
tcn,clean_only,17,clean,MI,8,29,16.292872667312622,16.0
tcn,clean_only,17,clean,MI,9,28,17.599116802215576,19.0
tcn,clean_only,17,clean,MI,10,20,14.043910324573517,19.0
tcn,clean_only,17,clean,MI,11,14,10.77860140800476,13.0
tcn,clean_only,17,clean,MI,12,6,4.886779189109802,5.0
tcn,clean_only,17,clean,MI,13,1,0.8859978318214417,0.0
tcn,clean_only,17,clean,MI,14,0,0.0,0.0
tcn,clean_only,17,clean,STTC,0,403,8.13412973517552,6.0
tcn,clean_only,17,clean,STTC,1,73,7.123251676559448,6.0
tcn,clean_only,17,clean,STTC,2,53,8.80054321885109,4.0
tcn,clean_only,17,clean,STTC,3,67,15.837688267230988,7.0
tcn,clean_only,17,clean,STTC,4,36,10.661275386810303,11.0
tcn,clean_only,17,clean,STTC,5,43,15.82870289683342,14.0
tcn,clean_only,17,clean,STTC,6,31,13.658134013414383,12.0
tcn,clean_only,17,clean,STTC,7,39,19.468845039606094,11.0
tcn,clean_only,17,clean,STTC,8,29,16.3498095870018,12.0
tcn,clean_only,17,clean,STTC,9,32,20.12401384115219,17.0
tcn,clean_only,17,clean,STTC,10,25,17.59198522567749,14.0
tcn,clean_only,17,clean,STTC,11,36,27.454225540161133,23.0
tcn,clean_only,17,clean,STTC,12,44,36.51304042339325,32.0
tcn,clean_only,17,clean,STTC,13,66,59.57088053226471,52.0
tcn,clean_only,17,clean,STTC,14,23,21.854844331741333,23.0
tcn,clean_only,17,clean,CD,0,537,16.85860592033714,33.0
tcn,clean_only,17,clean,CD,1,154,14.466498956084251,19.0
tcn,clean_only,17,clean,CD,2,74,12.097973182797432,21.0
tcn,clean_only,17,clean,CD,3,41,9.25203551352024,13.0
tcn,clean_only,17,clean,CD,4,33,10.051848709583282,11.0
tcn,clean_only,17,clean,CD,5,16,5.80133792757988,8.0
tcn,clean_only,17,clean,CD,6,19,8.388071775436401,11.0
tcn,clean_only,17,clean,CD,7,20,9.950143903493881,8.0
tcn,clean_only,17,clean,CD,8,16,9.023231446743011,7.0
tcn,clean_only,17,clean,CD,9,9,5.821621894836426,5.0
tcn,clean_only,17,clean,CD,10,15,10.588341891765594,8.0
tcn,clean_only,17,clean,CD,11,15,11.412288784980774,15.0
tcn,clean_only,17,clean,CD,12,18,14.937700927257538,14.0
tcn,clean_only,17,clean,CD,13,21,18.975499033927917,20.0
tcn,clean_only,17,clean,CD,14,12,11.416830778121948,12.0
tcn,clean_only,17,clean,HYP,0,558,12.025167062529363,25.0
tcn,clean_only,17,clean,HYP,1,138,14.118507914245129,9.0
tcn,clean_only,17,clean,HYP,2,64,10.35805056989193,4.0
tcn,clean_only,17,clean,HYP,3,50,11.732953071594238,7.0
tcn,clean_only,17,clean,HYP,4,27,8.068334132432938,7.0
tcn,clean_only,17,clean,HYP,5,29,10.59816625714302,9.0
tcn,clean_only,17,clean,HYP,6,38,16.285894364118576,13.0
tcn,clean_only,17,clean,HYP,7,16,8.01202791929245,8.0
tcn,clean_only,17,clean,HYP,8,19,10.639725744724274,11.0
tcn,clean_only,17,clean,HYP,9,16,10.165148437023163,9.0
tcn,clean_only,17,clean,HYP,10,10,6.898765206336975,5.0
tcn,clean_only,17,clean,HYP,11,11,8.45328688621521,8.0
tcn,clean_only,17,clean,HYP,12,13,10.839689791202545,11.0
tcn,clean_only,17,clean,HYP,13,8,7.108055055141449,7.0
tcn,clean_only,17,clean,HYP,14,3,2.8457406163215637,3.0
tcn,clean_only,17,primary_joint,NORM,0,177,7.265455571003258,0.0
tcn,clean_only,17,primary_joint,NORM,1,154,14.53332807123661,2.0
tcn,clean_only,17,primary_joint,NORM,2,100,16.613708451390266,4.0
tcn,clean_only,17,primary_joint,NORM,3,99,23.079493775963783,9.0
tcn,clean_only,17,primary_joint,NORM,4,89,26.318117678165436,14.0
tcn,clean_only,17,primary_joint,NORM,5,92,33.85967254638672,31.0
tcn,clean_only,17,primary_joint,NORM,6,71,30.877776384353638,24.0
tcn,clean_only,17,primary_joint,NORM,7,79,39.49547407031059,21.0
tcn,clean_only,17,primary_joint,NORM,8,73,41.242595851421356,36.0
tcn,clean_only,17,primary_joint,NORM,9,93,59.108632028102875,41.0
tcn,clean_only,17,primary_joint,NORM,10,93,65.18948549032211,50.0
tcn,clean_only,17,primary_joint,NORM,11,130,100.22808301448822,82.0
tcn,clean_only,17,primary_joint,NORM,12,147,122.51103585958481,107.0
tcn,clean_only,17,primary_joint,NORM,13,315,284.98027914762497,256.0
tcn,clean_only,17,primary_joint,NORM,14,288,275.16921442747116,265.0
tcn,clean_only,17,primary_joint,MI,0,856,32.01674157753587,43.0
tcn,clean_only,17,primary_joint,MI,1,444,42.1210869923234,89.0
tcn,clean_only,17,primary_joint,MI,2,217,35.51828448474407,80.0
tcn,clean_only,17,primary_joint,MI,3,118,26.980171158909798,42.0
tcn,clean_only,17,primary_joint,MI,4,94,28.21038055419922,39.0
tcn,clean_only,17,primary_joint,MI,5,63,22.75150156021118,29.0
tcn,clean_only,17,primary_joint,MI,6,53,23.038911908864975,32.0
tcn,clean_only,17,primary_joint,MI,7,52,25.788947135210037,24.0
tcn,clean_only,17,primary_joint,MI,8,45,25.486285507678986,38.0
tcn,clean_only,17,primary_joint,MI,9,27,17.12408083677292,24.0
tcn,clean_only,17,primary_joint,MI,10,21,14.757912337779999,17.0
tcn,clean_only,17,primary_joint,MI,11,10,7.68844598531723,9.0
tcn,clean_only,17,primary_joint,MI,12,0,0.0,0.0
tcn,clean_only,17,primary_joint,MI,13,0,0.0,0.0
tcn,clean_only,17,primary_joint,MI,14,0,0.0,0.0
tcn,clean_only,17,primary_joint,STTC,0,737,19.114169203676283,7.0
tcn,clean_only,17,primary_joint,STTC,1,297,28.607616402208805,26.0
tcn,clean_only,17,primary_joint,STTC,2,165,27.40206429362297,25.0
tcn,clean_only,17,primary_joint,STTC,3,145,33.736416444182396,50.0
tcn,clean_only,17,primary_joint,STTC,4,103,30.797523617744446,35.0
tcn,clean_only,17,primary_joint,STTC,5,87,31.92309659719467,37.0
tcn,clean_only,17,primary_joint,STTC,6,80,34.28057020902634,44.0
tcn,clean_only,17,primary_joint,STTC,7,78,38.96325972676277,33.0
tcn,clean_only,17,primary_joint,STTC,8,64,36.25424188375473,34.0
tcn,clean_only,17,primary_joint,STTC,9,58,36.765728771686554,43.0
tcn,clean_only,17,primary_joint,STTC,10,68,47.92711979150772,53.0
tcn,clean_only,17,primary_joint,STTC,11,47,35.777282893657684,38.0
tcn,clean_only,17,primary_joint,STTC,12,40,33.38539260625839,33.0
tcn,clean_only,17,primary_joint,STTC,13,31,27.563248217105865,30.0
tcn,clean_only,17,primary_joint,STTC,14,0,0.0,0.0
tcn,clean_only,17,primary_joint,CD,0,1167,42.53662773501128,81.0
tcn,clean_only,17,primary_joint,CD,1,335,31.131425209343433,49.0
tcn,clean_only,17,primary_joint,CD,2,146,23.865588575601578,62.0
tcn,clean_only,17,primary_joint,CD,3,75,17.299207791686058,41.0
tcn,clean_only,17,primary_joint,CD,4,42,12.524929910898209,16.0
tcn,clean_only,17,primary_joint,CD,5,35,12.57732805609703,14.0
tcn,clean_only,17,primary_joint,CD,6,35,15.00290161371231,16.0
tcn,clean_only,17,primary_joint,CD,7,29,14.31405308842659,12.0
tcn,clean_only,17,primary_joint,CD,8,24,13.657573401927948,18.0
tcn,clean_only,17,primary_joint,CD,9,19,12.085099756717682,17.0
tcn,clean_only,17,primary_joint,CD,10,24,16.83084386587143,22.0
tcn,clean_only,17,primary_joint,CD,11,11,8.533558905124664,7.0
tcn,clean_only,17,primary_joint,CD,12,26,21.7365944981575,24.0
tcn,clean_only,17,primary_joint,CD,13,26,23.34703427553177,25.0
tcn,clean_only,17,primary_joint,CD,14,6,5.72771817445755,6.0
tcn,clean_only,17,primary_joint,HYP,0,1281,26.728995401994325,51.0
tcn,clean_only,17,primary_joint,HYP,1,278,25.516161635518074,34.0
tcn,clean_only,17,primary_joint,HYP,2,96,15.600790321826935,16.0
tcn,clean_only,17,primary_joint,HYP,3,77,17.668107390403748,18.0
tcn,clean_only,17,primary_joint,HYP,4,58,17.217492640018463,22.0
tcn,clean_only,17,primary_joint,HYP,5,40,14.616594970226288,18.0
tcn,clean_only,17,primary_joint,HYP,6,41,17.621984094381332,20.0
tcn,clean_only,17,primary_joint,HYP,7,25,12.326518684625626,13.0
tcn,clean_only,17,primary_joint,HYP,8,22,12.593030989170074,13.0
tcn,clean_only,17,primary_joint,HYP,9,23,14.694391250610352,15.0
tcn,clean_only,17,primary_joint,HYP,10,20,13.963095366954803,18.0
tcn,clean_only,17,primary_joint,HYP,11,17,13.231890320777893,14.0
tcn,clean_only,17,primary_joint,HYP,12,15,12.42946183681488,14.0
tcn,clean_only,17,primary_joint,HYP,13,5,4.522380471229553,4.0
tcn,clean_only,17,primary_joint,HYP,14,2,1.8776236772537231,2.0
tcn,independent_rms,17,clean,NORM,0,207,5.968972742091864,2.0
tcn,independent_rms,17,clean,NORM,1,87,8.380984738469124,7.0
tcn,independent_rms,17,clean,NORM,2,39,6.474786326289177,8.0
tcn,independent_rms,17,clean,NORM,3,29,6.876367658376694,8.0
tcn,independent_rms,17,clean,NORM,4,27,8.143031239509583,13.0
tcn,independent_rms,17,clean,NORM,5,26,9.40178170800209,7.0
tcn,independent_rms,17,clean,NORM,6,32,13.834945976734161,15.0
tcn,independent_rms,17,clean,NORM,7,34,16.914007604122162,16.0
tcn,independent_rms,17,clean,NORM,8,21,12.02869987487793,10.0
tcn,independent_rms,17,clean,NORM,9,29,18.427871882915497,12.0
tcn,independent_rms,17,clean,NORM,10,34,23.796849131584167,17.0
tcn,independent_rms,17,clean,NORM,11,38,29.30965691804886,29.0
tcn,independent_rms,17,clean,NORM,12,52,43.35658669471741,31.0
tcn,independent_rms,17,clean,NORM,13,96,86.64067417383194,78.0
tcn,independent_rms,17,clean,NORM,14,249,240.56553626060486,218.0
tcn,independent_rms,17,clean,MI,0,460,13.565726411528885,27.0
tcn,independent_rms,17,clean,MI,1,142,13.857101358473301,31.0
tcn,independent_rms,17,clean,MI,2,103,16.987562581896782,27.0
tcn,independent_rms,17,clean,MI,3,60,14.0516017973423,20.0
tcn,independent_rms,17,clean,MI,4,46,13.883781760931015,17.0
tcn,independent_rms,17,clean,MI,5,33,12.155810594558716,14.0
tcn,independent_rms,17,clean,MI,6,36,15.571151286363602,17.0
tcn,independent_rms,17,clean,MI,7,28,13.956393390893936,10.0
tcn,independent_rms,17,clean,MI,8,27,15.221825540065765,15.0
tcn,independent_rms,17,clean,MI,9,26,16.25251054763794,21.0
tcn,independent_rms,17,clean,MI,10,20,13.888766467571259,18.0
tcn,independent_rms,17,clean,MI,11,14,10.867010354995728,13.0
tcn,independent_rms,17,clean,MI,12,4,3.2570239305496216,3.0
tcn,independent_rms,17,clean,MI,13,1,0.8823864459991455,0.0
tcn,independent_rms,17,clean,MI,14,0,0.0,0.0
tcn,independent_rms,17,clean,STTC,0,400,8.010504852049053,6.0
tcn,independent_rms,17,clean,STTC,1,76,7.085410967469215,7.0
tcn,independent_rms,17,clean,STTC,2,58,9.73321282863617,4.0
tcn,independent_rms,17,clean,STTC,3,57,13.35881669819355,7.0
tcn,independent_rms,17,clean,STTC,4,42,12.305258929729462,10.0
tcn,independent_rms,17,clean,STTC,5,42,15.210655510425568,11.0
tcn,independent_rms,17,clean,STTC,6,40,17.268046259880066,15.0
tcn,independent_rms,17,clean,STTC,7,31,15.664644092321396,14.0
tcn,independent_rms,17,clean,STTC,8,34,19.156150341033936,13.0
tcn,independent_rms,17,clean,STTC,9,27,17.115545630455017,12.0
tcn,independent_rms,17,clean,STTC,10,29,20.122644901275635,16.0
tcn,independent_rms,17,clean,STTC,11,38,29.122343599796295,26.0
tcn,independent_rms,17,clean,STTC,12,44,36.90074700117111,35.0
tcn,independent_rms,17,clean,STTC,13,61,55.11324495077133,47.0
tcn,independent_rms,17,clean,STTC,14,21,19.91310453414917,21.0
tcn,independent_rms,17,clean,CD,0,548,16.97775466646999,33.0
tcn,independent_rms,17,clean,CD,1,155,14.595732115209103,23.0
tcn,independent_rms,17,clean,CD,2,68,11.074177652597427,20.0
tcn,independent_rms,17,clean,CD,3,39,8.716383710503578,12.0
tcn,independent_rms,17,clean,CD,4,35,10.351295292377472,12.0
tcn,independent_rms,17,clean,CD,5,14,5.193627893924713,8.0
tcn,independent_rms,17,clean,CD,6,19,8.256155580282211,9.0
tcn,independent_rms,17,clean,CD,7,23,11.344628781080246,9.0
tcn,independent_rms,17,clean,CD,8,8,4.485669374465942,5.0
tcn,independent_rms,17,clean,CD,9,13,8.247675001621246,8.0
tcn,independent_rms,17,clean,CD,10,17,11.839052557945251,10.0
tcn,independent_rms,17,clean,CD,11,14,10.73032546043396,13.0
tcn,independent_rms,17,clean,CD,12,18,14.977347910404205,15.0
tcn,independent_rms,17,clean,CD,13,19,17.20613706111908,18.0
tcn,independent_rms,17,clean,CD,14,10,9.509388864040375,10.0
tcn,independent_rms,17,clean,HYP,0,556,11.253476254758425,23.0
tcn,independent_rms,17,clean,HYP,1,126,12.166417092084885,9.0
tcn,independent_rms,17,clean,HYP,2,78,12.367675945162773,5.0
tcn,independent_rms,17,clean,HYP,3,45,10.534215033054352,8.0
tcn,independent_rms,17,clean,HYP,4,31,9.282484769821167,9.0
tcn,independent_rms,17,clean,HYP,5,31,11.38862532377243,8.0
tcn,independent_rms,17,clean,HYP,6,31,13.459770321846008,11.0
tcn,independent_rms,17,clean,HYP,7,19,9.397316247224808,9.0
tcn,independent_rms,17,clean,HYP,8,20,11.431474804878235,10.0
tcn,independent_rms,17,clean,HYP,9,17,10.822415590286255,9.0
tcn,independent_rms,17,clean,HYP,10,10,6.941076636314392,7.0
tcn,independent_rms,17,clean,HYP,11,8,6.080107092857361,5.0
tcn,independent_rms,17,clean,HYP,12,16,13.29355275630951,12.0
tcn,independent_rms,17,clean,HYP,13,9,8.042551040649414,8.0
tcn,independent_rms,17,clean,HYP,14,3,2.84962397813797,3.0
tcn,independent_rms,17,primary_joint,NORM,0,186,7.372566094622016,0.0
tcn,independent_rms,17,primary_joint,NORM,1,134,12.72103675454855,2.0
tcn,independent_rms,17,primary_joint,NORM,2,88,14.639207035303116,4.0
tcn,independent_rms,17,primary_joint,NORM,3,81,18.953667014837265,6.0
tcn,independent_rms,17,primary_joint,NORM,4,85,25.53775390982628,11.0
tcn,independent_rms,17,primary_joint,NORM,5,70,25.720580965280533,20.0
tcn,independent_rms,17,primary_joint,NORM,6,71,30.670057147741318,20.0
tcn,independent_rms,17,primary_joint,NORM,7,78,38.570191502571106,27.0
tcn,independent_rms,17,primary_joint,NORM,8,77,43.53517109155655,26.0
tcn,independent_rms,17,primary_joint,NORM,9,77,48.88507801294327,29.0
tcn,independent_rms,17,primary_joint,NORM,10,95,66.58490681648254,44.0
tcn,independent_rms,17,primary_joint,NORM,11,118,90.77369982004166,69.0
tcn,independent_rms,17,primary_joint,NORM,12,171,142.85865104198456,119.0
tcn,independent_rms,17,primary_joint,NORM,13,313,283.84967839717865,248.0
tcn,independent_rms,17,primary_joint,NORM,14,356,340.5963097214699,317.0
tcn,independent_rms,17,primary_joint,MI,0,959,34.7846242217347,62.0
tcn,independent_rms,17,primary_joint,MI,1,411,38.92892513424158,99.0
tcn,independent_rms,17,primary_joint,MI,2,211,34.27700364589691,74.0
tcn,independent_rms,17,primary_joint,MI,3,96,22.218711778521538,41.0
tcn,independent_rms,17,primary_joint,MI,4,81,24.27130886912346,33.0
tcn,independent_rms,17,primary_joint,MI,5,58,21.048750013113022,30.0
tcn,independent_rms,17,primary_joint,MI,6,52,22.57521966099739,28.0
tcn,independent_rms,17,primary_joint,MI,7,52,26.028026223182678,31.0
tcn,independent_rms,17,primary_joint,MI,8,34,19.166723430156708,31.0
tcn,independent_rms,17,primary_joint,MI,9,20,12.636781930923462,15.0
tcn,independent_rms,17,primary_joint,MI,10,16,11.150069892406464,13.0
tcn,independent_rms,17,primary_joint,MI,11,10,7.518870294094086,9.0
tcn,independent_rms,17,primary_joint,MI,12,0,0.0,0.0
tcn,independent_rms,17,primary_joint,MI,13,0,0.0,0.0
tcn,independent_rms,17,primary_joint,MI,14,0,0.0,0.0
tcn,independent_rms,17,primary_joint,STTC,0,786,20.673490857239813,12.0
tcn,independent_rms,17,primary_joint,STTC,1,267,25.201453864574432,30.0
tcn,independent_rms,17,primary_joint,STTC,2,182,30.037822782993317,37.0
tcn,independent_rms,17,primary_joint,STTC,3,125,29.066684871912003,31.0
tcn,independent_rms,17,primary_joint,STTC,4,108,32.13138273358345,39.0
tcn,independent_rms,17,primary_joint,STTC,5,93,34.193363904953,43.0
tcn,independent_rms,17,primary_joint,STTC,6,66,28.50293380022049,33.0
tcn,independent_rms,17,primary_joint,STTC,7,82,40.874390721321106,41.0
tcn,independent_rms,17,primary_joint,STTC,8,64,36.08959823846817,35.0
tcn,independent_rms,17,primary_joint,STTC,9,60,38.03275364637375,48.0
tcn,independent_rms,17,primary_joint,STTC,10,58,40.68597561120987,47.0
tcn,independent_rms,17,primary_joint,STTC,11,48,36.672555446624756,38.0
tcn,independent_rms,17,primary_joint,STTC,12,38,31.881400287151337,31.0
tcn,independent_rms,17,primary_joint,STTC,13,23,20.38738089799881,23.0
tcn,independent_rms,17,primary_joint,STTC,14,0,0.0,0.0
tcn,independent_rms,17,primary_joint,CD,0,1225,43.30904105864465,90.0
tcn,independent_rms,17,primary_joint,CD,1,313,29.377862066030502,54.0
tcn,independent_rms,17,primary_joint,CD,2,136,21.89764577150345,62.0
tcn,independent_rms,17,primary_joint,CD,3,64,14.689524427056313,35.0
tcn,independent_rms,17,primary_joint,CD,4,47,13.957982212305069,18.0
tcn,independent_rms,17,primary_joint,CD,5,35,12.868425339460373,12.0
tcn,independent_rms,17,primary_joint,CD,6,28,12.064789772033691,13.0
tcn,independent_rms,17,primary_joint,CD,7,24,11.862381339073181,11.0
tcn,independent_rms,17,primary_joint,CD,8,26,14.672906756401062,23.0
tcn,independent_rms,17,primary_joint,CD,9,18,11.406706273555756,16.0
tcn,independent_rms,17,primary_joint,CD,10,16,11.105929434299469,13.0
tcn,independent_rms,17,primary_joint,CD,11,18,13.847810983657837,16.0
tcn,independent_rms,17,primary_joint,CD,12,24,20.098713099956512,22.0
tcn,independent_rms,17,primary_joint,CD,13,20,17.941891133785248,19.0
tcn,independent_rms,17,primary_joint,CD,14,6,5.719679653644562,6.0
tcn,independent_rms,17,primary_joint,HYP,0,1296,26.381116717937402,54.0
tcn,independent_rms,17,primary_joint,HYP,1,263,24.209545135498047,26.0
tcn,independent_rms,17,primary_joint,HYP,2,88,14.087715163826942,19.0
tcn,independent_rms,17,primary_joint,HYP,3,81,18.701545804739,19.0
tcn,independent_rms,17,primary_joint,HYP,4,56,16.647015154361725,22.0
tcn,independent_rms,17,primary_joint,HYP,5,49,17.890015095472336,20.0
tcn,independent_rms,17,primary_joint,HYP,6,28,12.14278894662857,15.0
tcn,independent_rms,17,primary_joint,HYP,7,30,15.089042395353317,15.0
tcn,independent_rms,17,primary_joint,HYP,8,14,7.939259171485901,7.0
tcn,independent_rms,17,primary_joint,HYP,9,25,15.732305705547333,16.0
tcn,independent_rms,17,primary_joint,HYP,10,24,16.69598251581192,20.0
tcn,independent_rms,17,primary_joint,HYP,11,17,13.075811326503754,13.0
tcn,independent_rms,17,primary_joint,HYP,12,20,16.5601207613945,19.0
tcn,independent_rms,17,primary_joint,HYP,13,7,6.301451861858368,5.0
tcn,independent_rms,17,primary_joint,HYP,14,2,1.8848059177398682,2.0
tcn,electrode,17,clean,NORM,0,215,6.516403690446168,2.0
tcn,electrode,17,clean,NORM,1,85,7.9980299025774,8.0
tcn,electrode,17,clean,NORM,2,39,6.2494891583919525,8.0
tcn,electrode,17,clean,NORM,3,35,8.046665415167809,13.0
tcn,electrode,17,clean,NORM,4,29,8.76102414727211,10.0
tcn,electrode,17,clean,NORM,5,39,14.463997542858124,16.0
tcn,electrode,17,clean,NORM,6,30,13.11863198876381,15.0
tcn,electrode,17,clean,NORM,7,26,12.97527003288269,11.0
tcn,electrode,17,clean,NORM,8,23,13.051209926605225,11.0
tcn,electrode,17,clean,NORM,9,29,18.34527552127838,12.0
tcn,electrode,17,clean,NORM,10,33,23.04637336730957,24.0
tcn,electrode,17,clean,NORM,11,40,30.729482889175415,24.0
tcn,electrode,17,clean,NORM,12,54,45.044727981090546,39.0
tcn,electrode,17,clean,NORM,13,95,85.82384443283081,76.0
tcn,electrode,17,clean,NORM,14,228,220.0643117427826,202.0
tcn,electrode,17,clean,MI,0,425,13.108161140233278,21.0
tcn,electrode,17,clean,MI,1,142,13.795896701514721,31.0
tcn,electrode,17,clean,MI,2,100,16.4484740793705,27.0
tcn,electrode,17,clean,MI,3,72,16.52939508855343,15.0
tcn,electrode,17,clean,MI,4,50,15.062860071659088,21.0
tcn,electrode,17,clean,MI,5,40,14.674620240926743,15.0
tcn,electrode,17,clean,MI,6,38,16.48980575799942,16.0
tcn,electrode,17,clean,MI,7,32,15.933050721883774,14.0
tcn,electrode,17,clean,MI,8,30,16.944456696510315,14.0
tcn,electrode,17,clean,MI,9,30,18.935839772224426,23.0
tcn,electrode,17,clean,MI,10,21,14.772801399230957,20.0
tcn,electrode,17,clean,MI,11,14,10.838425993919373,12.0
tcn,electrode,17,clean,MI,12,5,4.074139654636383,4.0
tcn,electrode,17,clean,MI,13,1,0.8813066482543945,0.0
tcn,electrode,17,clean,MI,14,0,0.0,0.0
tcn,electrode,17,clean,STTC,0,407,8.066625150153413,6.0
tcn,electrode,17,clean,STTC,1,76,7.249647952616215,7.0
tcn,electrode,17,clean,STTC,2,57,9.575189381837845,3.0
tcn,electrode,17,clean,STTC,3,65,15.239835545420647,8.0
tcn,electrode,17,clean,STTC,4,41,12.250732064247131,14.0
tcn,electrode,17,clean,STTC,5,37,13.578673601150513,10.0
tcn,electrode,17,clean,STTC,6,40,17.346670746803284,18.0
tcn,electrode,17,clean,STTC,7,34,17.01357814669609,8.0
tcn,electrode,17,clean,STTC,8,33,18.843260049819946,18.0
tcn,electrode,17,clean,STTC,9,24,15.242995023727417,12.0
tcn,electrode,17,clean,STTC,10,27,19.005903959274292,16.0
tcn,electrode,17,clean,STTC,11,37,28.258594810962677,27.0
tcn,electrode,17,clean,STTC,12,41,34.24489098787308,29.0
tcn,electrode,17,clean,STTC,13,61,55.225349843502045,48.0
tcn,electrode,17,clean,STTC,14,20,19.02110767364502,20.0
tcn,electrode,17,clean,CD,0,513,16.918947907164693,32.0
tcn,electrode,17,clean,CD,1,159,15.198497489094734,17.0
tcn,electrode,17,clean,CD,2,73,11.851337105035782,19.0
tcn,electrode,17,clean,CD,3,49,11.257958814501762,13.0
tcn,electrode,17,clean,CD,4,29,8.727770298719406,10.0
tcn,electrode,17,clean,CD,5,24,8.566368848085403,9.0
tcn,electrode,17,clean,CD,6,18,7.867117345333099,10.0
tcn,electrode,17,clean,CD,7,20,10.020900636911392,11.0
tcn,electrode,17,clean,CD,8,20,11.143448948860168,6.0
tcn,electrode,17,clean,CD,9,6,3.7228625416755676,5.0
tcn,electrode,17,clean,CD,10,19,13.173214137554169,11.0
tcn,electrode,17,clean,CD,11,17,12.929115176200867,14.0
tcn,electrode,17,clean,CD,12,19,15.791992843151093,15.0
tcn,electrode,17,clean,CD,13,23,20.76590347290039,22.0
tcn,electrode,17,clean,CD,14,11,10.482381582260132,11.0
tcn,electrode,17,clean,HYP,0,550,11.753048474900424,24.0
tcn,electrode,17,clean,HYP,1,139,13.865901246666908,9.0
tcn,electrode,17,clean,HYP,2,72,11.54289199411869,5.0
tcn,electrode,17,clean,HYP,3,47,10.899100676178932,7.0
tcn,electrode,17,clean,HYP,4,31,9.259454905986786,7.0
tcn,electrode,17,clean,HYP,5,31,11.395874232053757,11.0
tcn,electrode,17,clean,HYP,6,33,14.093634217977524,10.0
tcn,electrode,17,clean,HYP,7,19,9.482535183429718,11.0
tcn,electrode,17,clean,HYP,8,19,10.638420939445496,9.0
tcn,electrode,17,clean,HYP,9,18,11.530510783195496,12.0
tcn,electrode,17,clean,HYP,10,7,4.873928248882294,3.0
tcn,electrode,17,clean,HYP,11,11,8.487791061401367,9.0
tcn,electrode,17,clean,HYP,12,12,9.969310760498047,9.0
tcn,electrode,17,clean,HYP,13,8,7.082722544670105,7.0
tcn,electrode,17,clean,HYP,14,3,2.8409658074378967,3.0
tcn,electrode,17,primary_joint,NORM,0,212,8.320131841115654,0.0
tcn,electrode,17,primary_joint,NORM,1,155,14.773083329200745,3.0
tcn,electrode,17,primary_joint,NORM,2,109,18.008533626794815,7.0
tcn,electrode,17,primary_joint,NORM,3,114,26.250809714198112,14.0
tcn,electrode,17,primary_joint,NORM,4,82,24.73362025618553,25.0
tcn,electrode,17,primary_joint,NORM,5,75,27.09296351671219,26.0
tcn,electrode,17,primary_joint,NORM,6,82,35.47877809405327,22.0
tcn,electrode,17,primary_joint,NORM,7,75,37.31935206055641,29.0
tcn,electrode,17,primary_joint,NORM,8,73,41.61753100156784,33.0
tcn,electrode,17,primary_joint,NORM,9,95,59.846459686756134,44.0
tcn,electrode,17,primary_joint,NORM,10,86,60.238105833530426,54.0
tcn,electrode,17,primary_joint,NORM,11,122,93.6801900267601,79.0
tcn,electrode,17,primary_joint,NORM,12,157,130.98259031772614,120.0
tcn,electrode,17,primary_joint,NORM,13,297,268.53042018413544,242.0
tcn,electrode,17,primary_joint,NORM,14,266,254.01376509666443,244.0
tcn,electrode,17,primary_joint,MI,0,782,30.075625487603247,33.0
tcn,electrode,17,primary_joint,MI,1,442,42.17298894375563,78.0
tcn,electrode,17,primary_joint,MI,2,240,39.38626427948475,79.0
tcn,electrode,17,primary_joint,MI,3,138,31.744948774576187,52.0
tcn,electrode,17,primary_joint,MI,4,89,26.71379029750824,36.0
tcn,electrode,17,primary_joint,MI,5,82,30.02104762196541,34.0
tcn,electrode,17,primary_joint,MI,6,53,22.957887709140778,30.0
tcn,electrode,17,primary_joint,MI,7,58,29.042985945940018,27.0
tcn,electrode,17,primary_joint,MI,8,49,27.70279484987259,39.0
tcn,electrode,17,primary_joint,MI,9,29,18.263235986232758,27.0
tcn,electrode,17,primary_joint,MI,10,26,18.23507970571518,21.0
tcn,electrode,17,primary_joint,MI,11,12,9.186670660972595,10.0
tcn,electrode,17,primary_joint,MI,12,0,0.0,0.0
tcn,electrode,17,primary_joint,MI,13,0,0.0,0.0
tcn,electrode,17,primary_joint,MI,14,0,0.0,0.0
tcn,electrode,17,primary_joint,STTC,0,724,18.737768129445612,7.0
tcn,electrode,17,primary_joint,STTC,1,285,27.380280874669552,25.0
tcn,electrode,17,primary_joint,STTC,2,164,27.18321467936039,18.0
tcn,electrode,17,primary_joint,STTC,3,141,32.883713737130165,46.0
tcn,electrode,17,primary_joint,STTC,4,103,30.562919050455093,31.0
tcn,electrode,17,primary_joint,STTC,5,95,34.57810753583908,43.0
tcn,electrode,17,primary_joint,STTC,6,82,35.561774998903275,37.0
tcn,electrode,17,primary_joint,STTC,7,75,37.44606286287308,38.0
tcn,electrode,17,primary_joint,STTC,8,68,38.43995118141174,34.0
tcn,electrode,17,primary_joint,STTC,9,57,36.365347027778625,40.0
tcn,electrode,17,primary_joint,STTC,10,55,38.66169500350952,44.0
tcn,electrode,17,primary_joint,STTC,11,69,52.69908881187439,53.0
tcn,electrode,17,primary_joint,STTC,12,43,36.073108434677124,34.0
tcn,electrode,17,primary_joint,STTC,13,38,33.90118819475174,37.0
tcn,electrode,17,primary_joint,STTC,14,1,0.9333844780921936,1.0
tcn,electrode,17,primary_joint,CD,0,1082,40.859811229631305,75.0
tcn,electrode,17,primary_joint,CD,1,374,34.658434465527534,48.0
tcn,electrode,17,primary_joint,CD,2,155,25.342210188508034,46.0
tcn,electrode,17,primary_joint,CD,3,85,19.32802450656891,48.0
tcn,electrode,17,primary_joint,CD,4,54,16.23798370361328,28.0
tcn,electrode,17,primary_joint,CD,5,36,13.047707170248032,10.0
tcn,electrode,17,primary_joint,CD,6,37,15.94630691409111,16.0
tcn,electrode,17,primary_joint,CD,7,28,14.022353291511536,13.0
tcn,electrode,17,primary_joint,CD,8,26,14.835960328578949,16.0
tcn,electrode,17,primary_joint,CD,9,23,14.49943208694458,19.0
tcn,electrode,17,primary_joint,CD,10,25,17.490979969501495,23.0
tcn,electrode,17,primary_joint,CD,11,14,10.690826833248138,10.0
tcn,electrode,17,primary_joint,CD,12,26,21.76343297958374,25.0
tcn,electrode,17,primary_joint,CD,13,28,25.123410403728485,26.0
tcn,electrode,17,primary_joint,CD,14,7,6.673754274845123,7.0
tcn,electrode,17,primary_joint,HYP,0,1243,26.96825812687166,50.0
tcn,electrode,17,primary_joint,HYP,1,293,27.53685572743416,31.0
tcn,electrode,17,primary_joint,HYP,2,99,15.967765152454376,16.0
tcn,electrode,17,primary_joint,HYP,3,82,18.979513213038445,17.0
tcn,electrode,17,primary_joint,HYP,4,58,17.344913959503174,21.0
tcn,electrode,17,primary_joint,HYP,5,46,16.821618854999542,16.0
tcn,electrode,17,primary_joint,HYP,6,40,17.3033949136734,22.0
tcn,electrode,17,primary_joint,HYP,7,32,15.849313765764236,17.0
tcn,electrode,17,primary_joint,HYP,8,20,11.472766876220703,14.0
tcn,electrode,17,primary_joint,HYP,9,24,15.334238946437836,15.0
tcn,electrode,17,primary_joint,HYP,10,22,15.352165818214417,16.0
tcn,electrode,17,primary_joint,HYP,11,14,10.79916101694107,12.0
tcn,electrode,17,primary_joint,HYP,12,18,14.835212409496307,18.0
tcn,electrode,17,primary_joint,HYP,13,7,6.287836015224457,5.0
tcn,electrode,17,primary_joint,HYP,14,2,1.8826267719268799,2.0
tcn,mixed,17,clean,NORM,0,230,6.800469943787903,3.0
tcn,mixed,17,clean,NORM,1,88,8.367214389145374,11.0
tcn,mixed,17,clean,NORM,2,36,5.994054839015007,8.0
tcn,mixed,17,clean,NORM,3,32,7.369069650769234,13.0
tcn,mixed,17,clean,NORM,4,38,11.441665202379227,12.0
tcn,mixed,17,clean,NORM,5,38,13.862591594457626,19.0
tcn,mixed,17,clean,NORM,6,29,12.655045986175537,14.0
tcn,mixed,17,clean,NORM,7,19,9.504663914442062,9.0
tcn,mixed,17,clean,NORM,8,30,16.974312663078308,11.0
tcn,mixed,17,clean,NORM,9,25,15.707077503204346,18.0
tcn,mixed,17,clean,NORM,10,32,22.291939973831177,22.0
tcn,mixed,17,clean,NORM,11,42,32.15943419933319,24.0
tcn,mixed,17,clean,NORM,12,55,46.12014198303223,42.0
tcn,mixed,17,clean,NORM,13,85,76.87062412500381,67.0
tcn,mixed,17,clean,NORM,14,221,213.328939974308,198.0
tcn,mixed,17,clean,MI,0,409,12.432495846413076,18.0
tcn,mixed,17,clean,MI,1,149,14.611049368977547,30.0
tcn,mixed,17,clean,MI,2,95,16.147347047924995,24.0
tcn,mixed,17,clean,MI,3,68,15.669049441814423,17.0
tcn,mixed,17,clean,MI,4,56,16.862762719392776,19.0
tcn,mixed,17,clean,MI,5,35,12.762717545032501,15.0
tcn,mixed,17,clean,MI,6,48,20.76333239674568,19.0
tcn,mixed,17,clean,MI,7,31,15.528316527605057,14.0
tcn,mixed,17,clean,MI,8,32,18.16940075159073,15.0
tcn,mixed,17,clean,MI,9,27,17.151703596115112,17.0
tcn,mixed,17,clean,MI,10,23,16.12459921836853,22.0
tcn,mixed,17,clean,MI,11,17,13.04192590713501,15.0
tcn,mixed,17,clean,MI,12,9,7.393035650253296,8.0
tcn,mixed,17,clean,MI,13,1,0.8990033268928528,0.0
tcn,mixed,17,clean,MI,14,0,0.0,0.0
tcn,mixed,17,clean,STTC,0,387,7.851740546058863,5.0
tcn,mixed,17,clean,STTC,1,84,8.04775806516409,6.0
tcn,mixed,17,clean,STTC,2,52,8.536091819405556,3.0
tcn,mixed,17,clean,STTC,3,62,14.341178625822067,8.0
tcn,mixed,17,clean,STTC,4,47,13.922407746315002,12.0
tcn,mixed,17,clean,STTC,5,41,14.939387083053589,12.0
tcn,mixed,17,clean,STTC,6,35,15.2439503967762,11.0
tcn,mixed,17,clean,STTC,7,43,21.629664182662964,15.0
tcn,mixed,17,clean,STTC,8,27,15.44526869058609,15.0
tcn,mixed,17,clean,STTC,9,31,19.617807507514954,15.0
tcn,mixed,17,clean,STTC,10,25,17.61754935979843,14.0
tcn,mixed,17,clean,STTC,11,40,30.678223967552185,27.0
tcn,mixed,17,clean,STTC,12,42,35.073063015937805,30.0
tcn,mixed,17,clean,STTC,13,62,56.04149168729782,49.0
tcn,mixed,17,clean,STTC,14,22,20.890670835971832,22.0
tcn,mixed,17,clean,CD,0,510,16.595549123827368,32.0
tcn,mixed,17,clean,CD,1,160,15.226645916700363,17.0
tcn,mixed,17,clean,CD,2,72,11.670140281319618,17.0
tcn,mixed,17,clean,CD,3,48,11.008794248104095,14.0
tcn,mixed,17,clean,CD,4,27,7.8580291867256165,8.0
tcn,mixed,17,clean,CD,5,30,10.643106818199158,15.0
tcn,mixed,17,clean,CD,6,15,6.511167675256729,6.0
tcn,mixed,17,clean,CD,7,25,12.56935852766037,14.0
tcn,mixed,17,clean,CD,8,18,10.172029852867126,5.0
tcn,mixed,17,clean,CD,9,7,4.4017094373703,4.0
tcn,mixed,17,clean,CD,10,17,11.857510566711426,10.0
tcn,mixed,17,clean,CD,11,18,13.747172117233276,15.0
tcn,mixed,17,clean,CD,12,18,14.965772271156311,15.0
tcn,mixed,17,clean,CD,13,23,20.77769249677658,21.0
tcn,mixed,17,clean,CD,14,12,11.418681144714355,12.0
tcn,mixed,17,clean,HYP,0,549,11.753398580476642,24.0
tcn,mixed,17,clean,HYP,1,135,13.459456250071526,9.0
tcn,mixed,17,clean,HYP,2,75,12.062111422419548,5.0
tcn,mixed,17,clean,HYP,3,48,11.259325593709946,8.0
tcn,mixed,17,clean,HYP,4,31,9.328669100999832,6.0
tcn,mixed,17,clean,HYP,5,30,11.122548818588257,12.0
tcn,mixed,17,clean,HYP,6,37,15.940207839012146,11.0
tcn,mixed,17,clean,HYP,7,13,6.4750228226184845,7.0
tcn,mixed,17,clean,HYP,8,21,11.7472043633461,10.0
tcn,mixed,17,clean,HYP,9,14,8.848475277423859,9.0
tcn,mixed,17,clean,HYP,10,13,8.951072216033936,7.0
tcn,mixed,17,clean,HYP,11,9,6.882209360599518,8.0
tcn,mixed,17,clean,HYP,12,14,11.61949098110199,10.0
tcn,mixed,17,clean,HYP,13,8,7.1195037961006165,7.0
tcn,mixed,17,clean,HYP,14,3,2.8464096784591675,3.0
tcn,mixed,17,primary_joint,NORM,0,235,9.016769907437265,0.0
tcn,mixed,17,primary_joint,NORM,1,159,15.330544397234917,5.0
tcn,mixed,17,primary_joint,NORM,2,127,21.278238609433174,9.0
tcn,mixed,17,primary_joint,NORM,3,106,24.435369729995728,18.0
tcn,mixed,17,primary_joint,NORM,4,93,28.094987392425537,29.0
tcn,mixed,17,primary_joint,NORM,5,77,28.47542980313301,27.0
tcn,mixed,17,primary_joint,NORM,6,82,35.488257735967636,26.0
tcn,mixed,17,primary_joint,NORM,7,65,32.705004811286926,30.0
tcn,mixed,17,primary_joint,NORM,8,91,51.80234080553055,39.0
tcn,mixed,17,primary_joint,NORM,9,82,51.88479232788086,46.0
tcn,mixed,17,primary_joint,NORM,10,96,67.74693435430527,63.0
tcn,mixed,17,primary_joint,NORM,11,123,94.47072744369507,81.0
tcn,mixed,17,primary_joint,NORM,12,140,117.27929282188416,111.0
tcn,mixed,17,primary_joint,NORM,13,290,261.8970755338669,243.0
tcn,mixed,17,primary_joint,NORM,14,234,223.4251326918602,215.0
tcn,mixed,17,primary_joint,MI,0,750,28.800391315482557,28.0
tcn,mixed,17,primary_joint,MI,1,448,42.7910500317812,76.0
tcn,mixed,17,primary_joint,MI,2,236,38.6831301599741,77.0
tcn,mixed,17,primary_joint,MI,3,149,34.005511432886124,55.0
tcn,mixed,17,primary_joint,MI,4,84,24.83174616098404,31.0
tcn,mixed,17,primary_joint,MI,5,92,33.551939100027084,37.0
tcn,mixed,17,primary_joint,MI,6,56,24.150852024555206,31.0
tcn,mixed,17,primary_joint,MI,7,57,28.381027579307556,25.0
tcn,mixed,17,primary_joint,MI,8,45,25.256554186344147,32.0
tcn,mixed,17,primary_joint,MI,9,38,23.858676254749298,37.0
tcn,mixed,17,primary_joint,MI,10,27,18.868802309036255,22.0
tcn,mixed,17,primary_joint,MI,11,16,12.210287630558014,14.0
tcn,mixed,17,primary_joint,MI,12,2,1.6027762293815613,1.0
tcn,mixed,17,primary_joint,MI,13,0,0.0,0.0
tcn,mixed,17,primary_joint,MI,14,0,0.0,0.0
tcn,mixed,17,primary_joint,STTC,0,685,18.833871664013714,4.0
tcn,mixed,17,primary_joint,STTC,1,274,27.099881544709206,22.0
tcn,mixed,17,primary_joint,STTC,2,174,28.419705867767334,19.0
tcn,mixed,17,primary_joint,STTC,3,139,32.27115486562252,36.0
tcn,mixed,17,primary_joint,STTC,4,114,33.91409716010094,36.0
tcn,mixed,17,primary_joint,STTC,5,95,34.76446834206581,39.0
tcn,mixed,17,primary_joint,STTC,6,87,37.6091311275959,41.0
tcn,mixed,17,primary_joint,STTC,7,74,36.90450805425644,32.0
tcn,mixed,17,primary_joint,STTC,8,78,44.19008952379227,41.0
tcn,mixed,17,primary_joint,STTC,9,49,30.952451765537262,31.0
tcn,mixed,17,primary_joint,STTC,10,73,51.0588703751564,57.0
tcn,mixed,17,primary_joint,STTC,11,70,53.58870768547058,54.0
tcn,mixed,17,primary_joint,STTC,12,45,37.58174246549606,35.0
tcn,mixed,17,primary_joint,STTC,13,42,37.44281107187271,40.0
tcn,mixed,17,primary_joint,STTC,14,1,0.9345369935035706,1.0
tcn,mixed,17,primary_joint,CD,0,1067,40.23856112919748,73.0
tcn,mixed,17,primary_joint,CD,1,392,36.43585166335106,50.0
tcn,mixed,17,primary_joint,CD,2,145,23.97642296552658,49.0
tcn,mixed,17,primary_joint,CD,3,89,20.15484781563282,45.0
tcn,mixed,17,primary_joint,CD,4,59,17.5993073284626,30.0
tcn,mixed,17,primary_joint,CD,5,37,13.641665756702423,11.0
tcn,mixed,17,primary_joint,CD,6,34,14.860778480768204,13.0
tcn,mixed,17,primary_joint,CD,7,30,15.08497029542923,16.0
tcn,mixed,17,primary_joint,CD,8,22,12.529045045375824,12.0
tcn,mixed,17,primary_joint,CD,9,25,15.737344026565552,20.0
tcn,mixed,17,primary_joint,CD,10,25,17.585829079151154,23.0
tcn,mixed,17,primary_joint,CD,11,14,10.712657809257507,10.0
tcn,mixed,17,primary_joint,CD,12,25,20.968053340911865,24.0
tcn,mixed,17,primary_joint,CD,13,29,26.01885849237442,27.0
tcn,mixed,17,primary_joint,CD,14,7,6.6758968234062195,7.0
tcn,mixed,17,primary_joint,HYP,0,1215,26.673292234307155,50.0
tcn,mixed,17,primary_joint,HYP,1,297,28.151339426636696,27.0
tcn,mixed,17,primary_joint,HYP,2,110,17.890605479478836,17.0
tcn,mixed,17,primary_joint,HYP,3,72,16.69965234398842,14.0
tcn,mixed,17,primary_joint,HYP,4,66,19.695394724607468,21.0
tcn,mixed,17,primary_joint,HYP,5,45,16.356851488351822,16.0
tcn,mixed,17,primary_joint,HYP,6,42,18.115119069814682,21.0
tcn,mixed,17,primary_joint,HYP,7,37,18.421688616275787,20.0
tcn,mixed,17,primary_joint,HYP,8,19,10.656870663166046,9.0
tcn,mixed,17,primary_joint,HYP,9,24,15.204778015613556,17.0
tcn,mixed,17,primary_joint,HYP,10,27,18.8656564950943,20.0
tcn,mixed,17,primary_joint,HYP,11,13,9.879468142986298,11.0
tcn,mixed,17,primary_joint,HYP,12,24,19.883288860321045,22.0
tcn,mixed,17,primary_joint,HYP,13,7,6.328749418258667,5.0
tcn,mixed,17,primary_joint,HYP,14,2,1.8878582119941711,2.0
