analysis,phase,model,strategy,source_id,matrix_family,band_id,snr,metric,outcome,estimate,seed_sd,seed_n,patient_ci_low,patient_ci_high,n_bootstrap,n_invalid,noise_sd,random_matrix_sd
snr,phase2,resnet,clean_only,standard,standard,legacy_0p5_40,20,macro_auroc,structure_effect,-0.0002802838726936541,0.00015370039264766007,5,-0.0004946434726768745,-6.788971393713764e-05,2000,0,0.00017008337610769232,
snr,phase2,resnet,clean_only,standard,standard,legacy_0p5_40,20,macro_f1,structure_effect,-0.0006285833296542309,0.0016429295829654734,5,-0.001619925009636194,0.00035034375027498946,2000,0,0.0011294153487879154,
snr,phase2,resnet,clean_only,standard,standard,legacy_0p5_40,20,ece,structure_effect,4.2930036072001686e-05,0.0012435613634512413,5,-0.0006146584259039211,0.0006531314641301577,2000,0,0.0006256237531311764,
snr,phase2,resnet,clean_only,standard,standard,legacy_0p5_40,15,macro_auroc,structure_effect,-0.0007787344111068073,0.00038794188291869247,5,-0.0011390456538469046,-0.0004067352707466499,2000,0,0.00026079520923253145,
snr,phase2,resnet,clean_only,standard,standard,legacy_0p5_40,15,macro_f1,structure_effect,-0.002311886389714579,0.0012725145715424637,5,-0.0036255468462276204,-0.0010888691594098943,2000,0,0.0018378069070208473,
snr,phase2,resnet,clean_only,standard,standard,legacy_0p5_40,15,ece,structure_effect,-0.0003005406864062046,0.0022578774976787347,5,-0.0009008301839363075,0.0009276204767248721,2000,0,0.0003600415749500649,
snr,phase2,resnet,clean_only,standard,standard,legacy_0p5_40,10,macro_auroc,structure_effect,-0.0022215169308200666,0.000977182528044878,5,-0.002860193154564862,-0.0015842261342791561,2000,0,0.0003308157501714958,
snr,phase2,resnet,clean_only,standard,standard,legacy_0p5_40,10,macro_f1,structure_effect,-0.005580907604491458,0.0026967048999321616,5,-0.007380571855982165,-0.0038505933220183736,2000,0,0.002664453387352278,
snr,phase2,resnet,clean_only,standard,standard,legacy_0p5_40,10,ece,structure_effect,0.005814185376402911,0.0024724674986435404,5,0.00365901310449451,0.0065563982152023375,2000,0,0.0002973019703034824,
snr,phase2,resnet,clean_only,standard,standard,legacy_0p5_40,5,macro_auroc,structure_effect,-0.007202593429320369,0.0024664097567836767,5,-0.008382417189491481,-0.006059514831760616,2000,0,0.0005027483455463776,
snr,phase2,resnet,clean_only,standard,standard,legacy_0p5_40,5,macro_f1,structure_effect,-0.024618474802297553,0.004394254793487531,5,-0.0275729421003393,-0.021608374032208555,2000,0,0.0022786211884003624,
snr,phase2,resnet,clean_only,standard,standard,legacy_0p5_40,5,ece,structure_effect,0.018851863476466238,0.004061586179879298,5,0.017452617531369924,0.01972123954267747,2000,0,0.0006650563078387765,
snr,phase2,resnet,clean_only,standard,standard,legacy_0p5_40,0,macro_auroc,structure_effect,-0.020255828515828345,0.0045443257605906956,5,-0.022235354601955474,-0.018475316222130278,2000,0,0.0010854995247819561,
snr,phase2,resnet,clean_only,standard,standard,legacy_0p5_40,0,macro_f1,structure_effect,-0.06455890558370712,0.016515885031476593,5,-0.06849555007722799,-0.06058888152801943,2000,0,0.0035681864825906663,
snr,phase2,resnet,clean_only,standard,standard,legacy_0p5_40,0,ece,structure_effect,0.02631035452531206,0.01336314215651865,5,0.02452365110249586,0.027241564542605273,2000,0,0.0005173380380688289,
snr,phase2,resnet,independent_rms,standard,standard,legacy_0p5_40,20,macro_auroc,structure_effect,-5.6749197010974586e-05,0.00011669959955114093,5,-0.00025084788666768725,0.0001342105065182791,2000,0,0.00018061166148079937,
snr,phase2,resnet,independent_rms,standard,standard,legacy_0p5_40,20,macro_f1,structure_effect,0.0005517384628348943,0.0007402651724850027,5,-0.00035579595657623587,0.0014755276546435687,2000,0,0.0011032329007679541,
snr,phase2,resnet,independent_rms,standard,standard,legacy_0p5_40,20,ece,structure_effect,-0.0005525918075608441,0.0007833770425072246,5,-0.0011990925928095453,0.0001374930673118357,2000,0,0.0007890753094737137,
snr,phase2,resnet,independent_rms,standard,standard,legacy_0p5_40,15,macro_auroc,structure_effect,-0.0003473712619493696,0.00021412132064734413,5,-0.0006879008903006945,-2.3655740585074636e-05,2000,0,0.0003085408489287083,
snr,phase2,resnet,independent_rms,standard,standard,legacy_0p5_40,15,macro_f1,structure_effect,-0.00048133580110270023,0.001155988536146377,5,-0.001824650774511893,0.0008277348533938282,2000,0,0.0016022472121703078,
snr,phase2,resnet,independent_rms,standard,standard,legacy_0p5_40,15,ece,structure_effect,-0.0007782221544636294,0.0009441765344083752,5,-0.001569785650437911,0.00025037636855184146,2000,0,0.0008609792489537106,
snr,phase2,resnet,independent_rms,standard,standard,legacy_0p5_40,10,macro_auroc,structure_effect,-0.0012263266305699184,0.0004850446870236614,5,-0.0018116224515085484,-0.0006486772765081579,2000,0,0.0004904673353654158,
snr,phase2,resnet,independent_rms,standard,standard,legacy_0p5_40,10,macro_f1,structure_effect,-0.002176550495984686,0.0015447281096845507,5,-0.003928877208163922,-0.00036173898169696445,2000,0,0.002530935529223776,
snr,phase2,resnet,independent_rms,standard,standard,legacy_0p5_40,10,ece,structure_effect,0.0008746175817615831,0.00321623130758546,5,-0.0010806922545694624,0.002290834657164482,2000,0,0.0007634421358008601,
snr,phase2,resnet,independent_rms,standard,standard,legacy_0p5_40,5,macro_auroc,structure_effect,-0.0045258429857932825,0.0012485822958697025,5,-0.005562321476356382,-0.003484957425845856,2000,0,0.00046153471204797824,
snr,phase2,resnet,independent_rms,standard,standard,legacy_0p5_40,5,macro_f1,structure_effect,-0.010828511045751976,0.006431308024700762,5,-0.013611379081167906,-0.007867966099855189,2000,0,0.002083882719758319,
snr,phase2,resnet,independent_rms,standard,standard,legacy_0p5_40,5,ece,structure_effect,0.013520059104520244,0.013248128150551548,5,0.009749769363256633,0.014768903447046738,2000,0,0.0008901518797837493,
snr,phase2,resnet,independent_rms,standard,standard,legacy_0p5_40,0,macro_auroc,structure_effect,-0.017185182010067867,0.0035172605450737426,5,-0.019079700549013656,-0.01533692450888679,2000,0,0.0007197326610123318,
snr,phase2,resnet,independent_rms,standard,standard,legacy_0p5_40,0,macro_f1,structure_effect,-0.05175709867352394,0.023417811178871106,5,-0.05592407216530292,-0.047648940694019724,2000,0,0.0029273772064158823,
snr,phase2,resnet,independent_rms,standard,standard,legacy_0p5_40,0,ece,structure_effect,0.039632726844361574,0.010878094925037217,5,0.036431802220161943,0.04012569936859112,2000,0,0.0006361961303177449,
snr,phase2,resnet,electrode,standard,standard,legacy_0p5_40,20,macro_auroc,structure_effect,8.953431238079013e-06,0.00023661317160740327,5,-0.0001957984856938766,0.00020003758431814394,2000,0,0.00024696183143508205,
snr,phase2,resnet,electrode,standard,standard,legacy_0p5_40,20,macro_f1,structure_effect,0.00048739202571279616,0.0013387964965023934,5,-0.00048797310665468215,0.0014365299203415683,2000,0,0.0013906815852932825,
snr,phase2,resnet,electrode,standard,standard,legacy_0p5_40,20,ece,structure_effect,-0.000524594816836333,0.00027854387668224586,5,-0.001067467874614491,0.0003440009850860404,2000,0,0.000702407842291319,
snr,phase2,resnet,electrode,standard,standard,legacy_0p5_40,15,macro_auroc,structure_effect,-0.000134243567387049,0.00028571981635175137,5,-0.0004714076701913877,0.00019032051376352685,2000,0,0.0004193622259434485,
snr,phase2,resnet,electrode,standard,standard,legacy_0p5_40,15,macro_f1,structure_effect,-6.784832762087855e-05,0.0015154622334039919,5,-0.001195513237393611,0.0010778792966887817,2000,0,0.0014846289958855648,
snr,phase2,resnet,electrode,standard,standard,legacy_0p5_40,15,ece,structure_effect,-0.0010669916409646277,0.00045418148319988094,5,-0.001659408711097378,-0.00012276139268728738,2000,0,0.0006439859938396656,
snr,phase2,resnet,electrode,standard,standard,legacy_0p5_40,10,macro_auroc,structure_effect,-0.0005828847251291957,0.0004447154403359122,5,-0.001126924117047733,-2.4154591580423123e-05,2000,0,0.0005349771593371366,
snr,phase2,resnet,electrode,standard,standard,legacy_0p5_40,10,macro_f1,structure_effect,-0.0013695190733818974,0.002294047212736741,5,-0.0030267991779819314,0.0002280475529753217,2000,0,0.001724364567115106,
snr,phase2,resnet,electrode,standard,standard,legacy_0p5_40,10,ece,structure_effect,-0.0018691608349019838,0.001471640185844289,5,-0.002585330081821641,-0.00043249008265487145,2000,0,0.0007292672706676859,
snr,phase2,resnet,electrode,standard,standard,legacy_0p5_40,5,macro_auroc,structure_effect,-0.002676296649439247,0.001043268059739352,5,-0.003619307578865466,-0.0017528732942081787,2000,0,0.000689035524088806,
snr,phase2,resnet,electrode,standard,standard,legacy_0p5_40,5,macro_f1,structure_effect,-0.005624124798472874,0.003813307987361117,5,-0.00786413219911899,-0.0033095067060562415,2000,0,0.0019482920432439548,
snr,phase2,resnet,electrode,standard,standard,legacy_0p5_40,5,ece,structure_effect,0.001261859553257199,0.0051247167313878085,5,-0.0008495388886373322,0.0031459219517644913,2000,0,0.0007137300060510417,
snr,phase2,resnet,electrode,standard,standard,legacy_0p5_40,0,macro_auroc,structure_effect,-0.011416308903066885,0.003969072331622146,5,-0.013071645956020431,-0.009822661457155504,2000,0,0.0014207966494633475,
snr,phase2,resnet,electrode,standard,standard,legacy_0p5_40,0,macro_f1,structure_effect,-0.026780281637556635,0.011658427882648849,5,-0.030295277292267244,-0.023406957529795956,2000,0,0.0022330929588698944,
snr,phase2,resnet,electrode,standard,standard,legacy_0p5_40,0,ece,structure_effect,0.01996671916052346,0.013065320660267719,5,0.015908283297769815,0.021233596558574385,2000,0,0.0007709015425639464,
snr,phase2,resnet,mixed,standard,standard,legacy_0p5_40,20,macro_auroc,structure_effect,-3.531887193184424e-05,0.00013186468582971196,5,-0.00024120746995461516,0.00018738473986862027,2000,0,0.00017655575682136044,
snr,phase2,resnet,mixed,standard,standard,legacy_0p5_40,20,macro_f1,structure_effect,-0.0004897065738814321,0.0008633942215650522,5,-0.0013975293293011937,0.00040527741965076764,2000,0,0.0010101117981889795,
snr,phase2,resnet,mixed,standard,standard,legacy_0p5_40,20,ece,structure_effect,-0.00030938648734165215,0.00045229973374472885,5,-0.0008577976045150935,0.00035106279679611506,2000,0,0.000618144632335627,
snr,phase2,resnet,mixed,standard,standard,legacy_0p5_40,15,macro_auroc,structure_effect,-0.00021958350700859163,0.00020871991342825142,5,-0.0005561715774946962,0.0001428974071502636,2000,0,0.0003130455795636394,
snr,phase2,resnet,mixed,standard,standard,legacy_0p5_40,15,macro_f1,structure_effect,-0.0003174532024370791,0.0010672154839640562,5,-0.0015614619799590196,0.000979634026047561,2000,0,0.001217778054263998,
snr,phase2,resnet,mixed,standard,standard,legacy_0p5_40,15,ece,structure_effect,-0.0008564291508840638,0.0006252081583451971,5,-0.0014385664274906987,-4.6549726431431675e-05,2000,0,0.0003725557699689441,
snr,phase2,resnet,mixed,standard,standard,legacy_0p5_40,10,macro_auroc,structure_effect,-0.0008881082478734203,0.0006706725653207839,5,-0.0014526371629980327,-0.00031643796742433235,2000,0,0.0005647052527564977,
snr,phase2,resnet,mixed,standard,standard,legacy_0p5_40,10,macro_f1,structure_effect,-0.00248659474506181,0.0017878824209794644,5,-0.00416480333654758,-0.0007783076154904477,2000,0,0.0013939157890087359,
snr,phase2,resnet,mixed,standard,standard,legacy_0p5_40,10,ece,structure_effect,-0.0014932588669707009,0.002146285994503733,5,-0.0024320689483073605,-0.0004976871423433181,2000,0,0.0005737989190401739,
snr,phase2,resnet,mixed,standard,standard,legacy_0p5_40,5,macro_auroc,structure_effect,-0.0035049181308938636,0.0016085830403703286,5,-0.0044768193149847466,-0.0025243908406736774,2000,0,0.0009647373545225555,
snr,phase2,resnet,mixed,standard,standard,legacy_0p5_40,5,macro_f1,structure_effect,-0.008813089361957571,0.002728136523316223,5,-0.011140662575813066,-0.0062642337776749,2000,0,0.0028145485194760638,
snr,phase2,resnet,mixed,standard,standard,legacy_0p5_40,5,ece,structure_effect,-0.00028977861363698734,0.008393177084925447,5,-0.0016194235941621882,0.0014895092978399725,2000,0,0.0005491813665637615,
snr,phase2,resnet,mixed,standard,standard,legacy_0p5_40,0,macro_auroc,structure_effect,-0.013514956482814333,0.005072442493498557,5,-0.015209312320971728,-0.011769073638136252,2000,0,0.0005267320615002228,
snr,phase2,resnet,mixed,standard,standard,legacy_0p5_40,0,macro_f1,structure_effect,-0.03168718201060026,0.012257692369798553,5,-0.03531180785801776,-0.0282607713744588,2000,0,0.0023198295168078225,
snr,phase2,resnet,mixed,standard,standard,legacy_0p5_40,0,ece,structure_effect,0.008719274964065958,0.013378201748859803,5,0.006267203034501628,0.011132464328906704,2000,0,0.0010042934252969518,
snr,phase2,tcn,clean_only,standard,standard,legacy_0p5_40,20,macro_auroc,structure_effect,-1.895524224033718e-05,9.736550785149252e-05,5,-0.00021536542374247847,0.00017631943068639787,2000,0,9.519255113345514e-05,
snr,phase2,tcn,clean_only,standard,standard,legacy_0p5_40,20,macro_f1,structure_effect,0.0001129956785719477,0.0010736912113781232,5,-0.0007226536321645144,0.001020280812847852,2000,0,0.0010116425225688507,
snr,phase2,tcn,clean_only,standard,standard,legacy_0p5_40,20,ece,structure_effect,-0.0009539700336396687,0.000757396131841067,5,-0.0013438527725040048,-0.00020752083809832784,2000,0,0.00040916909742589344,
snr,phase2,tcn,clean_only,standard,standard,legacy_0p5_40,15,macro_auroc,structure_effect,-0.00017187633143473936,0.00013223580564086971,5,-0.0005410416852182448,0.00018972585869428456,2000,0,0.00016384311294415083,
snr,phase2,tcn,clean_only,standard,standard,legacy_0p5_40,15,macro_f1,structure_effect,-0.0012035201410564912,0.000993734213416445,5,-0.002447145725082741,1.5583721517501317e-05,2000,0,0.0012950898025458452,
snr,phase2,tcn,clean_only,standard,standard,legacy_0p5_40,15,ece,structure_effect,-0.0023655443778767007,0.0017462717773207347,5,-0.003053009037502817,-0.0014606037818210179,2000,0,0.00043153978893788804,
snr,phase2,tcn,clean_only,standard,standard,legacy_0p5_40,10,macro_auroc,structure_effect,-0.0011071879146266727,0.0004493295026373976,5,-0.0017620797966843458,-0.0004685053101276261,2000,0,0.00018487575008472316,
snr,phase2,tcn,clean_only,standard,standard,legacy_0p5_40,10,macro_f1,structure_effect,-0.00837666188632009,0.003408763030280306,5,-0.010741083060066521,-0.006008627574588875,2000,0,0.0008823248938613673,
snr,phase2,tcn,clean_only,standard,standard,legacy_0p5_40,10,ece,structure_effect,-0.0025410135211739694,0.004567158366520648,5,-0.0039889548197478445,-0.0006356100940041766,2000,0,0.00031466778239040314,
snr,phase2,tcn,clean_only,standard,standard,legacy_0p5_40,5,macro_auroc,structure_effect,-0.005031769415391185,0.0025400724873423175,5,-0.006223530392503907,-0.003914195956821472,2000,0,0.0001758287034817394,
snr,phase2,tcn,clean_only,standard,standard,legacy_0p5_40,5,macro_f1,structure_effect,-0.040375086630095945,0.020941441695579016,5,-0.04439270066146506,-0.036080040524943714,2000,0,0.0017104270857826536,
snr,phase2,tcn,clean_only,standard,standard,legacy_0p5_40,5,ece,structure_effect,0.026148059848393145,0.016259558401048164,5,0.02119683378401784,0.028304282235960137,2000,0,0.0009094209987919518,
snr,phase2,tcn,clean_only,standard,standard,legacy_0p5_40,0,macro_auroc,structure_effect,-0.01890139878476982,0.009132985817211703,5,-0.02114365144786188,-0.01672831297255799,2000,0,0.0005099044265278849,
snr,phase2,tcn,clean_only,standard,standard,legacy_0p5_40,0,macro_f1,structure_effect,-0.1129574831867668,0.039445596029958875,5,-0.11784139996959886,-0.10798422934593534,2000,0,0.0013901948272430848,
snr,phase2,tcn,clean_only,standard,standard,legacy_0p5_40,0,ece,structure_effect,0.07455592543466522,0.028194106451728273,5,0.07135157146166411,0.07658677264197551,2000,0,0.0003300177670313131,
snr,phase2,tcn,independent_rms,standard,standard,legacy_0p5_40,20,macro_auroc,structure_effect,5.61417378934781e-06,9.649344325060622e-05,5,-0.0001841635063931146,0.00019309833107657376,2000,0,0.0001164092785612761,
snr,phase2,tcn,independent_rms,standard,standard,legacy_0p5_40,20,macro_f1,structure_effect,9.039813989326628e-05,0.0005938844133342251,5,-0.0006398477358419524,0.0008973423383620712,2000,0,0.0009350638376602039,
snr,phase2,tcn,independent_rms,standard,standard,legacy_0p5_40,20,ece,structure_effect,-0.0006175052038288386,0.0003341053383576958,5,-0.0011850723787573127,-0.00010264907201168604,2000,0,0.0004301821634199352,
snr,phase2,tcn,independent_rms,standard,standard,legacy_0p5_40,15,macro_auroc,structure_effect,-0.00013059821728462763,0.00019157855478205558,5,-0.00047596006683576277,0.00021452167998561584,2000,0,0.00017207621913826305,
snr,phase2,tcn,independent_rms,standard,standard,legacy_0p5_40,15,macro_f1,structure_effect,-0.0006963378215088855,0.001638758501215232,5,-0.0018563491966713274,0.0005362988735823878,2000,0,0.0007818185608027497,
snr,phase2,tcn,independent_rms,standard,standard,legacy_0p5_40,15,ece,structure_effect,-0.0020784154282657077,0.00040895730816979653,5,-0.002678947615836522,-0.0012189883897915736,2000,0,0.00023493829285895523,
snr,phase2,tcn,independent_rms,standard,standard,legacy_0p5_40,10,macro_auroc,structure_effect,-0.0007967623505974019,0.0003301898074010615,5,-0.0014443806996475561,-0.00018470304933982255,2000,0,0.00028229723582224984,
snr,phase2,tcn,independent_rms,standard,standard,legacy_0p5_40,10,macro_f1,structure_effect,-0.003840995232528166,0.0018982624821282318,5,-0.005938785823001924,-0.001524967758519425,2000,0,0.0013224006818825377,
snr,phase2,tcn,independent_rms,standard,standard,legacy_0p5_40,10,ece,structure_effect,-0.004773051821675622,0.0033960038267421703,5,-0.0055310030491690886,-0.0031215661886776188,2000,0,0.0008846762636052943,
snr,phase2,tcn,independent_rms,standard,standard,legacy_0p5_40,5,macro_auroc,structure_effect,-0.0037075038446610755,0.0009506240364434084,5,-0.004868578224309654,-0.0025815406337222025,2000,0,0.00031078369622044156,
snr,phase2,tcn,independent_rms,standard,standard,legacy_0p5_40,5,macro_f1,structure_effect,-0.02253097689773449,0.006849484080690125,5,-0.026758721419553218,-0.018043542717411837,2000,0,0.001251696104909557,
snr,phase2,tcn,independent_rms,standard,standard,legacy_0p5_40,5,ece,structure_effect,0.0027638224375019795,0.015856798796150675,5,-0.0006961817629342949,0.006231406884739244,2000,0,0.0004386792277477397,
snr,phase2,tcn,independent_rms,standard,standard,legacy_0p5_40,0,macro_auroc,structure_effect,-0.0158087170578741,0.005363926781678499,5,-0.018089895655120102,-0.013631338950369169,2000,0,0.0006971684628041381,
snr,phase2,tcn,independent_rms,standard,standard,legacy_0p5_40,0,macro_f1,structure_effect,-0.11304123908243387,0.036830428599211734,5,-0.12060898168490403,-0.105661827502849,2000,0,0.0015779017491594622,
snr,phase2,tcn,independent_rms,standard,standard,legacy_0p5_40,0,ece,structure_effect,0.066714749436772,0.018851599201718288,5,0.061105675348675316,0.06915674097354892,2000,0,0.0004443567466667332,
snr,phase2,tcn,electrode,standard,standard,legacy_0p5_40,20,macro_auroc,structure_effect,-8.446502510617293e-06,7.351486861783859e-05,5,-0.00018171362286975744,0.0001727479912779167,2000,0,0.00010067117737152499,
snr,phase2,tcn,electrode,standard,standard,legacy_0p5_40,20,macro_f1,structure_effect,-0.0003645482254257093,0.0002609710257466247,5,-0.0010190920308657092,0.00030393993525551526,2000,0,0.0006716959361968603,
snr,phase2,tcn,electrode,standard,standard,legacy_0p5_40,20,ece,structure_effect,-0.0004905438148454858,0.0004659930380351388,5,-0.0008761968012004162,0.0001616785538526669,2000,0,0.00020165248070405076,
snr,phase2,tcn,electrode,standard,standard,legacy_0p5_40,15,macro_auroc,structure_effect,-0.00010774918625549024,0.00014679159245844963,5,-0.0004245414464016939,0.0002069617844773589,2000,0,0.0001594527785854786,
snr,phase2,tcn,electrode,standard,standard,legacy_0p5_40,15,macro_f1,structure_effect,-0.0005454254975183481,0.0007867236304312025,5,-0.0015219278937797737,0.00048614293761564724,2000,0,0.0005209605098075385,
snr,phase2,tcn,electrode,standard,standard,legacy_0p5_40,15,ece,structure_effect,-0.0008681868042229493,0.00045010835433024435,5,-0.001477810594579137,-0.00022821621851853212,2000,0,0.00045380924200760125,
snr,phase2,tcn,electrode,standard,standard,legacy_0p5_40,10,macro_auroc,structure_effect,-0.0004933977664554057,0.0002723522764514298,5,-0.0010266063260980435,3.0082429847493274e-05,2000,0,0.00025619983283584416,
snr,phase2,tcn,electrode,standard,standard,legacy_0p5_40,10,macro_f1,structure_effect,-0.0014431780267798455,0.001033679064359925,5,-0.00315385417446725,0.0003261012347942482,2000,0,0.0012523325693326358,
snr,phase2,tcn,electrode,standard,standard,legacy_0p5_40,10,ece,structure_effect,-0.002182983091346208,0.0011237185416454719,5,-0.0027851581526041097,-0.001055297812009092,2000,0,0.00035818398472776985,
snr,phase2,tcn,electrode,standard,standard,legacy_0p5_40,5,macro_auroc,structure_effect,-0.0019293075101353362,0.0006849376339119966,5,-0.0028803752315420894,-0.0010384192625155064,2000,0,0.0003816339574472598,
snr,phase2,tcn,electrode,standard,standard,legacy_0p5_40,5,macro_f1,structure_effect,-0.007664719101635531,0.0032774838964124177,5,-0.010275096686955702,-0.004831323277233232,2000,0,0.0017050004176926573,
snr,phase2,tcn,electrode,standard,standard,legacy_0p5_40,5,ece,structure_effect,-0.0023203256964326726,0.005086024835284207,5,-0.003628003468211927,-0.0005672101949449787,2000,0,0.00026990747807094677,
snr,phase2,tcn,electrode,standard,standard,legacy_0p5_40,0,macro_auroc,structure_effect,-0.007744450343668862,0.002031092349801004,5,-0.009424813987164207,-0.006144724105986711,2000,0,0.0007492147283502409,
snr,phase2,tcn,electrode,standard,standard,legacy_0p5_40,0,macro_f1,structure_effect,-0.04014313155909266,0.006860987535533655,5,-0.045370273343172535,-0.03503827245004045,2000,0,0.0010104423261106665,
snr,phase2,tcn,electrode,standard,standard,legacy_0p5_40,0,ece,structure_effect,0.020532422904291258,0.012588276664481961,5,0.016643816135299264,0.022999535092286572,2000,0,0.0009672977602966309,
snr,phase2,tcn,mixed,standard,standard,legacy_0p5_40,20,macro_auroc,structure_effect,-3.0097675379092692e-05,8.437164170020268e-05,5,-0.00021145461304270365,0.00014619117646022748,2000,0,9.912842510682046e-05,
snr,phase2,tcn,mixed,standard,standard,legacy_0p5_40,20,macro_f1,structure_effect,-0.0006453960662109015,0.0005826991324227857,5,-0.001346310465493205,7.761917629172547e-05,2000,0,0.0006086409683738728,
snr,phase2,tcn,mixed,standard,standard,legacy_0p5_40,20,ece,structure_effect,-0.0007991616755640724,0.0004629456684132328,5,-0.0010942346397135067,-8.825874831409012e-05,2000,0,0.0005332657381817556,
snr,phase2,tcn,mixed,standard,standard,legacy_0p5_40,15,macro_auroc,structure_effect,-0.00014768775999267624,0.0001493325300158186,5,-0.0004654924259898241,0.00017590366803219902,2000,0,0.00017236359974184611,
snr,phase2,tcn,mixed,standard,standard,legacy_0p5_40,15,macro_f1,structure_effect,-0.0010822075770616113,0.0008065419999096478,5,-0.0021258467834646606,-2.621813888071899e-06,2000,0,0.0010067368188662227,
snr,phase2,tcn,mixed,standard,standard,legacy_0p5_40,15,ece,structure_effect,-0.001329267065154946,0.0007059799564318473,5,-0.0018545672453030874,-0.0006488261966193742,2000,0,0.00023100589970238285,
snr,phase2,tcn,mixed,standard,standard,legacy_0p5_40,10,macro_auroc,structure_effect,-0.0006464498301822274,0.0002721797751934171,5,-0.0012201447341295437,-0.00011469940521352481,2000,0,0.0003183174088833687,
snr,phase2,tcn,mixed,standard,standard,legacy_0p5_40,10,macro_f1,structure_effect,-0.0020719137123132335,0.0008945291172874855,5,-0.003689642576403317,-0.0003458257069249528,2000,0,0.0009521205569049366,
snr,phase2,tcn,mixed,standard,standard,legacy_0p5_40,10,ece,structure_effect,-0.00229530549680685,0.0013440738314942102,5,-0.002941737294946709,-0.0013987343397188416,2000,0,0.000644158843025063,
snr,phase2,tcn,mixed,standard,standard,legacy_0p5_40,5,macro_auroc,structure_effect,-0.0024747475665632067,0.0007392389951311874,5,-0.0034597913344350238,-0.001557133009082439,2000,0,0.0004573739260912619,
snr,phase2,tcn,mixed,standard,standard,legacy_0p5_40,5,macro_f1,structure_effect,-0.010108857182829833,0.0024184113620697107,5,-0.013088766395298818,-0.007075012114664645,2000,0,0.001375531475919103,
snr,phase2,tcn,mixed,standard,standard,legacy_0p5_40,5,ece,structure_effect,-0.0027820938791271233,0.006884188106870241,5,-0.00419902579814686,-0.0006594778364613713,2000,0,0.00042003593106514184,
snr,phase2,tcn,mixed,standard,standard,legacy_0p5_40,0,macro_auroc,structure_effect,-0.009811471627013813,0.002592151885588445,5,-0.011610118082290614,-0.008166446895832001,2000,0,0.0007218703070480141,
snr,phase2,tcn,mixed,standard,standard,legacy_0p5_40,0,macro_f1,structure_effect,-0.0518495095947346,0.011180624102243108,5,-0.05726537179988307,-0.04658020097271324,2000,0,0.002108858842265375,
snr,phase2,tcn,mixed,standard,standard,legacy_0p5_40,0,ece,structure_effect,0.025394124255544985,0.016685026261385613,5,0.020846638476336818,0.028549520508925084,2000,0,0.0007776735058432152,
