epoch,train_loss,val_loss,val_macro_auroc,val_macro_ap,val_macro_f1_at_0p5,clean_count,clean_fraction,independent_count,independent_fraction,electrode_count,electrode_fraction,snr_20_count,snr_10_count,combo_RA_LA_LL_count,combo_V1_count,combo_V2_count,combo_V3_count,combo_V4_count,combo_V5_count,combo_V6_count,combo_RA_LA_count,combo_LA_LL_count,combo_RA_LL_count,actual_snr_db_count,actual_snr_db_mean,actual_snr_db_std,actual_snr_db_min,actual_snr_db_max,actual_snr_error_db_count,actual_snr_error_db_mean,actual_snr_error_db_std,actual_snr_error_db_min,actual_snr_error_db_max,rms_match_relative_error_count,rms_match_relative_error_mean,rms_match_relative_error_std,rms_match_relative_error_min,rms_match_relative_error_max,exposure_count,unique_records,exposure_min,exposure_max,order_sha256,epoch_seconds,elapsed_seconds
1,0.45752299224791665,0.40960916918455054,0.8502175997929745,0.6538486600520136,0.4957139545465246,8480,0.49637087333177243,4268,0.24982439709669865,4336,0.25380472957152894,4274,4330,2080,703,742,761,710,720,689,722,771,706,8604,14.967456951837393,4.9998939903819295,9.999999996560065,19.99999991500568,8604,-4.490830629831358e-08,1.0457956128565578e-07,-2.0377397902393568e-07,1.1463648164067308e-07,4268,3.77933767825379e-09,2.1754431103879313e-09,1.0771954953550169e-12,1.0896056673644193e-08,17084,17084,1,1,dd79ddcdd88e1eb2b42f54e9f26c7097f048086111c95340d588a7cf5423f0bb,45.62968430004548,45.67231699998956
2,0.3621000494660552,0.38899066394328624,0.8750000668525558,0.705036667686873,0.5768984291341882,8435,0.4937368297822524,4389,0.2569070475298525,4260,0.24935612268789512,4313,4336,2116,726,702,730,726,722,769,671,747,740,8649,14.98670362000249,4.999982216971623,10.00000000677652,19.999999908256363,8649,-4.516111196757088e-08,1.0454828321236834e-07,-2.1153498153125838e-07,1.1620511486398755e-07,4389,3.730331709130042e-09,2.1392635527419596e-09,4.1567920178736074e-13,1.0443065799429994e-08,17084,17084,1,1,6a76c8291ac70284f98b9e46a2f5fb72b97a5fbf1826ddf1a52c7a26e0506abe,45.41313210001681,91.2814900999656
3,0.33564031914703407,0.342144315168331,0.8896234743012718,0.7337401511707085,0.6440080279844228,8527,0.49912198548349335,4258,0.24923905408569422,4299,0.25163896043081246,4327,4230,2169,701,729,693,697,657,709,752,701,749,8557,15.056678695961686,4.999678637951619,10.00000000798612,19.999999915712486,8557,-4.658827284516334e-08,1.0454315635845022e-07,-2.065825803754251e-07,1.2054145415163475e-07,4258,3.802987056085294e-09,2.1925491512388527e-09,2.008956462033466e-12,1.2251984390263366e-08,17084,17084,1,1,1783fa2800479d5691fa2e1ad7a94ef1c02888e21ebb050454b58e6161168133,44.87898500007577,136.3277883999981
4,0.31826686494888007,0.34848461577187934,0.8930911829210814,0.7455703454391397,0.6351954823268742,8482,0.49648794193397333,4378,0.2562631702177476,4224,0.2472488878482791,4375,4227,2081,725,695,721,751,753,716,756,702,702,8602,15.086026458325888,4.999259785419792,10.000000004579288,19.99999991946451,8602,-4.713795512119247e-08,1.0463729264270054e-07,-2.064938762202928e-07,1.2090891843286045e-07,4378,3.7060566654641503e-09,2.1884914258734727e-09,1.430824747533626e-12,1.204399499543009e-08,17084,17084,1,1,2dcbe16aea3bd2265a2a0eb3d0e3d161422c8e6c646ea7e681b45c0ece09ee39,46.762041899957694,183.25074309995398
5,0.31109644241283885,0.3415149545291819,0.9010349668169404,0.7630091322613655,0.6482423840183624,8503,0.4977171622570826,4332,0.25357059236712715,4249,0.2487122453757902,4265,4316,2082,714,739,670,706,672,790,740,718,750,8581,14.970283138788675,4.999911586415716,10.000000003792648,19.99999990384973,8581,-4.498943943109771e-08,1.0468807544025273e-07,-2.0972949599240565e-07,1.2339554977813805e-07,4332,3.7105293273794725e-09,2.1689593108211037e-09,1.137713971406288e-12,1.1468244387435552e-08,17084,17084,1,1,dcc0598f3e03e4af9d5c3e1a5c95db8fa32ce607b7ddf7bd189a73a45dd45360,46.73200119996909,230.14087209990248
6,0.30217875766687163,0.3408370593776241,0.9027324973214295,0.7664856062613008,0.657830453593158,8540,0.4998829313977991,4317,0.25269257785062044,4227,0.24742449075158043,4234,4310,2053,720,704,703,748,743,731,712,701,729,8544,14.955524300057421,4.99980208383284,9.999999999986235,19.999999915424056,8544,-4.4511867346387694e-08,1.0463653642437095e-07,-2.0964207791962508e-07,1.1534608646002198e-07,4317,3.6977861347442446e-09,2.163710686524846e-09,2.0819985104759756e-12,1.1578467542946191e-08,17084,17084,1,1,4dbb1608aa1c1c0bc4634da88bc3d11895ac610286a05df7e3ee477618e99e40,45.08259479992557,275.37842749990523
7,0.29406635608027787,0.3166877467945593,0.9079879199019846,0.7790581694433902,0.668204793343125,8557,0.5008780145165067,4288,0.25099508311870755,4239,0.24812690236478577,4287,4240,2089,662,699,728,706,701,753,695,771,723,8527,15.027559470619357,4.999923943028847,9.999999976339756,19.999999905928053,8527,-4.6209538923640896e-08,1.0447162829223996e-07,-1.9880672397221133e-07,1.1674535294048383e-07,4288,3.719997047133593e-09,2.1755491791396855e-09,3.610648854983071e-13,1.1166692014894812e-08,17084,17084,1,1,49d77b004f52c6c2ab646dba123426d5699ef78ed9cfbcca1ab1f13218b355f7,44.38966119999532,319.91306109994184
8,0.2912983450767336,0.3311094180624394,0.908436448453207,0.7780833224670116,0.6605184789194345,8542,0.5,4346,0.2543900725825334,4196,0.24560992741746662,4352,4190,2089,701,698,694,725,747,703,712,751,722,8542,15.094825520178533,4.99910062638585,10.000000007995576,19.999999911411987,8542,-4.760418544480164e-08,1.0468546544073467e-07,-2.1378147962991534e-07,1.251168804117242e-07,4346,3.682561517136762e-09,2.1582732782171937e-09,4.347718238864846e-13,1.0763019301892898e-08,17084,17084,1,1,8606379c14dfff0d34406773ec0ead6d95f8abfe76dc76a6687ff197837dd3d7,45.209746000007726,365.30334689992014
9,0.2880980401212453,0.33044366195506286,0.9099632102658793,0.7826932235968915,0.6720675403787654,8552,0.5005853430110044,4309,0.2522243034418169,4223,0.24719035354717864,4257,4275,2114,724,684,710,739,713,711,717,710,710,8532,14.989451431733148,4.999988768987318,9.999999990240342,19.999999905893862,8532,-4.506010051599414e-08,1.0465569715000016e-07,-2.0280730694821614e-07,1.1339676753152617e-07,4309,3.735137790984778e-09,2.19104250030168e-09,7.558019729941418e-13,1.223648775325844e-08,17084,17084,1,1,15deecc79ec03946693b6d73a2960e377133ce35cbb79f885dfca75ab1256ed0,44.37535360001493,409.83472469996195
10,0.28151650450821925,0.3365288861477808,0.9098073782552227,0.7805510876487266,0.6734783105293701,8563,0.5012292203231093,4250,0.24877077967689065,4271,0.25,4239,4282,2142,678,709,701,684,748,664,713,706,776,8521,14.974768174818145,4.999936231340219,9.999999994902126,19.999999906345447,8521,-4.4874381853566305e-08,1.0473962202418596e-07,-2.030939008079713e-07,1.0774208547559283e-07,4250,3.772050388221985e-09,2.1938854011631416e-09,4.193817610253942e-12,1.2072733397812418e-08,17084,17084,1,1,3ae9bff607737790c290ba9f84d7fbb09ab02dfea0ea60b3438005e0e5cc3904,44.549601300037466,454.54089339997154
11,0.2789212094274904,0.3252892460316447,0.9139475238604338,0.7893749676655686,0.6684185706522608,8601,0.5034535237649262,4320,0.2528681807539218,4163,0.24367829548115197,4202,4281,2095,690,714,715,743,712,730,695,705,684,8483,14.953436239750994,4.999783073532512,9.999999995940271,19.999999910140097,8483,-4.45823778965907e-08,1.0460093877498652e-07,-2.0692003488420596e-07,1.1559816570638759e-07,4320,3.7424201017015085e-09,2.1687574188767073e-09,2.515954916843886e-13,1.145167668015635e-08,17084,17084,1,1,1272944b8be32c28cf2d109e7512ce00bf6bddb4c4e13295e358655bc9b3cf70,43.9833788999822,498.649820099934
12,0.27778823974120814,0.3294189638993725,0.91291454628621,0.7847910453208937,0.6880697139899999,8580,0.5022243034418169,4186,0.2450245844064622,4318,0.2527511121517209,4182,4322,2156,704,723,724,743,721,645,736,650,702,8504,14.91768575112264,4.999322287247817,10.000000003674165,19.999999908386155,8504,-4.3797396741825723e-08,1.0478720692258117e-07,-2.1316298415285928e-07,1.1254508081037784e-07,4186,3.736626705931207e-09,2.1923689176789255e-09,1.828189247264298e-12,1.0951411324822197e-08,17084,17084,1,1,1139581385f09afb976b26edf118e0449bb2b0046e90d86c920d856503090eee,44.11613249999937,542.9382107999409
13,0.2742710667530398,0.29911724077355384,0.9163374830353389,0.7913335233564924,0.7014681321588188,8540,0.4998829313977991,4193,0.2454343245141653,4351,0.2546827440880356,4273,4271,2133,651,674,775,692,745,717,728,709,720,8544,15.001170366422453,4.999999758984634,10.00000000433307,19.999999903228368,8544,-4.5562564645008266e-08,1.0479086371055095e-07,-2.0159821900733732e-07,1.2148503003572841e-07,4193,3.6915030174562287e-09,2.1905944987319257e-09,8.103658162613525e-13,1.1822300896662146e-08,17084,17084,1,1,a66b01cac11420822763ef0d68167e4c14b34d26705d1da8a43f8410c15ba9b7,43.76803770009428,586.8391313999891
14,0.2717777720954094,0.34585089924617674,0.9143579413507705,0.7910536554159469,0.6612410214684024,8598,0.5032779208616249,4238,0.24806836806368532,4248,0.24865371107468978,4248,4238,2095,742,725,719,731,691,653,708,732,690,8486,15.005892012050364,4.999996424616073,9.999999995757577,19.999999912514532,8486,-4.545611778925602e-08,1.0453817228459506e-07,-1.9621436564420947e-07,1.1069442074074232e-07,4238,3.738292169841614e-09,2.12945915884461e-09,1.7769748028038163e-12,1.112152565529369e-08,17084,17084,1,1,8f4da853421afada707ac04945fb734f352ac750cd99cb39e8be26a9f13bef83,43.93821739999112,630.9294497999363
15,0.26611152540755423,0.3289382701873335,0.9152223990591606,0.7921799346934104,0.6925574163822172,8677,0.50790213064856,4235,0.247892765160384,4172,0.24420510419105596,4125,4282,2092,699,686,732,689,656,743,696,699,715,8407,14.906625387261908,4.99912793930983,9.999999993371347,19.999999913784656,8407,-4.392638693052872e-08,1.0445546700018674e-07,-2.0943870282508215e-07,1.0588649246301429e-07,4235,3.726669690840355e-09,2.183240025619345e-09,1.520158995462621e-13,1.1441096934129554e-08,17084,17084,1,1,95291444b387955d6505a23192be4e74edf0bac283b1ad4c45310327615ae647,44.18242909992114,675.249955899897
16,0.26903204033397676,0.31306591260577626,0.9167545666816107,0.7927623776083992,0.7016879177092694,8525,0.49900491688129245,4245,0.24847810817138843,4314,0.2525169749473191,4219,4340,2127,714,688,781,720,681,716,676,773,683,8559,14.929314128032356,4.999500222644879,10.000000006093641,19.999999906938,8559,-4.4184023458225625e-08,1.0454442656476103e-07,-2.2970605684236034e-07,1.1583157366601426e-07,4245,3.686083411651345e-09,2.1722900339318265e-09,1.215885489869466e-12,1.3111641754284226e-08,17084,17084,1,1,ae407f89eb2d6d804221ff817fa452fa8dd3d20f51a40d0251906e9090cdafbd,44.13331379997544,719.5149312999565
17,0.26696216504653647,0.3209376360696826,0.9168162509255385,0.7952704337034586,0.7003317856811231,8595,0.5031023179583236,4291,0.25117068602200887,4198,0.24572699601966752,4258,4231,2078,768,693,697,692,724,718,698,733,688,8489,15.01590288730502,4.999974605504676,10.000000007508492,19.9999999033844,8489,-4.590266130252769e-08,1.0488490947629652e-07,-2.0307787096385255e-07,1.1565478530428663e-07,4291,3.751342109014374e-09,2.1516198421835572e-09,8.421225811102855e-13,1.1846626367315378e-08,17084,17084,1,1,8476d345ad15bf1f0f5e35e1c723127f2b232ae0d56374f59348b422de1ef499,43.832809099927545,763.512677499908
18,0.26034871849737967,0.2912356430197695,0.9212736531147284,0.8020899228756979,0.7160756362965306,8528,0.49918051978459377,4271,0.25,4285,0.25081948021540623,4278,4278,2128,717,722,681,697,719,741,740,707,704,8556,14.999999954630749,4.9999998959567815,9.999999981376089,19.99999990766754,8556,-4.536924945979166e-08,1.0482172211994542e-07,-2.0711451753641086e-07,1.1392856258396478e-07,4271,3.6806153342509826e-09,2.1579801596106853e-09,1.6838898268758337e-12,1.146094255847993e-08,17084,17084,1,1,161b23d5dd7b5c1c0b1a86acb0b383933af27553fc787bf9fb0d848963d0f13c,44.16159139992669,807.8296600999311
19,0.2579146622215884,0.3160000140991371,0.9186676547206194,0.7976916048615498,0.7020847102399553,8583,0.5023999063451182,4227,0.24742449075158043,4274,0.2501756029033013,4214,4287,2185,723,660,670,768,695,662,708,739,691,8501,14.957063830332467,4.999815541669504,10.000000000346231,19.999999903295233,8501,-4.4505788002152007e-08,1.0463680103420968e-07,-2.071366331790614e-07,1.1793382981295508e-07,4227,3.756324112497733e-09,2.184210388463374e-09,6.080155631014717e-12,1.191020051293508e-08,17084,17084,1,1,8600897ac2229eafd83713645dfd23a4c520de1fb38fcb5a1b2527c72144988b,43.93103129998781,851.91446609993
20,0.26090884754345695,0.30418654206970086,0.9213123050988383,0.8006895356680049,0.7036648573010533,8531,0.4993561226878951,4233,0.2477756965581831,4320,0.2528681807539218,4269,4284,2116,729,716,684,716,722,704,735,737,694,8553,14.991231101606285,4.9999922068073115,9.99999999650164,19.9999999129334,8553,-4.535969197163622e-08,1.046547413461927e-07,-2.060683641502692e-07,1.181522399917867e-07,4233,3.684264520175718e-09,2.1869049875754195e-09,9.209697220435194e-12,1.1331313477649596e-08,17084,17084,1,1,16e4722a8ec6f388e8298b128504d8c4a20b506a33326e63cfae9d9ee60e1a10,44.14051629998721,896.1840308998944
21,0.2592148499406771,0.30745027757979726,0.9198764218188605,0.7999748509130743,0.7039981561812605,8559,0.5009950831187076,4302,0.2518145633341138,4223,0.24719035354717864,4151,4374,2174,708,733,656,684,762,678,678,713,739,8525,14.869208168333461,4.9982889539907,10.0000000002525,19.999999903574345,8525,-4.2810234707400955e-08,1.0484552688666023e-07,-2.0325157024103646e-07,1.1865141402722656e-07,4302,3.741105337807495e-09,2.175907076976929e-09,1.9403747918302853e-12,1.1900713398226136e-08,17084,17084,1,1,c3eb46a19fd51b443987a3cb993f5578c9d5186e40d4e80d7b158715f1e8efcc,44.28326890000608,940.6194787999848
22,0.26005285863183025,0.3066262887775176,0.9182863444631136,0.7973453285860552,0.7107853775475947,8609,0.5039217981737298,4273,0.2501170686022009,4202,0.24596113322406932,4359,4116,2139,733,703,702,687,709,732,680,700,690,8475,15.14336278353008,4.997944183620019,10.000000000366668,19.999999905866055,8475,-4.8328326376527055e-08,1.0441172041164452e-07,-2.091895474620742e-07,1.1763454921265293e-07,4273,3.742084805135091e-09,2.203687939854544e-09,2.6919464785912483e-12,1.1714276897167668e-08,17084,17084,1,1,74226d170d07cae2c7b6dd5a3249ef3046caf455c939122f67bf0f66d03c43d8,44.004331100033596,984.7669837999856
23,0.25238822736552546,0.35230654253097526,0.9181229828050232,0.798050903828188,0.6671991871753039,8559,0.5009950831187076,4247,0.24859517677358933,4278,0.2504097401077031,4236,4289,2121,702,724,744,708,744,689,665,704,724,8525,14.968914910964713,4.999903267194,10.000000001524135,19.999999915050836,8525,-4.504701564530966e-08,1.046961170574816e-07,-2.0991653215673978e-07,1.221205732093722e-07,4247,3.7558027641396656e-09,2.1580016342178806e-09,3.6051111777660706e-12,1.1267884775918587e-08,17084,17084,1,1,c042a6b22aacc9a63ac78f6870ee029a38623a34f606a019d4b42ea83e97c1f8,44.17044699995313,1029.0728981998982
24,0.2535175125329842,0.3421874707087333,0.9182323648046953,0.7987124483891063,0.6794468617946837,8565,0.5013462889253102,4236,0.24795129946148442,4283,0.25070241161320533,4286,4233,2158,671,742,671,695,712,692,776,711,691,8519,15.03110689106609,4.999903131211851,10.000000003006662,19.999999912765976,8519,-4.636788094167951e-08,1.0445378753055587e-07,-2.0166961789414017e-07,1.1755570739069299e-07,4236,3.7109589551269046e-09,2.1838928998006227e-09,2.9494986432300674e-12,1.0835165143771308e-08,17084,17084,1,1,670698fed02582844482c7d018dbec37bd6961aac6b024d11d261ca135fc74f0,44.369896200019866,1073.5687369999941
25,0.2505168105017466,0.3187307111592573,0.9196782052612484,0.7980994207466576,0.6758082396287433,8637,0.5055607586045423,4191,0.2453172559119644,4256,0.24912198548349332,4211,4236,2079,711,717,697,693,714,751,722,709,654,8447,14.985201801822518,4.999977997779399,9.999999991441001,19.99999990434087,8447,-4.49869992947973e-08,1.0445759343407237e-07,-2.0142275758416872e-07,1.1828910118083513e-07,4191,3.693397026094456e-09,2.1898207500905246e-09,2.3070794701441917e-12,1.2613957135074482e-08,17084,17084,1,1,666f8476beea57c12bcfd286a5a4bc0aa8e586853b360ffad3c9385a798fa810,43.99656280002091,1117.730001399992
