model,kind,snr,condition,active,metric,mean,n_seeds,rank,n_models,interpretation
resnet,bandpass,0,covariance,all,macro_ap,0.6362627028595188,3,2.0,2,descriptive_unstable_two_architectures_no_meaningful_inference
tcn,bandpass,0,covariance,all,macro_ap,0.7401385728496234,3,1.0,2,descriptive_unstable_two_architectures_no_meaningful_inference
resnet,bandpass,0,covariance,all,macro_auroc,0.8143454893530077,3,2.0,2,descriptive_unstable_two_architectures_no_meaningful_inference
tcn,bandpass,0,covariance,all,macro_auroc,0.8775116388394525,3,1.0,2,descriptive_unstable_two_architectures_no_meaningful_inference
resnet,bandpass,0,covariance,all,macro_f1,0.48381766888607475,3,1.0,2,descriptive_unstable_two_architectures_no_meaningful_inference
tcn,bandpass,0,covariance,all,macro_f1,0.4793151140315293,3,2.0,2,descriptive_unstable_two_architectures_no_meaningful_inference
resnet,bandpass,0,electrode,all,macro_ap,0.6382560543930028,3,2.0,2,descriptive_unstable_two_architectures_no_meaningful_inference
tcn,bandpass,0,electrode,all,macro_ap,0.7388107894030572,3,1.0,2,descriptive_unstable_two_architectures_no_meaningful_inference
resnet,bandpass,0,electrode,all,macro_auroc,0.8152550734909578,3,2.0,2,descriptive_unstable_two_architectures_no_meaningful_inference
tcn,bandpass,0,electrode,all,macro_auroc,0.8784179501912531,3,1.0,2,descriptive_unstable_two_architectures_no_meaningful_inference
resnet,bandpass,0,electrode,all,macro_f1,0.48588955782737747,3,1.0,2,descriptive_unstable_two_architectures_no_meaningful_inference
tcn,bandpass,0,electrode,all,macro_f1,0.4802955664610515,3,2.0,2,descriptive_unstable_two_architectures_no_meaningful_inference
resnet,bandpass,0,independent,all,macro_ap,0.6700134797567673,3,2.0,2,descriptive_unstable_two_architectures_no_meaningful_inference
tcn,bandpass,0,independent,all,macro_ap,0.761216815693071,3,1.0,2,descriptive_unstable_two_architectures_no_meaningful_inference
resnet,bandpass,0,independent,all,macro_auroc,0.8368714365464474,3,2.0,2,descriptive_unstable_two_architectures_no_meaningful_inference
tcn,bandpass,0,independent,all,macro_auroc,0.8920694340284947,3,1.0,2,descriptive_unstable_two_architectures_no_meaningful_inference
resnet,bandpass,0,independent,all,macro_f1,0.5487236211852968,3,2.0,2,descriptive_unstable_two_architectures_no_meaningful_inference
tcn,bandpass,0,independent,all,macro_f1,0.5832495480505773,3,1.0,2,descriptive_unstable_two_architectures_no_meaningful_inference
resnet,bandpass,0,independent_rms,all,macro_ap,0.6680285487404447,3,2.0,2,descriptive_unstable_two_architectures_no_meaningful_inference
tcn,bandpass,0,independent_rms,all,macro_ap,0.7594384313796508,3,1.0,2,descriptive_unstable_two_architectures_no_meaningful_inference
resnet,bandpass,0,independent_rms,all,macro_auroc,0.8360092150870306,3,2.0,2,descriptive_unstable_two_architectures_no_meaningful_inference
tcn,bandpass,0,independent_rms,all,macro_auroc,0.8911081430900337,3,1.0,2,descriptive_unstable_two_architectures_no_meaningful_inference
resnet,bandpass,0,independent_rms,all,macro_f1,0.5474861604034419,3,2.0,2,descriptive_unstable_two_architectures_no_meaningful_inference
tcn,bandpass,0,independent_rms,all,macro_f1,0.5770744024005393,3,1.0,2,descriptive_unstable_two_architectures_no_meaningful_inference
resnet,bandpass,10,covariance,LA,macro_ap,0.7662746294594216,3,2.0,2,descriptive_unstable_two_architectures_no_meaningful_inference
tcn,bandpass,10,covariance,LA,macro_ap,0.8015407806558507,3,1.0,2,descriptive_unstable_two_architectures_no_meaningful_inference
resnet,bandpass,10,covariance,LA,macro_auroc,0.8957528332279153,3,2.0,2,descriptive_unstable_two_architectures_no_meaningful_inference
tcn,bandpass,10,covariance,LA,macro_auroc,0.9139813281839145,3,1.0,2,descriptive_unstable_two_architectures_no_meaningful_inference
resnet,bandpass,10,covariance,LA,macro_f1,0.6885724588606886,3,2.0,2,descriptive_unstable_two_architectures_no_meaningful_inference
tcn,bandpass,10,covariance,LA,macro_f1,0.7126912868627681,3,1.0,2,descriptive_unstable_two_architectures_no_meaningful_inference
resnet,bandpass,10,covariance,LL,macro_ap,0.7616811215527367,3,2.0,2,descriptive_unstable_two_architectures_no_meaningful_inference
tcn,bandpass,10,covariance,LL,macro_ap,0.8029727345275096,3,1.0,2,descriptive_unstable_two_architectures_no_meaningful_inference
resnet,bandpass,10,covariance,LL,macro_auroc,0.8923359169530173,3,2.0,2,descriptive_unstable_two_architectures_no_meaningful_inference
tcn,bandpass,10,covariance,LL,macro_auroc,0.9142957912751917,3,1.0,2,descriptive_unstable_two_architectures_no_meaningful_inference
resnet,bandpass,10,covariance,LL,macro_f1,0.6760255197921082,3,2.0,2,descriptive_unstable_two_architectures_no_meaningful_inference
tcn,bandpass,10,covariance,LL,macro_f1,0.7201059066854324,3,1.0,2,descriptive_unstable_two_architectures_no_meaningful_inference
resnet,bandpass,10,covariance,RA,macro_ap,0.768106315629991,3,2.0,2,descriptive_unstable_two_architectures_no_meaningful_inference
tcn,bandpass,10,covariance,RA,macro_ap,0.8039323644472671,3,1.0,2,descriptive_unstable_two_architectures_no_meaningful_inference
resnet,bandpass,10,covariance,RA,macro_auroc,0.8959781990085599,3,2.0,2,descriptive_unstable_two_architectures_no_meaningful_inference
tcn,bandpass,10,covariance,RA,macro_auroc,0.9151662506266461,3,1.0,2,descriptive_unstable_two_architectures_no_meaningful_inference
resnet,bandpass,10,covariance,RA,macro_f1,0.694348003675567,3,2.0,2,descriptive_unstable_two_architectures_no_meaningful_inference
tcn,bandpass,10,covariance,RA,macro_f1,0.7251072515201361,3,1.0,2,descriptive_unstable_two_architectures_no_meaningful_inference
resnet,bandpass,10,covariance,V1,macro_ap,0.7708246045609629,3,2.0,2,descriptive_unstable_two_architectures_no_meaningful_inference
tcn,bandpass,10,covariance,V1,macro_ap,0.8069422901733564,3,1.0,2,descriptive_unstable_two_architectures_no_meaningful_inference
resnet,bandpass,10,covariance,V1,macro_auroc,0.8984102758233298,3,2.0,2,descriptive_unstable_two_architectures_no_meaningful_inference
tcn,bandpass,10,covariance,V1,macro_auroc,0.917321302780191,3,1.0,2,descriptive_unstable_two_architectures_no_meaningful_inference
resnet,bandpass,10,covariance,V1,macro_f1,0.7010848683933872,3,2.0,2,descriptive_unstable_two_architectures_no_meaningful_inference
tcn,bandpass,10,covariance,V1,macro_f1,0.7289204294703833,3,1.0,2,descriptive_unstable_two_architectures_no_meaningful_inference
resnet,bandpass,10,covariance,V2,macro_ap,0.7740254356581194,3,2.0,2,descriptive_unstable_two_architectures_no_meaningful_inference
tcn,bandpass,10,covariance,V2,macro_ap,0.8076666676198482,3,1.0,2,descriptive_unstable_two_architectures_no_meaningful_inference
resnet,bandpass,10,covariance,V2,macro_auroc,0.9003878257905015,3,2.0,2,descriptive_unstable_two_architectures_no_meaningful_inference
tcn,bandpass,10,covariance,V2,macro_auroc,0.9174970951974544,3,1.0,2,descriptive_unstable_two_architectures_no_meaningful_inference
resnet,bandpass,10,covariance,V2,macro_f1,0.7008915222840436,3,2.0,2,descriptive_unstable_two_architectures_no_meaningful_inference
tcn,bandpass,10,covariance,V2,macro_f1,0.7352915320272825,3,1.0,2,descriptive_unstable_two_architectures_no_meaningful_inference
resnet,bandpass,10,covariance,V3,macro_ap,0.7747945402334193,3,2.0,2,descriptive_unstable_two_architectures_no_meaningful_inference
tcn,bandpass,10,covariance,V3,macro_ap,0.8077480260254465,3,1.0,2,descriptive_unstable_two_architectures_no_meaningful_inference
resnet,bandpass,10,covariance,V3,macro_auroc,0.90110594358584,3,2.0,2,descriptive_unstable_two_architectures_no_meaningful_inference
tcn,bandpass,10,covariance,V3,macro_auroc,0.9175474873205101,3,1.0,2,descriptive_unstable_two_architectures_no_meaningful_inference
resnet,bandpass,10,covariance,V3,macro_f1,0.7036719832525354,3,2.0,2,descriptive_unstable_two_architectures_no_meaningful_inference
tcn,bandpass,10,covariance,V3,macro_f1,0.7366399680040873,3,1.0,2,descriptive_unstable_two_architectures_no_meaningful_inference
resnet,bandpass,10,covariance,V4,macro_ap,0.7755437020161354,3,2.0,2,descriptive_unstable_two_architectures_no_meaningful_inference
tcn,bandpass,10,covariance,V4,macro_ap,0.8075514951254471,3,1.0,2,descriptive_unstable_two_architectures_no_meaningful_inference
resnet,bandpass,10,covariance,V4,macro_auroc,0.9018516191636078,3,2.0,2,descriptive_unstable_two_architectures_no_meaningful_inference
tcn,bandpass,10,covariance,V4,macro_auroc,0.9175374013257703,3,1.0,2,descriptive_unstable_two_architectures_no_meaningful_inference
resnet,bandpass,10,covariance,V4,macro_f1,0.7051162989092572,3,2.0,2,descriptive_unstable_two_architectures_no_meaningful_inference
tcn,bandpass,10,covariance,V4,macro_f1,0.7361366415521765,3,1.0,2,descriptive_unstable_two_architectures_no_meaningful_inference
resnet,bandpass,10,covariance,V5,macro_ap,0.7714470090210327,3,2.0,2,descriptive_unstable_two_architectures_no_meaningful_inference
tcn,bandpass,10,covariance,V5,macro_ap,0.807658462118867,3,1.0,2,descriptive_unstable_two_architectures_no_meaningful_inference
resnet,bandpass,10,covariance,V5,macro_auroc,0.8994478122869413,3,2.0,2,descriptive_unstable_two_architectures_no_meaningful_inference
tcn,bandpass,10,covariance,V5,macro_auroc,0.9173775144269273,3,1.0,2,descriptive_unstable_two_architectures_no_meaningful_inference
resnet,bandpass,10,covariance,V5,macro_f1,0.6996576022190052,3,2.0,2,descriptive_unstable_two_architectures_no_meaningful_inference
tcn,bandpass,10,covariance,V5,macro_f1,0.7349965499894417,3,1.0,2,descriptive_unstable_two_architectures_no_meaningful_inference
resnet,bandpass,10,covariance,V6,macro_ap,0.7729053256310401,3,2.0,2,descriptive_unstable_two_architectures_no_meaningful_inference
tcn,bandpass,10,covariance,V6,macro_ap,0.8071661148217791,3,1.0,2,descriptive_unstable_two_architectures_no_meaningful_inference
resnet,bandpass,10,covariance,V6,macro_auroc,0.8995674359496789,3,2.0,2,descriptive_unstable_two_architectures_no_meaningful_inference
tcn,bandpass,10,covariance,V6,macro_auroc,0.9169785572216425,3,1.0,2,descriptive_unstable_two_architectures_no_meaningful_inference
resnet,bandpass,10,covariance,V6,macro_f1,0.6995394542806253,3,2.0,2,descriptive_unstable_two_architectures_no_meaningful_inference
tcn,bandpass,10,covariance,V6,macro_f1,0.7319045443654059,3,1.0,2,descriptive_unstable_two_architectures_no_meaningful_inference
resnet,bandpass,10,covariance,all,macro_ap,0.7673371379344229,3,2.0,2,descriptive_unstable_two_architectures_no_meaningful_inference
tcn,bandpass,10,covariance,all,macro_ap,0.803911488606874,3,1.0,2,descriptive_unstable_two_architectures_no_meaningful_inference
resnet,bandpass,10,covariance,all,macro_auroc,0.896042831223764,3,2.0,2,descriptive_unstable_two_architectures_no_meaningful_inference
tcn,bandpass,10,covariance,all,macro_auroc,0.915449609275805,3,1.0,2,descriptive_unstable_two_architectures_no_meaningful_inference
resnet,bandpass,10,covariance,all,macro_f1,0.6902779684777829,3,2.0,2,descriptive_unstable_two_architectures_no_meaningful_inference
tcn,bandpass,10,covariance,all,macro_f1,0.724091872547318,3,1.0,2,descriptive_unstable_two_architectures_no_meaningful_inference
resnet,bandpass,10,electrode,LA,macro_ap,0.7670055876221077,3,2.0,2,descriptive_unstable_two_architectures_no_meaningful_inference
tcn,bandpass,10,electrode,LA,macro_ap,0.8027853964245016,3,1.0,2,descriptive_unstable_two_architectures_no_meaningful_inference
resnet,bandpass,10,electrode,LA,macro_auroc,0.8963803252116046,3,2.0,2,descriptive_unstable_two_architectures_no_meaningful_inference
tcn,bandpass,10,electrode,LA,macro_auroc,0.9142413812374933,3,1.0,2,descriptive_unstable_two_architectures_no_meaningful_inference
resnet,bandpass,10,electrode,LA,macro_f1,0.688207003576348,3,2.0,2,descriptive_unstable_two_architectures_no_meaningful_inference
tcn,bandpass,10,electrode,LA,macro_f1,0.7152069054302362,3,1.0,2,descriptive_unstable_two_architectures_no_meaningful_inference
resnet,bandpass,10,electrode,LL,macro_ap,0.7573590439216273,3,2.0,2,descriptive_unstable_two_architectures_no_meaningful_inference
tcn,bandpass,10,electrode,LL,macro_ap,0.801658215110623,3,1.0,2,descriptive_unstable_two_architectures_no_meaningful_inference
resnet,bandpass,10,electrode,LL,macro_auroc,0.8905392341248547,3,2.0,2,descriptive_unstable_two_architectures_no_meaningful_inference
tcn,bandpass,10,electrode,LL,macro_auroc,0.9143463006756957,3,1.0,2,descriptive_unstable_two_architectures_no_meaningful_inference
resnet,bandpass,10,electrode,LL,macro_f1,0.671317977752193,3,2.0,2,descriptive_unstable_two_architectures_no_meaningful_inference
tcn,bandpass,10,electrode,LL,macro_f1,0.7181657087407377,3,1.0,2,descriptive_unstable_two_architectures_no_meaningful_inference
resnet,bandpass,10,electrode,RA,macro_ap,0.7648197719860587,3,2.0,2,descriptive_unstable_two_architectures_no_meaningful_inference
tcn,bandpass,10,electrode,RA,macro_ap,0.8023119882108308,3,1.0,2,descriptive_unstable_two_architectures_no_meaningful_inference
resnet,bandpass,10,electrode,RA,macro_auroc,0.8955581763042284,3,2.0,2,descriptive_unstable_two_architectures_no_meaningful_inference
tcn,bandpass,10,electrode,RA,macro_auroc,0.9150048884907922,3,1.0,2,descriptive_unstable_two_architectures_no_meaningful_inference
resnet,bandpass,10,electrode,RA,macro_f1,0.6912479866330744,3,2.0,2,descriptive_unstable_two_architectures_no_meaningful_inference
tcn,bandpass,10,electrode,RA,macro_f1,0.7246834212146339,3,1.0,2,descriptive_unstable_two_architectures_no_meaningful_inference
resnet,bandpass,10,electrode,V1,macro_ap,0.7684012123992879,3,2.0,2,descriptive_unstable_two_architectures_no_meaningful_inference
tcn,bandpass,10,electrode,V1,macro_ap,0.8060552365748865,3,1.0,2,descriptive_unstable_two_architectures_no_meaningful_inference
resnet,bandpass,10,electrode,V1,macro_auroc,0.8970559805512547,3,2.0,2,descriptive_unstable_two_architectures_no_meaningful_inference
tcn,bandpass,10,electrode,V1,macro_auroc,0.9168705754979061,3,1.0,2,descriptive_unstable_two_architectures_no_meaningful_inference
resnet,bandpass,10,electrode,V1,macro_f1,0.6945832369525702,3,2.0,2,descriptive_unstable_two_architectures_no_meaningful_inference
tcn,bandpass,10,electrode,V1,macro_f1,0.72685659626827,3,1.0,2,descriptive_unstable_two_architectures_no_meaningful_inference
resnet,bandpass,10,electrode,V2,macro_ap,0.7711543201844129,3,2.0,2,descriptive_unstable_two_architectures_no_meaningful_inference
tcn,bandpass,10,electrode,V2,macro_ap,0.8059513618928332,3,1.0,2,descriptive_unstable_two_architectures_no_meaningful_inference
resnet,bandpass,10,electrode,V2,macro_auroc,0.8990421772196354,3,2.0,2,descriptive_unstable_two_architectures_no_meaningful_inference
tcn,bandpass,10,electrode,V2,macro_auroc,0.916472502600162,3,1.0,2,descriptive_unstable_two_architectures_no_meaningful_inference
resnet,bandpass,10,electrode,V2,macro_f1,0.7014842396499569,3,2.0,2,descriptive_unstable_two_architectures_no_meaningful_inference
tcn,bandpass,10,electrode,V2,macro_f1,0.7309127699297949,3,1.0,2,descriptive_unstable_two_architectures_no_meaningful_inference
resnet,bandpass,10,electrode,V3,macro_ap,0.7715012770106897,3,2.0,2,descriptive_unstable_two_architectures_no_meaningful_inference
tcn,bandpass,10,electrode,V3,macro_ap,0.806522783600979,3,1.0,2,descriptive_unstable_two_architectures_no_meaningful_inference
resnet,bandpass,10,electrode,V3,macro_auroc,0.8995509099011656,3,2.0,2,descriptive_unstable_two_architectures_no_meaningful_inference
tcn,bandpass,10,electrode,V3,macro_auroc,0.9170901495314747,3,1.0,2,descriptive_unstable_two_architectures_no_meaningful_inference
resnet,bandpass,10,electrode,V3,macro_f1,0.7016456959472616,3,2.0,2,descriptive_unstable_two_architectures_no_meaningful_inference
tcn,bandpass,10,electrode,V3,macro_f1,0.7349854057373694,3,1.0,2,descriptive_unstable_two_architectures_no_meaningful_inference
resnet,bandpass,10,electrode,V4,macro_ap,0.7738982339766426,3,2.0,2,descriptive_unstable_two_architectures_no_meaningful_inference
tcn,bandpass,10,electrode,V4,macro_ap,0.807177308273098,3,1.0,2,descriptive_unstable_two_architectures_no_meaningful_inference
resnet,bandpass,10,electrode,V4,macro_auroc,0.9010508931996731,3,2.0,2,descriptive_unstable_two_architectures_no_meaningful_inference
tcn,bandpass,10,electrode,V4,macro_auroc,0.9175740516816755,3,1.0,2,descriptive_unstable_two_architectures_no_meaningful_inference
resnet,bandpass,10,electrode,V4,macro_f1,0.7038068627421888,3,2.0,2,descriptive_unstable_two_architectures_no_meaningful_inference
tcn,bandpass,10,electrode,V4,macro_f1,0.736142135199295,3,1.0,2,descriptive_unstable_two_architectures_no_meaningful_inference
resnet,bandpass,10,electrode,V5,macro_ap,0.7711577887205704,3,2.0,2,descriptive_unstable_two_architectures_no_meaningful_inference
tcn,bandpass,10,electrode,V5,macro_ap,0.8058310336653922,3,1.0,2,descriptive_unstable_two_architectures_no_meaningful_inference
resnet,bandpass,10,electrode,V5,macro_auroc,0.8995204221277352,3,2.0,2,descriptive_unstable_two_architectures_no_meaningful_inference
tcn,bandpass,10,electrode,V5,macro_auroc,0.9176016999703075,3,1.0,2,descriptive_unstable_two_architectures_no_meaningful_inference
resnet,bandpass,10,electrode,V5,macro_f1,0.7001008420328952,3,2.0,2,descriptive_unstable_two_architectures_no_meaningful_inference
tcn,bandpass,10,electrode,V5,macro_f1,0.7357074751454203,3,1.0,2,descriptive_unstable_two_architectures_no_meaningful_inference
resnet,bandpass,10,electrode,V6,macro_ap,0.7723235319928768,3,2.0,2,descriptive_unstable_two_architectures_no_meaningful_inference
tcn,bandpass,10,electrode,V6,macro_ap,0.8058599918198958,3,1.0,2,descriptive_unstable_two_architectures_no_meaningful_inference
resnet,bandpass,10,electrode,V6,macro_auroc,0.8994493365513119,3,2.0,2,descriptive_unstable_two_architectures_no_meaningful_inference
tcn,bandpass,10,electrode,V6,macro_auroc,0.9167013097917898,3,1.0,2,descriptive_unstable_two_architectures_no_meaningful_inference
resnet,bandpass,10,electrode,V6,macro_f1,0.7016422903746924,3,2.0,2,descriptive_unstable_two_architectures_no_meaningful_inference
tcn,bandpass,10,electrode,V6,macro_f1,0.7292254991911594,3,1.0,2,descriptive_unstable_two_architectures_no_meaningful_inference
resnet,bandpass,10,electrode,all,macro_ap,0.7651914397618222,3,2.0,2,descriptive_unstable_two_architectures_no_meaningful_inference
tcn,bandpass,10,electrode,all,macro_ap,0.8031220649992551,3,1.0,2,descriptive_unstable_two_architectures_no_meaningful_inference
resnet,bandpass,10,electrode,all,macro_auroc,0.8957086039847212,3,2.0,2,descriptive_unstable_two_architectures_no_meaningful_inference
tcn,bandpass,10,electrode,all,macro_auroc,0.9153467303097678,3,1.0,2,descriptive_unstable_two_architectures_no_meaningful_inference
resnet,bandpass,10,electrode,all,macro_f1,0.6908267775048994,3,2.0,2,descriptive_unstable_two_architectures_no_meaningful_inference
tcn,bandpass,10,electrode,all,macro_f1,0.7233972773998557,3,1.0,2,descriptive_unstable_two_architectures_no_meaningful_inference
resnet,bandpass,10,independent,all,macro_ap,0.7704463306408678,3,2.0,2,descriptive_unstable_two_architectures_no_meaningful_inference
tcn,bandpass,10,independent,all,macro_ap,0.8058939862146084,3,1.0,2,descriptive_unstable_two_architectures_no_meaningful_inference
resnet,bandpass,10,independent,all,macro_auroc,0.8993311474705162,3,2.0,2,descriptive_unstable_two_architectures_no_meaningful_inference
tcn,bandpass,10,independent,all,macro_auroc,0.9165372411162053,3,1.0,2,descriptive_unstable_two_architectures_no_meaningful_inference
resnet,bandpass,10,independent,all,macro_f1,0.6968020348435013,3,2.0,2,descriptive_unstable_two_architectures_no_meaningful_inference
tcn,bandpass,10,independent,all,macro_f1,0.7304065912875256,3,1.0,2,descriptive_unstable_two_architectures_no_meaningful_inference
resnet,bandpass,10,independent_rms,LA,macro_ap,0.7691548639921396,3,2.0,2,descriptive_unstable_two_architectures_no_meaningful_inference
tcn,bandpass,10,independent_rms,LA,macro_ap,0.8056248420087314,3,1.0,2,descriptive_unstable_two_architectures_no_meaningful_inference
resnet,bandpass,10,independent_rms,LA,macro_auroc,0.8987797871201734,3,2.0,2,descriptive_unstable_two_architectures_no_meaningful_inference
tcn,bandpass,10,independent_rms,LA,macro_auroc,0.916174045817023,3,1.0,2,descriptive_unstable_two_architectures_no_meaningful_inference
resnet,bandpass,10,independent_rms,LA,macro_f1,0.6967255794934649,3,2.0,2,descriptive_unstable_two_architectures_no_meaningful_inference
tcn,bandpass,10,independent_rms,LA,macro_f1,0.7292531669913198,3,1.0,2,descriptive_unstable_two_architectures_no_meaningful_inference
resnet,bandpass,10,independent_rms,LL,macro_ap,0.768759720559998,3,2.0,2,descriptive_unstable_two_architectures_no_meaningful_inference
tcn,bandpass,10,independent_rms,LL,macro_ap,0.8047641640394199,3,1.0,2,descriptive_unstable_two_architectures_no_meaningful_inference
resnet,bandpass,10,independent_rms,LL,macro_auroc,0.8979594986614187,3,2.0,2,descriptive_unstable_two_architectures_no_meaningful_inference
tcn,bandpass,10,independent_rms,LL,macro_auroc,0.9159464760529619,3,1.0,2,descriptive_unstable_two_architectures_no_meaningful_inference
resnet,bandpass,10,independent_rms,LL,macro_f1,0.6957878138747189,3,2.0,2,descriptive_unstable_two_architectures_no_meaningful_inference
tcn,bandpass,10,independent_rms,LL,macro_f1,0.7295691766488362,3,1.0,2,descriptive_unstable_two_architectures_no_meaningful_inference
resnet,bandpass,10,independent_rms,RA,macro_ap,0.7699114873697904,3,2.0,2,descriptive_unstable_two_architectures_no_meaningful_inference
tcn,bandpass,10,independent_rms,RA,macro_ap,0.8054949265592235,3,1.0,2,descriptive_unstable_two_architectures_no_meaningful_inference
resnet,bandpass,10,independent_rms,RA,macro_auroc,0.8987214543665601,3,2.0,2,descriptive_unstable_two_architectures_no_meaningful_inference
tcn,bandpass,10,independent_rms,RA,macro_auroc,0.9165168338226811,3,1.0,2,descriptive_unstable_two_architectures_no_meaningful_inference
resnet,bandpass,10,independent_rms,RA,macro_f1,0.6983526789464358,3,2.0,2,descriptive_unstable_two_architectures_no_meaningful_inference
tcn,bandpass,10,independent_rms,RA,macro_f1,0.7303770513840936,3,1.0,2,descriptive_unstable_two_architectures_no_meaningful_inference
resnet,bandpass,10,independent_rms,V1,macro_ap,0.769210873453778,3,2.0,2,descriptive_unstable_two_architectures_no_meaningful_inference
tcn,bandpass,10,independent_rms,V1,macro_ap,0.8059899673106337,3,1.0,2,descriptive_unstable_two_architectures_no_meaningful_inference
resnet,bandpass,10,independent_rms,V1,macro_auroc,0.8978155542855183,3,2.0,2,descriptive_unstable_two_architectures_no_meaningful_inference
tcn,bandpass,10,independent_rms,V1,macro_auroc,0.9167629102311681,3,1.0,2,descriptive_unstable_two_architectures_no_meaningful_inference
resnet,bandpass,10,independent_rms,V1,macro_f1,0.6965544710142701,3,2.0,2,descriptive_unstable_two_architectures_no_meaningful_inference
tcn,bandpass,10,independent_rms,V1,macro_f1,0.7268333278305855,3,1.0,2,descriptive_unstable_two_architectures_no_meaningful_inference
resnet,bandpass,10,independent_rms,V2,macro_ap,0.7722088442688911,3,2.0,2,descriptive_unstable_two_architectures_no_meaningful_inference
tcn,bandpass,10,independent_rms,V2,macro_ap,0.8062724386523467,3,1.0,2,descriptive_unstable_two_architectures_no_meaningful_inference
resnet,bandpass,10,independent_rms,V2,macro_auroc,0.8992302876227316,3,2.0,2,descriptive_unstable_two_architectures_no_meaningful_inference
tcn,bandpass,10,independent_rms,V2,macro_auroc,0.9166254735009796,3,1.0,2,descriptive_unstable_two_architectures_no_meaningful_inference
resnet,bandpass,10,independent_rms,V2,macro_f1,0.69778359477707,3,2.0,2,descriptive_unstable_two_architectures_no_meaningful_inference
tcn,bandpass,10,independent_rms,V2,macro_f1,0.7307540938744547,3,1.0,2,descriptive_unstable_two_architectures_no_meaningful_inference
resnet,bandpass,10,independent_rms,V3,macro_ap,0.7748559141044641,3,2.0,2,descriptive_unstable_two_architectures_no_meaningful_inference
tcn,bandpass,10,independent_rms,V3,macro_ap,0.8075014522075049,3,1.0,2,descriptive_unstable_two_architectures_no_meaningful_inference
resnet,bandpass,10,independent_rms,V3,macro_auroc,0.9008713711971751,3,2.0,2,descriptive_unstable_two_architectures_no_meaningful_inference
tcn,bandpass,10,independent_rms,V3,macro_auroc,0.9172232476180401,3,1.0,2,descriptive_unstable_two_architectures_no_meaningful_inference
resnet,bandpass,10,independent_rms,V3,macro_f1,0.7011000587973686,3,2.0,2,descriptive_unstable_two_architectures_no_meaningful_inference
tcn,bandpass,10,independent_rms,V3,macro_f1,0.7340256104844114,3,1.0,2,descriptive_unstable_two_architectures_no_meaningful_inference
resnet,bandpass,10,independent_rms,V4,macro_ap,0.7739123848613075,3,2.0,2,descriptive_unstable_two_architectures_no_meaningful_inference
tcn,bandpass,10,independent_rms,V4,macro_ap,0.8072000222629286,3,1.0,2,descriptive_unstable_two_architectures_no_meaningful_inference
resnet,bandpass,10,independent_rms,V4,macro_auroc,0.9012137226521754,3,2.0,2,descriptive_unstable_two_architectures_no_meaningful_inference
tcn,bandpass,10,independent_rms,V4,macro_auroc,0.9174939539263028,3,1.0,2,descriptive_unstable_two_architectures_no_meaningful_inference
resnet,bandpass,10,independent_rms,V4,macro_f1,0.7028875213357669,3,2.0,2,descriptive_unstable_two_architectures_no_meaningful_inference
tcn,bandpass,10,independent_rms,V4,macro_f1,0.7356508600230652,3,1.0,2,descriptive_unstable_two_architectures_no_meaningful_inference
resnet,bandpass,10,independent_rms,V5,macro_ap,0.7714923035340036,3,2.0,2,descriptive_unstable_two_architectures_no_meaningful_inference
tcn,bandpass,10,independent_rms,V5,macro_ap,0.8058862742554749,3,1.0,2,descriptive_unstable_two_architectures_no_meaningful_inference
resnet,bandpass,10,independent_rms,V5,macro_auroc,0.8993596562471131,3,2.0,2,descriptive_unstable_two_architectures_no_meaningful_inference
tcn,bandpass,10,independent_rms,V5,macro_auroc,0.916959164865657,3,1.0,2,descriptive_unstable_two_architectures_no_meaningful_inference
resnet,bandpass,10,independent_rms,V5,macro_f1,0.6984264234571672,3,2.0,2,descriptive_unstable_two_architectures_no_meaningful_inference
tcn,bandpass,10,independent_rms,V5,macro_f1,0.7336277378467392,3,1.0,2,descriptive_unstable_two_architectures_no_meaningful_inference
resnet,bandpass,10,independent_rms,V6,macro_ap,0.7713454828605443,3,2.0,2,descriptive_unstable_two_architectures_no_meaningful_inference
tcn,bandpass,10,independent_rms,V6,macro_ap,0.8063427949386178,3,1.0,2,descriptive_unstable_two_architectures_no_meaningful_inference
resnet,bandpass,10,independent_rms,V6,macro_auroc,0.8993999656080848,3,2.0,2,descriptive_unstable_two_architectures_no_meaningful_inference
tcn,bandpass,10,independent_rms,V6,macro_auroc,0.917177058552911,3,1.0,2,descriptive_unstable_two_architectures_no_meaningful_inference
resnet,bandpass,10,independent_rms,V6,macro_f1,0.6994211046899315,3,2.0,2,descriptive_unstable_two_architectures_no_meaningful_inference
tcn,bandpass,10,independent_rms,V6,macro_f1,0.7312754971348747,3,1.0,2,descriptive_unstable_two_architectures_no_meaningful_inference
resnet,bandpass,10,independent_rms,all,macro_ap,0.7700274266388473,3,2.0,2,descriptive_unstable_two_architectures_no_meaningful_inference
tcn,bandpass,10,independent_rms,all,macro_ap,0.805693959379917,3,1.0,2,descriptive_unstable_two_architectures_no_meaningful_inference
resnet,bandpass,10,independent_rms,all,macro_auroc,0.8990906325755031,3,2.0,2,descriptive_unstable_two_architectures_no_meaningful_inference
tcn,bandpass,10,independent_rms,all,macro_auroc,0.9164176710793702,3,1.0,2,descriptive_unstable_two_architectures_no_meaningful_inference
resnet,bandpass,10,independent_rms,all,macro_f1,0.6961078231855319,3,2.0,2,descriptive_unstable_two_architectures_no_meaningful_inference
tcn,bandpass,10,independent_rms,all,macro_f1,0.7298138591606488,3,1.0,2,descriptive_unstable_two_architectures_no_meaningful_inference
resnet,bandpass,20,covariance,all,macro_ap,0.7847936359077595,3,2.0,2,descriptive_unstable_two_architectures_no_meaningful_inference
tcn,bandpass,20,covariance,all,macro_ap,0.8088394133415987,3,1.0,2,descriptive_unstable_two_architectures_no_meaningful_inference
resnet,bandpass,20,covariance,all,macro_auroc,0.9067842233174627,3,2.0,2,descriptive_unstable_two_architectures_no_meaningful_inference
tcn,bandpass,20,covariance,all,macro_auroc,0.9187297394478419,3,1.0,2,descriptive_unstable_two_architectures_no_meaningful_inference
resnet,bandpass,20,covariance,all,macro_f1,0.7172669039658729,3,2.0,2,descriptive_unstable_two_architectures_no_meaningful_inference
tcn,bandpass,20,covariance,all,macro_f1,0.7399045284186324,3,1.0,2,descriptive_unstable_two_architectures_no_meaningful_inference
resnet,bandpass,20,electrode,all,macro_ap,0.7835116570406574,3,2.0,2,descriptive_unstable_two_architectures_no_meaningful_inference
tcn,bandpass,20,electrode,all,macro_ap,0.8085369548310265,3,1.0,2,descriptive_unstable_two_architectures_no_meaningful_inference
resnet,bandpass,20,electrode,all,macro_auroc,0.9063889143258924,3,2.0,2,descriptive_unstable_two_architectures_no_meaningful_inference
tcn,bandpass,20,electrode,all,macro_auroc,0.9186039256995873,3,1.0,2,descriptive_unstable_two_architectures_no_meaningful_inference
resnet,bandpass,20,electrode,all,macro_f1,0.7156472681788847,3,2.0,2,descriptive_unstable_two_architectures_no_meaningful_inference
tcn,bandpass,20,electrode,all,macro_f1,0.7390915086913988,3,1.0,2,descriptive_unstable_two_architectures_no_meaningful_inference
resnet,bandpass,20,independent,all,macro_ap,0.784414734624801,3,2.0,2,descriptive_unstable_two_architectures_no_meaningful_inference
tcn,bandpass,20,independent,all,macro_ap,0.80873710923042,3,1.0,2,descriptive_unstable_two_architectures_no_meaningful_inference
resnet,bandpass,20,independent,all,macro_auroc,0.9069561861042952,3,2.0,2,descriptive_unstable_two_architectures_no_meaningful_inference
tcn,bandpass,20,independent,all,macro_auroc,0.918678843891256,3,1.0,2,descriptive_unstable_two_architectures_no_meaningful_inference
resnet,bandpass,20,independent,all,macro_f1,0.7167358455979226,3,2.0,2,descriptive_unstable_two_architectures_no_meaningful_inference
tcn,bandpass,20,independent,all,macro_f1,0.7386852045675799,3,1.0,2,descriptive_unstable_two_architectures_no_meaningful_inference
resnet,bandpass,20,independent_rms,all,macro_ap,0.7843113948928937,3,2.0,2,descriptive_unstable_two_architectures_no_meaningful_inference
tcn,bandpass,20,independent_rms,all,macro_ap,0.8087382650175378,3,1.0,2,descriptive_unstable_two_architectures_no_meaningful_inference
resnet,bandpass,20,independent_rms,all,macro_auroc,0.9069156054003056,3,2.0,2,descriptive_unstable_two_architectures_no_meaningful_inference
tcn,bandpass,20,independent_rms,all,macro_auroc,0.918666933737363,3,1.0,2,descriptive_unstable_two_architectures_no_meaningful_inference
resnet,bandpass,20,independent_rms,all,macro_f1,0.7165456547491195,3,2.0,2,descriptive_unstable_two_architectures_no_meaningful_inference
tcn,bandpass,20,independent_rms,all,macro_f1,0.7388570433326135,3,1.0,2,descriptive_unstable_two_architectures_no_meaningful_inference
resnet,bw,0,covariance,all,macro_ap,0.7502932473355303,3,2.0,2,descriptive_unstable_two_architectures_no_meaningful_inference
tcn,bw,0,covariance,all,macro_ap,0.7648716599889873,3,1.0,2,descriptive_unstable_two_architectures_no_meaningful_inference
resnet,bw,0,covariance,all,macro_auroc,0.8842252238866419,3,2.0,2,descriptive_unstable_two_architectures_no_meaningful_inference
tcn,bw,0,covariance,all,macro_auroc,0.8943503096174826,3,1.0,2,descriptive_unstable_two_architectures_no_meaningful_inference
resnet,bw,0,covariance,all,macro_f1,0.6797709254661007,3,2.0,2,descriptive_unstable_two_architectures_no_meaningful_inference
tcn,bw,0,covariance,all,macro_f1,0.6893215133826871,3,1.0,2,descriptive_unstable_two_architectures_no_meaningful_inference
resnet,bw,0,electrode,all,macro_ap,0.7466233812424902,3,2.0,2,descriptive_unstable_two_architectures_no_meaningful_inference
tcn,bw,0,electrode,all,macro_ap,0.7621969179782204,3,1.0,2,descriptive_unstable_two_architectures_no_meaningful_inference
resnet,bw,0,electrode,all,macro_auroc,0.8837752765261898,3,2.0,2,descriptive_unstable_two_architectures_no_meaningful_inference
tcn,bw,0,electrode,all,macro_auroc,0.8948398798156622,3,1.0,2,descriptive_unstable_two_architectures_no_meaningful_inference
resnet,bw,0,electrode,all,macro_f1,0.6774252801404894,3,2.0,2,descriptive_unstable_two_architectures_no_meaningful_inference
tcn,bw,0,electrode,all,macro_f1,0.6865372775022959,3,1.0,2,descriptive_unstable_two_architectures_no_meaningful_inference
resnet,bw,0,independent,all,macro_ap,0.7490317205907965,3,2.0,2,descriptive_unstable_two_architectures_no_meaningful_inference
tcn,bw,0,independent,all,macro_ap,0.759781559849611,3,1.0,2,descriptive_unstable_two_architectures_no_meaningful_inference
resnet,bw,0,independent,all,macro_auroc,0.884067189931776,3,2.0,2,descriptive_unstable_two_architectures_no_meaningful_inference
tcn,bw,0,independent,all,macro_auroc,0.8933272658728272,3,1.0,2,descriptive_unstable_two_architectures_no_meaningful_inference
resnet,bw,0,independent,all,macro_f1,0.6757787850769269,3,2.0,2,descriptive_unstable_two_architectures_no_meaningful_inference
tcn,bw,0,independent,all,macro_f1,0.6828766693474818,3,1.0,2,descriptive_unstable_two_architectures_no_meaningful_inference
resnet,bw,0,independent_rms,all,macro_ap,0.7499847490998933,3,2.0,2,descriptive_unstable_two_architectures_no_meaningful_inference
tcn,bw,0,independent_rms,all,macro_ap,0.7596905295050317,3,1.0,2,descriptive_unstable_two_architectures_no_meaningful_inference
resnet,bw,0,independent_rms,all,macro_auroc,0.8846325075883547,3,2.0,2,descriptive_unstable_two_architectures_no_meaningful_inference
tcn,bw,0,independent_rms,all,macro_auroc,0.8926598621372673,3,1.0,2,descriptive_unstable_two_architectures_no_meaningful_inference
resnet,bw,0,independent_rms,all,macro_f1,0.6716462955063864,3,2.0,2,descriptive_unstable_two_architectures_no_meaningful_inference
tcn,bw,0,independent_rms,all,macro_f1,0.6778899480411602,3,1.0,2,descriptive_unstable_two_architectures_no_meaningful_inference
resnet,bw,10,covariance,all,macro_ap,0.7841728317182013,3,2.0,2,descriptive_unstable_two_architectures_no_meaningful_inference
tcn,bw,10,covariance,all,macro_ap,0.8061052658670218,3,1.0,2,descriptive_unstable_two_architectures_no_meaningful_inference
resnet,bw,10,covariance,all,macro_auroc,0.90578968576864,3,2.0,2,descriptive_unstable_two_architectures_no_meaningful_inference
tcn,bw,10,covariance,all,macro_auroc,0.9163518181795663,3,1.0,2,descriptive_unstable_two_architectures_no_meaningful_inference
resnet,bw,10,covariance,all,macro_f1,0.711052347992927,3,2.0,2,descriptive_unstable_two_architectures_no_meaningful_inference
tcn,bw,10,covariance,all,macro_f1,0.7350208861040484,3,1.0,2,descriptive_unstable_two_architectures_no_meaningful_inference
resnet,bw,10,electrode,all,macro_ap,0.7814837383111154,3,2.0,2,descriptive_unstable_two_architectures_no_meaningful_inference
tcn,bw,10,electrode,all,macro_ap,0.8043220729674032,3,1.0,2,descriptive_unstable_two_architectures_no_meaningful_inference
resnet,bw,10,electrode,all,macro_auroc,0.9050890732139449,3,2.0,2,descriptive_unstable_two_architectures_no_meaningful_inference
tcn,bw,10,electrode,all,macro_auroc,0.915741256936157,3,1.0,2,descriptive_unstable_two_architectures_no_meaningful_inference
resnet,bw,10,electrode,all,macro_f1,0.7122181604668785,3,2.0,2,descriptive_unstable_two_architectures_no_meaningful_inference
tcn,bw,10,electrode,all,macro_f1,0.7334263307013617,3,1.0,2,descriptive_unstable_two_architectures_no_meaningful_inference
resnet,bw,10,independent,all,macro_ap,0.7818421047992916,3,2.0,2,descriptive_unstable_two_architectures_no_meaningful_inference
tcn,bw,10,independent,all,macro_ap,0.8070594854260656,3,1.0,2,descriptive_unstable_two_architectures_no_meaningful_inference
resnet,bw,10,independent,all,macro_auroc,0.904795153944104,3,2.0,2,descriptive_unstable_two_architectures_no_meaningful_inference
tcn,bw,10,independent,all,macro_auroc,0.9171112947262285,3,1.0,2,descriptive_unstable_two_architectures_no_meaningful_inference
resnet,bw,10,independent,all,macro_f1,0.7127328493668365,3,2.0,2,descriptive_unstable_two_architectures_no_meaningful_inference
tcn,bw,10,independent,all,macro_f1,0.7376494543083933,3,1.0,2,descriptive_unstable_two_architectures_no_meaningful_inference
resnet,bw,10,independent_rms,all,macro_ap,0.7823570192609152,3,2.0,2,descriptive_unstable_two_architectures_no_meaningful_inference
tcn,bw,10,independent_rms,all,macro_ap,0.8065819725244818,3,1.0,2,descriptive_unstable_two_architectures_no_meaningful_inference
resnet,bw,10,independent_rms,all,macro_auroc,0.9050398947875767,3,2.0,2,descriptive_unstable_two_architectures_no_meaningful_inference
tcn,bw,10,independent_rms,all,macro_auroc,0.9165912110086883,3,1.0,2,descriptive_unstable_two_architectures_no_meaningful_inference
resnet,bw,10,independent_rms,all,macro_f1,0.7121480499444303,3,2.0,2,descriptive_unstable_two_architectures_no_meaningful_inference
tcn,bw,10,independent_rms,all,macro_f1,0.7360484706592514,3,1.0,2,descriptive_unstable_two_architectures_no_meaningful_inference
resnet,bw,20,covariance,all,macro_ap,0.7861355828582272,3,2.0,2,descriptive_unstable_two_architectures_no_meaningful_inference
tcn,bw,20,covariance,all,macro_ap,0.8090911430511407,3,1.0,2,descriptive_unstable_two_architectures_no_meaningful_inference
resnet,bw,20,covariance,all,macro_auroc,0.9077580767491912,3,2.0,2,descriptive_unstable_two_architectures_no_meaningful_inference
tcn,bw,20,covariance,all,macro_auroc,0.9187267921554633,3,1.0,2,descriptive_unstable_two_architectures_no_meaningful_inference
resnet,bw,20,covariance,all,macro_f1,0.7166444919118153,3,2.0,2,descriptive_unstable_two_architectures_no_meaningful_inference
tcn,bw,20,covariance,all,macro_f1,0.7413565107249473,3,1.0,2,descriptive_unstable_two_architectures_no_meaningful_inference
resnet,bw,20,electrode,all,macro_ap,0.7856692789612993,3,2.0,2,descriptive_unstable_two_architectures_no_meaningful_inference
tcn,bw,20,electrode,all,macro_ap,0.8085977882394143,3,1.0,2,descriptive_unstable_two_architectures_no_meaningful_inference
resnet,bw,20,electrode,all,macro_auroc,0.9077523291925925,3,2.0,2,descriptive_unstable_two_architectures_no_meaningful_inference
tcn,bw,20,electrode,all,macro_auroc,0.9186301763258692,3,1.0,2,descriptive_unstable_two_architectures_no_meaningful_inference
resnet,bw,20,electrode,all,macro_f1,0.7168666907612332,3,2.0,2,descriptive_unstable_two_architectures_no_meaningful_inference
tcn,bw,20,electrode,all,macro_f1,0.7394679218750131,3,1.0,2,descriptive_unstable_two_architectures_no_meaningful_inference
resnet,bw,20,independent,all,macro_ap,0.7854459987274559,3,2.0,2,descriptive_unstable_two_architectures_no_meaningful_inference
tcn,bw,20,independent,all,macro_ap,0.8093909072184737,3,1.0,2,descriptive_unstable_two_architectures_no_meaningful_inference
resnet,bw,20,independent,all,macro_auroc,0.9073745134330004,3,2.0,2,descriptive_unstable_two_architectures_no_meaningful_inference
tcn,bw,20,independent,all,macro_auroc,0.9189152754762636,3,1.0,2,descriptive_unstable_two_architectures_no_meaningful_inference
resnet,bw,20,independent,all,macro_f1,0.7170250707875748,3,2.0,2,descriptive_unstable_two_architectures_no_meaningful_inference
tcn,bw,20,independent,all,macro_f1,0.7407524582413214,3,1.0,2,descriptive_unstable_two_architectures_no_meaningful_inference
resnet,bw,20,independent_rms,all,macro_ap,0.7854432839158173,3,2.0,2,descriptive_unstable_two_architectures_no_meaningful_inference
tcn,bw,20,independent_rms,all,macro_ap,0.8091567388757968,3,1.0,2,descriptive_unstable_two_architectures_no_meaningful_inference
resnet,bw,20,independent_rms,all,macro_auroc,0.9074546475206632,3,2.0,2,descriptive_unstable_two_architectures_no_meaningful_inference
tcn,bw,20,independent_rms,all,macro_auroc,0.9187109059293138,3,1.0,2,descriptive_unstable_two_architectures_no_meaningful_inference
resnet,bw,20,independent_rms,all,macro_f1,0.7167091245980624,3,2.0,2,descriptive_unstable_two_architectures_no_meaningful_inference
tcn,bw,20,independent_rms,all,macro_f1,0.7398385945045666,3,1.0,2,descriptive_unstable_two_architectures_no_meaningful_inference
resnet,clean,100,clean,all,macro_ap,0.7860689412183332,3,2.0,2,descriptive_unstable_two_architectures_no_meaningful_inference
tcn,clean,100,clean,all,macro_ap,0.8089576676506129,3,1.0,2,descriptive_unstable_two_architectures_no_meaningful_inference
resnet,clean,100,clean,all,macro_auroc,0.9078346884220357,3,2.0,2,descriptive_unstable_two_architectures_no_meaningful_inference
tcn,clean,100,clean,all,macro_auroc,0.918860668598997,3,1.0,2,descriptive_unstable_two_architectures_no_meaningful_inference
resnet,clean,100,clean,all,macro_f1,0.7177358305257698,3,2.0,2,descriptive_unstable_two_architectures_no_meaningful_inference
tcn,clean,100,clean,all,macro_f1,0.7405847289575919,3,1.0,2,descriptive_unstable_two_architectures_no_meaningful_inference
resnet,em,0,covariance,all,macro_ap,0.6858788496965248,3,2.0,2,descriptive_unstable_two_architectures_no_meaningful_inference
tcn,em,0,covariance,all,macro_ap,0.7323207536784501,3,1.0,2,descriptive_unstable_two_architectures_no_meaningful_inference
resnet,em,0,covariance,all,macro_auroc,0.8456732470221549,3,2.0,2,descriptive_unstable_two_architectures_no_meaningful_inference
tcn,em,0,covariance,all,macro_auroc,0.8737045397895425,3,1.0,2,descriptive_unstable_two_architectures_no_meaningful_inference
resnet,em,0,covariance,all,macro_f1,0.5802556535428659,3,2.0,2,descriptive_unstable_two_architectures_no_meaningful_inference
tcn,em,0,covariance,all,macro_f1,0.590738355623957,3,1.0,2,descriptive_unstable_two_architectures_no_meaningful_inference
resnet,em,0,electrode,all,macro_ap,0.6860046720805993,3,2.0,2,descriptive_unstable_two_architectures_no_meaningful_inference
tcn,em,0,electrode,all,macro_ap,0.724179975658072,3,1.0,2,descriptive_unstable_two_architectures_no_meaningful_inference
resnet,em,0,electrode,all,macro_auroc,0.8444358575038549,3,2.0,2,descriptive_unstable_two_architectures_no_meaningful_inference
tcn,em,0,electrode,all,macro_auroc,0.8671655670293289,3,1.0,2,descriptive_unstable_two_architectures_no_meaningful_inference
resnet,em,0,electrode,all,macro_f1,0.568977357747575,3,1.0,2,descriptive_unstable_two_architectures_no_meaningful_inference
tcn,em,0,electrode,all,macro_f1,0.565183042964191,3,2.0,2,descriptive_unstable_two_architectures_no_meaningful_inference
resnet,em,0,independent,all,macro_ap,0.7142383620697558,3,2.0,2,descriptive_unstable_two_architectures_no_meaningful_inference
tcn,em,0,independent,all,macro_ap,0.7534785045269551,3,1.0,2,descriptive_unstable_two_architectures_no_meaningful_inference
resnet,em,0,independent,all,macro_auroc,0.862458303533499,3,2.0,2,descriptive_unstable_two_architectures_no_meaningful_inference
tcn,em,0,independent,all,macro_auroc,0.887978151942222,3,1.0,2,descriptive_unstable_two_architectures_no_meaningful_inference
resnet,em,0,independent,all,macro_f1,0.6148058960243543,3,2.0,2,descriptive_unstable_two_architectures_no_meaningful_inference
tcn,em,0,independent,all,macro_f1,0.6352794840402942,3,1.0,2,descriptive_unstable_two_architectures_no_meaningful_inference
resnet,em,0,independent_rms,all,macro_ap,0.7195184967359616,3,2.0,2,descriptive_unstable_two_architectures_no_meaningful_inference
tcn,em,0,independent_rms,all,macro_ap,0.7563556886415301,3,1.0,2,descriptive_unstable_two_architectures_no_meaningful_inference
resnet,em,0,independent_rms,all,macro_auroc,0.8670013255624935,3,2.0,2,descriptive_unstable_two_architectures_no_meaningful_inference
tcn,em,0,independent_rms,all,macro_auroc,0.8887296033667189,3,1.0,2,descriptive_unstable_two_architectures_no_meaningful_inference
resnet,em,0,independent_rms,all,macro_f1,0.6339894478928606,3,2.0,2,descriptive_unstable_two_architectures_no_meaningful_inference
tcn,em,0,independent_rms,all,macro_f1,0.6526059065296452,3,1.0,2,descriptive_unstable_two_architectures_no_meaningful_inference
resnet,em,10,covariance,all,macro_ap,0.7727196964996125,3,2.0,2,descriptive_unstable_two_architectures_no_meaningful_inference
tcn,em,10,covariance,all,macro_ap,0.8042818187869494,3,1.0,2,descriptive_unstable_two_architectures_no_meaningful_inference
resnet,em,10,covariance,all,macro_auroc,0.8997739974221542,3,2.0,2,descriptive_unstable_two_architectures_no_meaningful_inference
tcn,em,10,covariance,all,macro_auroc,0.9152461094074459,3,1.0,2,descriptive_unstable_two_architectures_no_meaningful_inference
resnet,em,10,covariance,all,macro_f1,0.7013474873662185,3,2.0,2,descriptive_unstable_two_architectures_no_meaningful_inference
tcn,em,10,covariance,all,macro_f1,0.7319704498428753,3,1.0,2,descriptive_unstable_two_architectures_no_meaningful_inference
resnet,em,10,electrode,all,macro_ap,0.7730069316638498,3,2.0,2,descriptive_unstable_two_architectures_no_meaningful_inference
tcn,em,10,electrode,all,macro_ap,0.8042500925384458,3,1.0,2,descriptive_unstable_two_architectures_no_meaningful_inference
resnet,em,10,electrode,all,macro_auroc,0.8992837304759845,3,2.0,2,descriptive_unstable_two_architectures_no_meaningful_inference
tcn,em,10,electrode,all,macro_auroc,0.9146558830527237,3,1.0,2,descriptive_unstable_two_architectures_no_meaningful_inference
resnet,em,10,electrode,all,macro_f1,0.7047447194111433,3,2.0,2,descriptive_unstable_two_architectures_no_meaningful_inference
tcn,em,10,electrode,all,macro_f1,0.7276467915387433,3,1.0,2,descriptive_unstable_two_architectures_no_meaningful_inference
resnet,em,10,independent,all,macro_ap,0.7785906477475022,3,2.0,2,descriptive_unstable_two_architectures_no_meaningful_inference
tcn,em,10,independent,all,macro_ap,0.8061018037866275,3,1.0,2,descriptive_unstable_two_architectures_no_meaningful_inference
resnet,em,10,independent,all,macro_auroc,0.9025507546000887,3,2.0,2,descriptive_unstable_two_architectures_no_meaningful_inference
tcn,em,10,independent,all,macro_auroc,0.9163849265014449,3,1.0,2,descriptive_unstable_two_architectures_no_meaningful_inference
resnet,em,10,independent,all,macro_f1,0.7104623738119908,3,2.0,2,descriptive_unstable_two_architectures_no_meaningful_inference
tcn,em,10,independent,all,macro_f1,0.734943849917635,3,1.0,2,descriptive_unstable_two_architectures_no_meaningful_inference
resnet,em,10,independent_rms,all,macro_ap,0.7783377523804175,3,2.0,2,descriptive_unstable_two_architectures_no_meaningful_inference
tcn,em,10,independent_rms,all,macro_ap,0.8057302226781499,3,1.0,2,descriptive_unstable_two_architectures_no_meaningful_inference
resnet,em,10,independent_rms,all,macro_auroc,0.9028525083864755,3,2.0,2,descriptive_unstable_two_architectures_no_meaningful_inference
tcn,em,10,independent_rms,all,macro_auroc,0.9162170070041955,3,1.0,2,descriptive_unstable_two_architectures_no_meaningful_inference
resnet,em,10,independent_rms,all,macro_f1,0.709555687874239,3,2.0,2,descriptive_unstable_two_architectures_no_meaningful_inference
tcn,em,10,independent_rms,all,macro_f1,0.7343611790833505,3,1.0,2,descriptive_unstable_two_architectures_no_meaningful_inference
resnet,em,20,covariance,all,macro_ap,0.7838383987611408,3,2.0,2,descriptive_unstable_two_architectures_no_meaningful_inference
tcn,em,20,covariance,all,macro_ap,0.8089970029650418,3,1.0,2,descriptive_unstable_two_architectures_no_meaningful_inference
resnet,em,20,covariance,all,macro_auroc,0.9066496341094403,3,2.0,2,descriptive_unstable_two_architectures_no_meaningful_inference
tcn,em,20,covariance,all,macro_auroc,0.9186773931975764,3,1.0,2,descriptive_unstable_two_architectures_no_meaningful_inference
resnet,em,20,covariance,all,macro_f1,0.7155478062404196,3,2.0,2,descriptive_unstable_two_architectures_no_meaningful_inference
tcn,em,20,covariance,all,macro_f1,0.7406350334709059,3,1.0,2,descriptive_unstable_two_architectures_no_meaningful_inference
resnet,em,20,electrode,all,macro_ap,0.7847520116855614,3,2.0,2,descriptive_unstable_two_architectures_no_meaningful_inference
tcn,em,20,electrode,all,macro_ap,0.8090148163891114,3,1.0,2,descriptive_unstable_two_architectures_no_meaningful_inference
resnet,em,20,electrode,all,macro_auroc,0.9069729874784785,3,2.0,2,descriptive_unstable_two_architectures_no_meaningful_inference
tcn,em,20,electrode,all,macro_auroc,0.9186769398448145,3,1.0,2,descriptive_unstable_two_architectures_no_meaningful_inference
resnet,em,20,electrode,all,macro_f1,0.7167768769635364,3,2.0,2,descriptive_unstable_two_architectures_no_meaningful_inference
tcn,em,20,electrode,all,macro_f1,0.739407736381716,3,1.0,2,descriptive_unstable_two_architectures_no_meaningful_inference
resnet,em,20,independent,all,macro_ap,0.7854754334378082,3,2.0,2,descriptive_unstable_two_architectures_no_meaningful_inference
tcn,em,20,independent,all,macro_ap,0.8089384439354431,3,1.0,2,descriptive_unstable_two_architectures_no_meaningful_inference
resnet,em,20,independent,all,macro_auroc,0.9074819495338952,3,2.0,2,descriptive_unstable_two_architectures_no_meaningful_inference
tcn,em,20,independent,all,macro_auroc,0.9187130606506403,3,1.0,2,descriptive_unstable_two_architectures_no_meaningful_inference
resnet,em,20,independent,all,macro_f1,0.7182747592663778,3,2.0,2,descriptive_unstable_two_architectures_no_meaningful_inference
tcn,em,20,independent,all,macro_f1,0.7398978545121716,3,1.0,2,descriptive_unstable_two_architectures_no_meaningful_inference
resnet,em,20,independent_rms,all,macro_ap,0.7856004258894886,3,2.0,2,descriptive_unstable_two_architectures_no_meaningful_inference
tcn,em,20,independent_rms,all,macro_ap,0.8088386005780016,3,1.0,2,descriptive_unstable_two_architectures_no_meaningful_inference
resnet,em,20,independent_rms,all,macro_auroc,0.9075991512057348,3,2.0,2,descriptive_unstable_two_architectures_no_meaningful_inference
tcn,em,20,independent_rms,all,macro_auroc,0.9186848851565603,3,1.0,2,descriptive_unstable_two_architectures_no_meaningful_inference
resnet,em,20,independent_rms,all,macro_f1,0.7172078008549585,3,2.0,2,descriptive_unstable_two_architectures_no_meaningful_inference
tcn,em,20,independent_rms,all,macro_f1,0.7393162806608293,3,1.0,2,descriptive_unstable_two_architectures_no_meaningful_inference
resnet,ma,0,covariance,all,macro_ap,0.7363629294038163,3,2.0,2,descriptive_unstable_two_architectures_no_meaningful_inference
tcn,ma,0,covariance,all,macro_ap,0.7697223040560942,3,1.0,2,descriptive_unstable_two_architectures_no_meaningful_inference
resnet,ma,0,covariance,all,macro_auroc,0.8770277141294632,3,2.0,2,descriptive_unstable_two_architectures_no_meaningful_inference
tcn,ma,0,covariance,all,macro_auroc,0.896886856875212,3,1.0,2,descriptive_unstable_two_architectures_no_meaningful_inference
resnet,ma,0,covariance,all,macro_f1,0.6626493052793015,3,2.0,2,descriptive_unstable_two_architectures_no_meaningful_inference
tcn,ma,0,covariance,all,macro_f1,0.678070999660525,3,1.0,2,descriptive_unstable_two_architectures_no_meaningful_inference
resnet,ma,0,electrode,all,macro_ap,0.7336568389905261,3,2.0,2,descriptive_unstable_two_architectures_no_meaningful_inference
tcn,ma,0,electrode,all,macro_ap,0.7638382547308705,3,1.0,2,descriptive_unstable_two_architectures_no_meaningful_inference
resnet,ma,0,electrode,all,macro_auroc,0.8744924651744558,3,2.0,2,descriptive_unstable_two_architectures_no_meaningful_inference
tcn,ma,0,electrode,all,macro_auroc,0.894810022656606,3,1.0,2,descriptive_unstable_two_architectures_no_meaningful_inference
resnet,ma,0,electrode,all,macro_f1,0.6599171146076822,3,2.0,2,descriptive_unstable_two_architectures_no_meaningful_inference
tcn,ma,0,electrode,all,macro_f1,0.676833745027467,3,1.0,2,descriptive_unstable_two_architectures_no_meaningful_inference
resnet,ma,0,independent,all,macro_ap,0.7373576461129243,3,2.0,2,descriptive_unstable_two_architectures_no_meaningful_inference
tcn,ma,0,independent,all,macro_ap,0.767725571245911,3,1.0,2,descriptive_unstable_two_architectures_no_meaningful_inference
resnet,ma,0,independent,all,macro_auroc,0.8780554213859038,3,2.0,2,descriptive_unstable_two_architectures_no_meaningful_inference
tcn,ma,0,independent,all,macro_auroc,0.8962723019144212,3,1.0,2,descriptive_unstable_two_architectures_no_meaningful_inference
resnet,ma,0,independent,all,macro_f1,0.661851872558758,3,2.0,2,descriptive_unstable_two_architectures_no_meaningful_inference
tcn,ma,0,independent,all,macro_f1,0.6804894883561249,3,1.0,2,descriptive_unstable_two_architectures_no_meaningful_inference
resnet,ma,0,independent_rms,all,macro_ap,0.7286737787236248,3,2.0,2,descriptive_unstable_two_architectures_no_meaningful_inference
tcn,ma,0,independent_rms,all,macro_ap,0.7685091380078481,3,1.0,2,descriptive_unstable_two_architectures_no_meaningful_inference
resnet,ma,0,independent_rms,all,macro_auroc,0.8733924848142482,3,2.0,2,descriptive_unstable_two_architectures_no_meaningful_inference
tcn,ma,0,independent_rms,all,macro_auroc,0.8961414624733529,3,1.0,2,descriptive_unstable_two_architectures_no_meaningful_inference
resnet,ma,0,independent_rms,all,macro_f1,0.6505664011261049,3,2.0,2,descriptive_unstable_two_architectures_no_meaningful_inference
tcn,ma,0,independent_rms,all,macro_f1,0.673127486721889,3,1.0,2,descriptive_unstable_two_architectures_no_meaningful_inference
resnet,ma,10,covariance,all,macro_ap,0.7801911997376828,3,2.0,2,descriptive_unstable_two_architectures_no_meaningful_inference
tcn,ma,10,covariance,all,macro_ap,0.8072814888660943,3,1.0,2,descriptive_unstable_two_architectures_no_meaningful_inference
resnet,ma,10,covariance,all,macro_auroc,0.903785499064484,3,2.0,2,descriptive_unstable_two_architectures_no_meaningful_inference
tcn,ma,10,covariance,all,macro_auroc,0.91678602614246,3,1.0,2,descriptive_unstable_two_architectures_no_meaningful_inference
resnet,ma,10,covariance,all,macro_f1,0.7106733741356067,3,2.0,2,descriptive_unstable_two_architectures_no_meaningful_inference
tcn,ma,10,covariance,all,macro_f1,0.7353555918234947,3,1.0,2,descriptive_unstable_two_architectures_no_meaningful_inference
resnet,ma,10,electrode,all,macro_ap,0.7791160913623253,3,2.0,2,descriptive_unstable_two_architectures_no_meaningful_inference
tcn,ma,10,electrode,all,macro_ap,0.8052317460021731,3,1.0,2,descriptive_unstable_two_architectures_no_meaningful_inference
resnet,ma,10,electrode,all,macro_auroc,0.9036215697307558,3,2.0,2,descriptive_unstable_two_architectures_no_meaningful_inference
tcn,ma,10,electrode,all,macro_auroc,0.916092488788983,3,1.0,2,descriptive_unstable_two_architectures_no_meaningful_inference
resnet,ma,10,electrode,all,macro_f1,0.7091619677601714,3,2.0,2,descriptive_unstable_two_architectures_no_meaningful_inference
tcn,ma,10,electrode,all,macro_f1,0.7329935415925082,3,1.0,2,descriptive_unstable_two_architectures_no_meaningful_inference
resnet,ma,10,independent,all,macro_ap,0.779733673296905,3,2.0,2,descriptive_unstable_two_architectures_no_meaningful_inference
tcn,ma,10,independent,all,macro_ap,0.8066906848232097,3,1.0,2,descriptive_unstable_two_architectures_no_meaningful_inference
resnet,ma,10,independent,all,macro_auroc,0.9039483628222488,3,2.0,2,descriptive_unstable_two_architectures_no_meaningful_inference
tcn,ma,10,independent,all,macro_auroc,0.9168705530789781,3,1.0,2,descriptive_unstable_two_architectures_no_meaningful_inference
resnet,ma,10,independent,all,macro_f1,0.7085725476031421,3,2.0,2,descriptive_unstable_two_architectures_no_meaningful_inference
tcn,ma,10,independent,all,macro_f1,0.734772992296536,3,1.0,2,descriptive_unstable_two_architectures_no_meaningful_inference
resnet,ma,10,independent_rms,all,macro_ap,0.7795603635224255,3,2.0,2,descriptive_unstable_two_architectures_no_meaningful_inference
tcn,ma,10,independent_rms,all,macro_ap,0.8071872819668333,3,1.0,2,descriptive_unstable_two_architectures_no_meaningful_inference
resnet,ma,10,independent_rms,all,macro_auroc,0.9036669173912045,3,2.0,2,descriptive_unstable_two_architectures_no_meaningful_inference
tcn,ma,10,independent_rms,all,macro_auroc,0.9171427392364828,3,1.0,2,descriptive_unstable_two_architectures_no_meaningful_inference
resnet,ma,10,independent_rms,all,macro_f1,0.7080051734559669,3,2.0,2,descriptive_unstable_two_architectures_no_meaningful_inference
tcn,ma,10,independent_rms,all,macro_f1,0.7341856895471176,3,1.0,2,descriptive_unstable_two_architectures_no_meaningful_inference
resnet,ma,20,covariance,all,macro_ap,0.7850571978980257,3,2.0,2,descriptive_unstable_two_architectures_no_meaningful_inference
tcn,ma,20,covariance,all,macro_ap,0.8089218492750238,3,1.0,2,descriptive_unstable_two_architectures_no_meaningful_inference
resnet,ma,20,covariance,all,macro_auroc,0.9071882749567269,3,2.0,2,descriptive_unstable_two_architectures_no_meaningful_inference
tcn,ma,20,covariance,all,macro_auroc,0.9186200283886762,3,1.0,2,descriptive_unstable_two_architectures_no_meaningful_inference
resnet,ma,20,covariance,all,macro_f1,0.7165400792762746,3,2.0,2,descriptive_unstable_two_architectures_no_meaningful_inference
tcn,ma,20,covariance,all,macro_f1,0.7401034582157914,3,1.0,2,descriptive_unstable_two_architectures_no_meaningful_inference
resnet,ma,20,electrode,all,macro_ap,0.7849538432255955,3,2.0,2,descriptive_unstable_two_architectures_no_meaningful_inference
tcn,ma,20,electrode,all,macro_ap,0.8087195314847998,3,1.0,2,descriptive_unstable_two_architectures_no_meaningful_inference
resnet,ma,20,electrode,all,macro_auroc,0.9072844309773052,3,2.0,2,descriptive_unstable_two_architectures_no_meaningful_inference
tcn,ma,20,electrode,all,macro_auroc,0.9186237773774316,3,1.0,2,descriptive_unstable_two_architectures_no_meaningful_inference
resnet,ma,20,electrode,all,macro_f1,0.7146003553829404,3,2.0,2,descriptive_unstable_two_architectures_no_meaningful_inference
tcn,ma,20,electrode,all,macro_f1,0.7406734010357918,3,1.0,2,descriptive_unstable_two_architectures_no_meaningful_inference
resnet,ma,20,independent,all,macro_ap,0.7854221191332768,3,2.0,2,descriptive_unstable_two_architectures_no_meaningful_inference
tcn,ma,20,independent,all,macro_ap,0.8092137766702351,3,1.0,2,descriptive_unstable_two_architectures_no_meaningful_inference
resnet,ma,20,independent,all,macro_auroc,0.9075237726817869,3,2.0,2,descriptive_unstable_two_architectures_no_meaningful_inference
tcn,ma,20,independent,all,macro_auroc,0.9188836968486737,3,1.0,2,descriptive_unstable_two_architectures_no_meaningful_inference
resnet,ma,20,independent,all,macro_f1,0.7160765578971339,3,2.0,2,descriptive_unstable_two_architectures_no_meaningful_inference
tcn,ma,20,independent,all,macro_f1,0.7398582014457039,3,1.0,2,descriptive_unstable_two_architectures_no_meaningful_inference
resnet,ma,20,independent_rms,all,macro_ap,0.7854217338012978,3,2.0,2,descriptive_unstable_two_architectures_no_meaningful_inference
tcn,ma,20,independent_rms,all,macro_ap,0.809339454646385,3,1.0,2,descriptive_unstable_two_architectures_no_meaningful_inference
resnet,ma,20,independent_rms,all,macro_auroc,0.9074256651436725,3,2.0,2,descriptive_unstable_two_architectures_no_meaningful_inference
tcn,ma,20,independent_rms,all,macro_auroc,0.9189044014360173,3,1.0,2,descriptive_unstable_two_architectures_no_meaningful_inference
resnet,ma,20,independent_rms,all,macro_f1,0.7151948274284127,3,2.0,2,descriptive_unstable_two_architectures_no_meaningful_inference
tcn,ma,20,independent_rms,all,macro_f1,0.7405996446221602,3,1.0,2,descriptive_unstable_two_architectures_no_meaningful_inference
