model,snr,metric,condition,mode,estimate,seed_sd,seed_n,patient_ci_low,patient_ci_high,n_bootstrap,n_invalid,noise_sd,signed_mode_sd
resnet,0,ece,E,,0.1592244231589026,0.01691854743835191,3,0.15477611334191854,0.16747646533003568,2000,0,0.0013522931337519872,0.0
resnet,0,ece,I,,0.13576428823399808,0.00805729342801617,3,0.13151907876279728,0.14384391444662545,2000,0,0.000681207137377967,0.0
resnet,0,ece,S,,0.14069567071537348,0.00711534068811161,3,0.13663232185226795,0.14904845423792681,2000,0,0.00035041542708411896,0.012723228848873487
resnet,0,ece,S_00,S_00,0.1310648919424988,0.014361753356929562,3,0.12722638635179045,0.1393588623222638,2000,0,0.0007461530185817776,0.0
resnet,0,ece,S_01,S_01,0.154496877636208,0.014866006700916057,3,0.1498939142318051,0.16356517238400917,2000,0,0.0005274821855760644,0.0
resnet,0,ece,S_02,S_02,0.15476371428031754,0.013088677067364503,3,0.1502662895823828,0.16358551180193315,2000,0,0.0005479358816664045,0.0
resnet,0,ece,S_03,S_03,0.13175839936524147,0.0174020050670162,3,0.12794924259500756,0.1397124896403956,2000,0,0.0007865784821685501,0.0
resnet,0,ece,S_04,S_04,0.13139447035260163,0.02010106889668805,3,0.12748604531228952,0.13928934141470017,2000,0,0.0009205706095092348,0.0
resnet,0,macro_auroc,E,,0.8150564958682706,0.01639250975388493,3,0.8050365414984637,0.824307903022801,2000,0,0.0005407904086220803,0.0
resnet,0,macro_auroc,I,,0.834186459583666,0.013597836398764654,3,0.8244274208018727,0.8430542801134212,2000,0,0.0009189429166069593,0.0
resnet,0,macro_auroc,S,,0.8311848211434117,0.013624755175699596,3,0.8213856510158608,0.840173208535469,2000,0,0.00026587861555979307,0.011830636632937031
resnet,0,macro_auroc,S_00,S_00,0.8359065587502981,0.015587305394011198,3,0.826267344690977,0.8447484053288922,2000,0,0.0010441994858483225,0.0
resnet,0,macro_auroc,S_01,S_01,0.8169802038573047,0.012890707371771741,3,0.8068664397936806,0.8261658026202217,2000,0,0.0007569794266760692,0.0
resnet,0,macro_auroc,S_02,S_02,0.8202315743185457,0.014983938888537964,3,0.8101269374647464,0.8295197157243266,2000,0,0.0016103085596704386,0.0
resnet,0,macro_auroc,S_03,S_03,0.8432735320155795,0.010744042349772175,3,0.8337645688046695,0.8522350777078723,2000,0,0.001166153063329261,0.0
resnet,0,macro_auroc,S_04,S_04,0.8395322367753307,0.014850508439878753,3,0.82981037208607,0.8485900263854541,2000,0,0.001973542360624864,0.0
resnet,0,macro_f1,E,,0.4834940722154177,0.027395366404847504,3,0.468834291554395,0.49716593169440115,2000,0,0.0017127273067870606,0.0
resnet,0,macro_f1,I,,0.5470255756117797,0.027359483163446344,3,0.5323375212022738,0.5606131135424535,2000,0,0.0021943404812713495,0.0
resnet,0,macro_f1,S,,0.5332784660569962,0.030787329618658214,3,0.5187632806431078,0.5464486277735799,2000,0,0.0006633771049391062,0.03192328323201641
resnet,0,macro_f1,S_00,S_00,0.5502843629987996,0.04100435803924534,3,0.5351980372700991,0.5635043108067503,2000,0,0.0020220608061667232,0.0
resnet,0,macro_f1,S_01,S_01,0.4976133554074014,0.016194110563559294,3,0.48257081321620277,0.5108796276158856,2000,0,0.003344343324086066,0.0
resnet,0,macro_f1,S_02,S_02,0.49961284390028005,0.020738936338597164,3,0.48462794524861247,0.5132142750210528,2000,0,0.0018071024549091573,0.0
resnet,0,macro_f1,S_03,S_03,0.5619771274200414,0.039153212888299725,3,0.5472353128894696,0.5756812917658124,2000,0,0.004534488828825774,0.0
resnet,0,macro_f1,S_04,S_04,0.5569046405584589,0.04206555921864672,3,0.5417153396881036,0.5703769627495338,2000,0,0.00359564336780983,0.0
resnet,5,ece,E,,0.10616987788704375,0.006013302471517352,3,0.10250052610765172,0.11427287098902751,2000,0,0.0006935887705109495,0.0
resnet,5,ece,I,,0.08594939783946515,0.006016932741927255,3,0.083204177997802,0.09387874691060542,2000,0,0.0006964624788529159,0.0
resnet,5,ece,S,,0.08942216517664899,0.004030531889197518,3,0.08657237249769896,0.09724401461577181,2000,0,0.00016467470598111478,0.01189566646644162
resnet,5,ece,S_00,S_00,0.08293129654296712,0.004816317968592929,3,0.08033830719138513,0.09067756189501237,2000,0,0.0005525798365755476,0.0
resnet,5,ece,S_01,S_01,0.10463381910219373,0.007837178260512868,3,0.10083490846067893,0.11302193595963902,2000,0,0.0004877575606850022,0.0
resnet,5,ece,S_02,S_02,0.09986062418846754,0.0073061968970416155,3,0.09641940717576537,0.10845419417901966,2000,0,0.0007714836618880283,0.0
resnet,5,ece,S_03,S_03,0.07981104486971059,0.0064520974810434815,3,0.07721029112935697,0.0873314121472066,2000,0,0.0004154874246208488,0.0
resnet,5,ece,S_04,S_04,0.079874041179906,0.009632722809709405,3,0.07765434665107478,0.08764286137951396,2000,0,0.0007475615774203678,0.0
resnet,5,macro_auroc,E,,0.8753797867149392,0.0097618020469435,3,0.8663835927313924,0.8836082915922009,2000,0,0.0008548549828354597,0.0
resnet,5,macro_auroc,I,,0.8826874399359564,0.007082526998615259,3,0.8739699607301679,0.890677407848994,2000,0,0.0005721067393792016,0.0
resnet,5,macro_auroc,S,,0.8814389630915027,0.007041491426062778,3,0.872726031874184,0.8893972599542426,2000,0,0.0003687791170187358,0.004658463483837787
resnet,5,macro_auroc,S_00,S_00,0.8832923226876409,0.007289293649669059,3,0.8746740545383856,0.8911848951336814,2000,0,0.0007372939203439509,0.0
resnet,5,macro_auroc,S_01,S_01,0.8757624347691603,0.0073892912109729605,3,0.8669471938276814,0.8840398152217848,2000,0,0.0010963840468631262,0.0
resnet,5,macro_auroc,S_02,S_02,0.8772549158467912,0.009363564014672166,3,0.8683629841219349,0.8854425850224947,2000,0,0.0007331096180844257,0.0
resnet,5,macro_auroc,S_03,S_03,0.8863322922090088,0.005013001502673042,3,0.877849015474248,0.8942866524400015,2000,0,0.00037682399552951454,0.0
resnet,5,macro_auroc,S_04,S_04,0.8845528499449121,0.006317214099235145,3,0.8757366328118501,0.8926706207409509,2000,0,0.000921086188459488,0.0
resnet,5,macro_f1,E,,0.6288227617789003,0.017618067999778064,3,0.6142469300573458,0.6424558866706064,2000,0,0.0016827198054224677,0.0
resnet,5,macro_f1,I,,0.6555521177950809,0.014527233249993825,3,0.6414761266160695,0.6689120246111856,2000,0,0.0016862926412711961,0.0
resnet,5,macro_f1,S,,0.6499983192443279,0.015670602610021896,3,0.6358257003763667,0.6633725767082618,2000,0,0.001010784544220717,0.01610209173487478
resnet,5,macro_f1,S_00,S_00,0.6574432745195932,0.01686609238148054,3,0.6436935956569378,0.6707197824363019,2000,0,0.0012486962772218155,0.0
resnet,5,macro_f1,S_01,S_01,0.6307031188181123,0.017595257739657318,3,0.6164601505057011,0.6446789376502747,2000,0,0.0009454407729748543,0.0
resnet,5,macro_f1,S_02,S_02,0.6346082694191387,0.016160971848185608,3,0.6200224290488303,0.6484223782324224,2000,0,0.0023696454958466724,0.0
resnet,5,macro_f1,S_03,S_03,0.6644864660409815,0.014304912095808654,3,0.6503426131704109,0.6774609145764066,2000,0,0.0021251798721009358,0.0
resnet,5,macro_f1,S_04,S_04,0.6627504674238139,0.014151068705122,3,0.648468540087465,0.6761400375551258,2000,0,0.0030657787787844396,0.0
resnet,10,ece,E,,0.060976015073328706,0.017039100580298807,3,0.06034490031031523,0.06895520499723098,2000,0,0.0003150833565890717,0.0
resnet,10,ece,I,,0.054074485935857924,0.016377364034615035,3,0.05419351243217122,0.06193079548963067,2000,0,0.0007874554638638222,0.0
resnet,10,ece,S,,0.05436994549894439,0.01687217840617797,3,0.05466181359549441,0.062171556925900234,2000,0,0.0002965984105174273,0.0037304542860282517
resnet,10,ece,S_00,S_00,0.05243912289835407,0.016896505184164277,3,0.052866736346154575,0.06044983756320151,2000,0,0.0006915591252183485,0.0
resnet,10,ece,S_01,S_01,0.05920368002216131,0.016544403052683357,3,0.05883165339731754,0.06725888224108861,2000,0,0.0008266477461282459,0.0
resnet,10,ece,S_02,S_02,0.057527885243007726,0.01748834360747964,3,0.0573891439134794,0.06554067500351053,2000,0,0.0005456651961399122,0.0
resnet,10,ece,S_03,S_03,0.050998531047935385,0.016293708453973103,3,0.051391951566739674,0.05883035574310243,2000,0,0.000278877665477391,0.0
resnet,10,ece,S_04,S_04,0.05168050828326346,0.017424687707346075,3,0.052176319948294386,0.05973317029487372,2000,0,0.00041964981868125025,0.0
resnet,10,macro_auroc,E,,0.896304160999223,0.004682443220830541,3,0.887844532459059,0.9039232097078481,2000,0,0.000685828469274788,0.0
resnet,10,macro_auroc,I,,0.8987105357284011,0.003456872303056228,3,0.8903754841037669,0.9064307552721839,2000,0,0.0004480762973378874,0.0
resnet,10,macro_auroc,S,,0.8982658172499328,0.003698400391060494,3,0.8899529297162767,0.905962790134714,2000,0,0.0001538904488355824,0.0016319853197483726
resnet,10,macro_auroc,S_00,S_00,0.8986827148569311,0.0038116381977442385,3,0.8904752035514342,0.9063319228626747,2000,0,0.0001475781086639806,0.0
resnet,10,macro_auroc,S_01,S_01,0.8963284979145594,0.003857463623597022,3,0.8878955135807428,0.9041512474234085,2000,0,0.000684136051663138,0.0
resnet,10,macro_auroc,S_02,S_02,0.8968304220583732,0.004667406454020887,3,0.8884255706064654,0.9045250756054681,2000,0,0.0005235071205963816,0.0
resnet,10,macro_auroc,S_03,S_03,0.9001295419391634,0.003026164551003723,3,0.8918794391741879,0.9076598032894891,2000,0,0.00020895668070670094,0.0
resnet,10,macro_auroc,S_04,S_04,0.8993579094806368,0.0031929160663354576,3,0.8910128138203407,0.9069372230050593,2000,0,0.0004000256670986243,0.0
resnet,10,macro_f1,E,,0.6914159442587599,0.011914632941510758,3,0.6775066660484141,0.7048181094856333,2000,0,0.0007251966027738239,0.0
resnet,10,macro_f1,I,,0.6983154178729349,0.009253854677687186,3,0.6844052847146137,0.7113427350134534,2000,0,0.0014080280443710487,0.0
resnet,10,macro_f1,S,,0.6966156706788458,0.009544414330301457,3,0.6826247655931664,0.7097270426128758,2000,0,0.0006920576169455975,0.004923459390706591
resnet,10,macro_f1,S_00,S_00,0.698622934870087,0.010496770415429875,3,0.68461674748921,0.7115978886047055,2000,0,0.0013879444107176475,0.0
resnet,10,macro_f1,S_01,S_01,0.6904561010887801,0.009645617327353678,3,0.6764706358406434,0.703833500130288,2000,0,0.0008315864872659726,0.0
resnet,10,macro_f1,S_02,S_02,0.6922701725839296,0.011475442235680217,3,0.6780737671243017,0.7054786751630535,2000,0,0.0022879405084425654,0.0
resnet,10,macro_f1,S_03,S_03,0.700827717185874,0.007953915716864383,3,0.686899134418642,0.7137168704133272,2000,0,0.0007511126262076443,0.0
resnet,10,macro_f1,S_04,S_04,0.7009014276655586,0.00829751779394634,3,0.6869919503919824,0.7139227483833355,2000,0,0.0014209389601742082,0.0
resnet,,ece,clean,,0.046980366619311764,0.008094534589056391,3,0.04649224779021489,0.05456006373618218,2000,0,0.0,0.0
resnet,,macro_auroc,clean,,0.9078347288578367,0.0009065892780906418,3,0.8998518998739361,0.9150672173604134,2000,0,0.0,0.0
resnet,,macro_f1,clean,,0.7177358305257698,0.00531501017696159,3,0.7038225829853146,0.7310455211817943,2000,0,0.0,0.0
tcn,0,ece,E,,0.19559578732758795,0.08303123311691293,3,0.1886814181366492,0.2044181432573267,2000,0,0.0007498463237081696,0.0
tcn,0,ece,I,,0.13873721203686198,0.08196623668845571,3,0.1336508899054391,0.14704423030893596,2000,0,0.0004620320550362698,0.0
tcn,0,ece,S,,0.13613811773741388,0.07374015273212081,3,0.13172168020292305,0.1444056228730823,2000,0,0.00034057858165407535,0.03613740052403917
tcn,0,ece,S_00,S_00,0.11878291249115336,0.05522689542460745,3,0.11454855143848329,0.12752670295665508,2000,0,0.0006611343339663196,0.0
tcn,0,ece,S_01,S_01,0.1673438547566767,0.0958640643670763,3,0.1615293821724928,0.17575710945147616,2000,0,0.0009056897820805239,0.0
tcn,0,ece,S_02,S_02,0.18231865788849563,0.08677683251767167,3,0.1755767521474164,0.1912801012281469,2000,0,0.0010355993687259776,0.0
tcn,0,ece,S_03,S_03,0.10346376552926374,0.06638008130857051,3,0.10099952558783723,0.11146968625828378,2000,0,0.0004908690633410551,0.0
tcn,0,ece,S_04,S_04,0.10878139802147996,0.07134811453413654,3,0.10566571855575192,0.1167766399267536,2000,0,0.0006712905746484386,0.0
tcn,0,macro_auroc,E,,0.8787060039611595,0.00899979729545683,3,0.8695064259597838,0.8871964157495846,2000,0,0.0009152365121233934,0.0
tcn,0,macro_auroc,I,,0.8911901319541696,0.006201658835223927,3,0.8822225181191994,0.8993082503656714,2000,0,0.0006193388943102946,0.0
tcn,0,macro_auroc,S,,0.8918932893927147,0.00630935914772392,3,0.883076945442229,0.8998131360520953,2000,0,0.00021149451692829412,0.006035034492325363
tcn,0,macro_auroc,S_00,S_00,0.8945286472857426,0.006050728343371898,3,0.8858128581555672,0.9024478815192569,2000,0,0.0007092647977218436,0.0
tcn,0,macro_auroc,S_01,S_01,0.8868055428455541,0.010811733510646028,3,0.8779422463595234,0.8949709055019386,2000,0,0.000989961311265482,0.0
tcn,0,macro_auroc,S_02,S_02,0.8842103405893886,0.00972302251057979,3,0.875015744421782,0.8925734545488878,2000,0,0.0006742893695794931,0.0
tcn,0,macro_auroc,S_03,S_03,0.8980713756417759,0.005979293479009149,3,0.8893536914611286,0.905864303247779,2000,0,0.0006315051430865443,0.0
tcn,0,macro_auroc,S_04,S_04,0.8958505406011131,0.005003529753723646,3,0.8869686691957794,0.9037944384800402,2000,0,0.0005150007470506233,0.0
tcn,0,macro_f1,E,,0.47948390273247815,0.0721583543976584,3,0.4650620747656081,0.4931321569122477,2000,0,0.0016407836638945086,0.0
tcn,0,macro_f1,I,,0.5779907634711259,0.07327676929261642,3,0.5623025872569128,0.5924130915366972,2000,0,0.0010808551095964972,0.0
tcn,0,macro_f1,S,,0.5833397727406405,0.06313276897033009,3,0.5680989939621899,0.5971553211006428,2000,0,0.0008808702793802423,0.04927701986366187
tcn,0,macro_f1,S_00,S_00,0.6031166586732589,0.040164457182248266,3,0.5871531169941161,0.6178139013036427,2000,0,0.0019464783376088451,0.0
tcn,0,macro_f1,S_01,S_01,0.538358124653627,0.10081272815558122,3,0.5237096233603192,0.5524374797281449,2000,0,0.0015635717748893117,0.0
tcn,0,macro_f1,S_02,S_02,0.523204361762181,0.08524085530345761,3,0.5081282192695875,0.5373142561458087,2000,0,0.0028037077864740507,0.0
tcn,0,macro_f1,S_03,S_03,0.6305201052004831,0.04527278638371341,3,0.6146176398182215,0.6446213988049289,2000,0,0.001330165654552636,0.0
tcn,0,macro_f1,S_04,S_04,0.6214996134136527,0.06263215515117092,3,0.605685060806742,0.6358697739610699,2000,0,0.0018950805964018545,0.0
tcn,5,ece,E,,0.07394632404901616,0.04778848880183803,3,0.07215037852921659,0.08219875844702051,2000,0,0.0007221653783662948,0.0
tcn,5,ece,I,,0.05563504031723172,0.030727895932128112,3,0.05618580319353096,0.0627346103807953,2000,0,0.0003975494120160484,0.0
tcn,5,ece,S,,0.05616987780402066,0.02867386558494442,3,0.05708799769624683,0.0630070181000096,2000,0,0.00019741595594753843,0.009506165279329862
tcn,5,ece,S_00,S_00,0.04954766504267464,0.017115287751140202,3,0.05110758177490308,0.05697676429210769,2000,0,0.0005652652071222922,0.0
tcn,5,ece,S_01,S_01,0.0658013631455165,0.0451232233813461,3,0.06550223932800638,0.07294970507770233,2000,0,0.000606201894365592,0.0
tcn,5,ece,S_02,S_02,0.06731182605798924,0.04597967358835217,3,0.06652723060325948,0.07489712288547971,2000,0,0.0004951501229006895,0.0
tcn,5,ece,S_03,S_03,0.04855669641971333,0.015124370993347193,3,0.049718295967525326,0.05570245479088313,2000,0,0.0004265932556402952,0.0
tcn,5,ece,S_04,S_04,0.0496318383542096,0.021133148952081977,3,0.05103063665079049,0.05646011825518504,2000,0,0.0005425274843376065,0.0
tcn,5,macro_auroc,E,,0.906763138684481,0.0010028591288789113,3,0.8983507894811956,0.9144091377345676,2000,0,0.0005972403805897106,0.0
tcn,5,macro_auroc,I,,0.910047299817993,0.001850787951376302,3,0.9017764707928846,0.9177196159634022,2000,0,0.000288516982220827,0.0
tcn,5,macro_auroc,S,,0.9103089204366582,0.0021156702691057226,3,0.9021477489545521,0.917861631983983,2000,0,0.0001921222767014579,0.0019176094314832456
tcn,5,macro_auroc,S_00,S_00,0.9107817109552737,0.0039056941227935404,3,0.9025607391082039,0.9182452142482561,2000,0,0.0005068338153329727,0.0
tcn,5,macro_auroc,S_01,S_01,0.9085354384350115,0.001315818227696291,3,0.9003332515195448,0.9160761078630376,2000,0,0.0006545232113843121,0.0
tcn,5,macro_auroc,S_02,S_02,0.9080748151414652,0.0013313931291148884,3,0.8997006231005132,0.9156491055883926,2000,0,0.00043636172703261425,0.0
tcn,5,macro_auroc,S_03,S_03,0.9123016117911682,0.0035148127667392432,3,0.904207130240748,0.9197518465570544,2000,0,0.0003889349506955229,0.0
tcn,5,macro_auroc,S_04,S_04,0.9118510258603721,0.0023293509650494657,3,0.9036492063356104,0.9192650045972515,2000,0,0.00030593674815950855,0.0
tcn,5,macro_f1,E,,0.6675940352124775,0.02699660383655511,3,0.6528435435023499,0.6814822043428053,2000,0,0.000913543133680338,0.0
tcn,5,macro_f1,I,,0.6964886124210148,0.015484402496788289,3,0.6816680630286963,0.7096999009778489,2000,0,0.0014268203871754751,0.0
tcn,5,macro_f1,S,,0.6978340540124708,0.0159672706133621,3,0.6833398221119539,0.7108516296576926,2000,0,0.00046957949267830676,0.015194424158364948
tcn,5,macro_f1,S_00,S_00,0.703923947424486,0.0097812640522872,3,0.6890458245836952,0.7168327847880028,2000,0,0.00148256556847382,0.0
tcn,5,macro_f1,S_01,S_01,0.6829014107751097,0.02816580339097062,3,0.6681308435336839,0.6964429498389354,2000,0,0.000937458519905739,0.0
tcn,5,macro_f1,S_02,S_02,0.6801921224456509,0.027798705636340553,3,0.665521596345342,0.6938104061852153,2000,0,0.0012797918729417768,0.0
tcn,5,macro_f1,S_03,S_03,0.7119291967261936,0.008230707521284443,3,0.6968570703078857,0.7250804893567705,2000,0,0.0008326197717103233,0.0
tcn,5,macro_f1,S_04,S_04,0.7102235926909137,0.014983513561433901,3,0.6953515368185113,0.7233948578088243,2000,0,0.001268806642009558,0.0
tcn,10,ece,E,,0.040417128372303934,0.010292144754557584,3,0.04153348423644994,0.048239417348120595,2000,0,0.0004779202098068844,0.0
tcn,10,ece,I,,0.042903168117228295,0.006075707160748311,3,0.043078660941630625,0.050780388374154065,2000,0,0.000571748649029885,0.0
tcn,10,ece,S,,0.04279354681092043,0.005748525452045853,3,0.04311344772416022,0.05061651222479254,2000,0,0.00024250940399685942,0.0006803925959017392
tcn,10,ece,S_00,S_00,0.04247758831435133,0.004461077452094156,3,0.04249337859064302,0.050563386124191416,2000,0,0.0006752056295904008,0.0
tcn,10,ece,S_01,S_01,0.043319097065846336,0.008330236960874047,3,0.04378785963987758,0.0512853334550447,2000,0,0.0008359152507436314,0.0
tcn,10,ece,S_02,S_02,0.04184897888192146,0.008446911814104563,3,0.042388694485085664,0.04952135270609678,2000,0,0.0004819393027148716,0.0
tcn,10,ece,S_03,S_03,0.04355688836535946,0.004690276746967643,3,0.043288488669396795,0.05161544162349454,2000,0,0.0006512433315120196,0.0
tcn,10,ece,S_04,S_04,0.04276518142712352,0.005088405288413467,3,0.04284085503141265,0.050857040789122746,2000,0,0.0008843049843887542,0.0
tcn,10,macro_auroc,E,,0.9156772739520783,0.0022563109074677013,3,0.9076687750633876,0.9230855482968617,2000,0,0.0004423057524125877,0.0
tcn,10,macro_auroc,I,,0.9162911587345813,0.002654814648578758,3,0.9082548429020603,0.9236910435439281,2000,0,0.00012713727037043826,0.0
tcn,10,macro_auroc,S,,0.9164796069510682,0.0027283517546527565,3,0.9084825374457272,0.9238234314404996,2000,0,0.00010882486626587933,0.0005342236749852234
tcn,10,macro_auroc,S_00,S_00,0.9164262311405086,0.003285609990941304,3,0.9084252253891338,0.9236739333214855,2000,0,0.0002482215866672949,0.0
tcn,10,macro_auroc,S_01,S_01,0.9158816731182307,0.0023042472687561733,3,0.907828277934195,0.9232557948664268,2000,0,0.0003459707942855117,0.0
tcn,10,macro_auroc,S_02,S_02,0.9160446168779423,0.0022941113066536323,3,0.907964126916455,0.9234650165743192,2000,0,0.00026025013820258204,0.0
tcn,10,macro_auroc,S_03,S_03,0.9170541095865358,0.0031175511473415926,3,0.9091336582285825,0.9243155986794314,2000,0,0.0002668581178860478,0.0
tcn,10,macro_auroc,S_04,S_04,0.9169914040321236,0.002666436193403294,3,0.9090756196959799,0.9242942648074266,2000,0,0.00017597719361474952,0.0
tcn,10,macro_f1,E,,0.7242535331583643,0.0009610364505700099,3,0.7096352651780368,0.7373585263790627,2000,0,0.0008134733474308105,0.0
tcn,10,macro_f1,I,,0.7298190999933049,0.0026542566213624166,3,0.7151732407186907,0.7428737466079038,2000,0,0.0016748460486115271,0.0
tcn,10,macro_f1,S,,0.7307736283664147,0.0025013149559485626,3,0.7160305921882929,0.7436912311693503,2000,0,0.0005599371125864968,0.003711072722076896
tcn,10,macro_f1,S_00,S_00,0.7321936444291316,0.005729241481234603,3,0.7172190106231973,0.7451600265867884,2000,0,0.0012352588311667337,0.0
tcn,10,macro_f1,S_01,S_01,0.7264728346985416,0.0013037271305369172,3,0.7119006973384572,0.7391605879459167,2000,0,0.0009852240356560194,0.0
tcn,10,macro_f1,S_02,S_02,0.7271423317472135,0.0005293143610339776,3,0.7124798723378015,0.7400137882632628,2000,0,0.0018994226721087248,0.0
tcn,10,macro_f1,S_03,S_03,0.7343338863800719,0.00507454239876695,3,0.7194029250964453,0.7473640151153498,2000,0,0.001297031841292981,0.0
tcn,10,macro_f1,S_04,S_04,0.7337254445771144,0.0030960881673210553,3,0.7188866388484145,0.7467562944509816,2000,0,0.001328980455998195,0.0
tcn,,ece,clean,,0.045212625109368944,0.0073453322526526215,3,0.044206650580245706,0.05434193173949139,2000,0,0.0,0.0
tcn,,macro_auroc,clean,,0.918860668598997,0.002727344674699912,3,0.9110404898343131,0.9259997817083591,2000,0,0.0,0.0
tcn,,macro_f1,clean,,0.7405847289575919,0.009420019707530819,3,0.7260690096932203,0.75361932737808,2000,0,0.0,0.0
