model,snr,metric,contrast,seed,noise_seed,estimate
resnet,0,ece,E-I,17,101,0.028977182078534225
resnet,0,ece,E-I,17,202,0.02365167881773006
resnet,0,ece,E-I,17,303,0.02609575648027007
resnet,0,ece,E-I,17,404,0.02480511930686005
resnet,0,ece,E-I,17,505,0.02230191474739246
resnet,0,ece,E-I,17,8128,0.023763763960358036
resnet,0,ece,E-I,29,101,0.008043782713177183
resnet,0,ece,E-I,29,202,0.007283351262429599
resnet,0,ece,E-I,29,303,0.005308401827832376
resnet,0,ece,E-I,29,404,0.009223214022435755
resnet,0,ece,E-I,29,505,0.007625612273405108
resnet,0,ece,E-I,29,8128,0.007741872987242104
resnet,0,ece,E-I,43,101,0.03824556961747058
resnet,0,ece,E-I,43,202,0.04016627263562361
resnet,0,ece,E-I,43,303,0.03370739646929957
resnet,0,ece,E-I,43,404,0.04113521834796152
resnet,0,ece,E-I,43,505,0.03763358871893627
resnet,0,ece,E-I,43,8128,0.03657273238132214
resnet,0,ece,E-S,17,101,0.025213975187766004
resnet,0,ece,E-S,17,202,0.021337675406065165
resnet,0,ece,E-S,17,303,0.021484036989357285
resnet,0,ece,E-S,17,404,0.022075932963394912
resnet,0,ece,E-S,17,505,0.01974846678914156
resnet,0,ece,E-S,17,8128,0.02126488916242767
resnet,0,ece,E-S,29,101,0.001431972647219809
resnet,0,ece,E-S,29,202,-0.0015927498917055194
resnet,0,ece,E-S,29,303,-0.0025249841713418987
resnet,0,ece,E-S,29,404,0.001914185849471678
resnet,0,ece,E-S,29,505,-0.0015642161943667354
resnet,0,ece,E-S,29,8128,-0.00022376777533244518
resnet,0,ece,E-S,43,101,0.032080281907688656
resnet,0,ece,E-S,43,202,0.03503939808545953
resnet,0,ece,E-S,43,303,0.03182443371777255
resnet,0,ece,E-S,43,404,0.03595159729199886
resnet,0,ece,E-S,43,505,0.03569734361126785
resnet,0,ece,E-S,43,8128,0.03435907240723858
resnet,0,ece,S-I,17,101,0.0037632068907682225
resnet,0,ece,S-I,17,202,0.0023140034116648943
resnet,0,ece,S-I,17,303,0.0046117194909127855
resnet,0,ece,S-I,17,404,0.0027291863434651398
resnet,0,ece,S-I,17,505,0.0025534479582508983
resnet,0,ece,S-I,17,8128,0.002498874797930367
resnet,0,ece,S-I,29,101,0.006611810065957374
resnet,0,ece,S-I,29,202,0.008876101154135119
resnet,0,ece,S-I,29,303,0.007833385999174275
resnet,0,ece,S-I,29,404,0.0073090281729640775
resnet,0,ece,S-I,29,505,0.009189828467771843
resnet,0,ece,S-I,29,8128,0.00796564076257455
resnet,0,ece,S-I,43,101,0.006165287709781924
resnet,0,ece,S-I,43,202,0.0051268745501640844
resnet,0,ece,S-I,43,303,0.001882962751527023
resnet,0,ece,S-I,43,404,0.005183621055962659
resnet,0,ece,S-I,43,505,0.0019362451076684133
resnet,0,ece,S-I,43,8128,0.002213659974083554
resnet,0,macro_auroc,E-I,17,101,-0.02096111326185668
resnet,0,macro_auroc,E-I,17,202,-0.0239009048832326
resnet,0,macro_auroc,E-I,17,303,-0.019624906194396163
resnet,0,macro_auroc,E-I,17,404,-0.02168823785854046
resnet,0,macro_auroc,E-I,17,505,-0.024362918757866003
resnet,0,macro_auroc,E-I,17,8128,-0.019958407401558187
resnet,0,macro_auroc,E-I,29,101,-0.01753083901400021
resnet,0,macro_auroc,E-I,29,202,-0.019435210078629583
resnet,0,macro_auroc,E-I,29,303,-0.020099838629770828
resnet,0,macro_auroc,E-I,29,404,-0.019464557578637298
resnet,0,macro_auroc,E-I,29,505,-0.016895030507090625
resnet,0,macro_auroc,E-I,29,8128,-0.023783738400937393
resnet,0,macro_auroc,E-I,43,101,-0.015727508684955982
resnet,0,macro_auroc,E-I,43,202,-0.015147896535243066
resnet,0,macro_auroc,E-I,43,303,-0.01532477905681906
resnet,0,macro_auroc,E-I,43,404,-0.016434738853789654
resnet,0,macro_auroc,E-I,43,505,-0.015478450430467583
resnet,0,macro_auroc,E-I,43,8128,-0.018520270749328605
resnet,0,macro_auroc,E-S,17,101,-0.01910432759950913
resnet,0,macro_auroc,E-S,17,202,-0.018111975590891928
resnet,0,macro_auroc,E-S,17,303,-0.01740845214018827
resnet,0,macro_auroc,E-S,17,404,-0.021389181755581733
resnet,0,macro_auroc,E-S,17,505,-0.02132489833040021
resnet,0,macro_auroc,E-S,17,8128,-0.018072928116758313
resnet,0,macro_auroc,E-S,29,101,-0.014166156755848225
resnet,0,macro_auroc,E-S,29,202,-0.017415007674383733
resnet,0,macro_auroc,E-S,29,303,-0.017642049984500852
resnet,0,macro_auroc,E-S,29,404,-0.014057044621983539
resnet,0,macro_auroc,E-S,29,505,-0.013933344257333991
resnet,0,macro_auroc,E-S,29,8128,-0.015290438482603674
resnet,0,macro_auroc,E-S,43,101,-0.013233181031330754
resnet,0,macro_auroc,E-S,43,202,-0.014520450296561172
resnet,0,macro_auroc,E-S,43,303,-0.012074513009283217
resnet,0,macro_auroc,E-S,43,404,-0.012996072417946092
resnet,0,macro_auroc,E-S,43,505,-0.01473381775678495
resnet,0,macro_auroc,E-S,43,8128,-0.01483601513065178
resnet,0,macro_auroc,S-I,17,101,-0.0018567856623475487
resnet,0,macro_auroc,S-I,17,202,-0.0057889292923406725
resnet,0,macro_auroc,S-I,17,303,-0.0022164540542078948
resnet,0,macro_auroc,S-I,17,404,-0.000299056102958728
resnet,0,macro_auroc,S-I,17,505,-0.003038020427465793
resnet,0,macro_auroc,S-I,17,8128,-0.0018854792847998736
resnet,0,macro_auroc,S-I,29,101,-0.0033646822581519854
resnet,0,macro_auroc,S-I,29,202,-0.002020202404245852
resnet,0,macro_auroc,S-I,29,303,-0.002457788645269976
resnet,0,macro_auroc,S-I,29,404,-0.005407512956653759
resnet,0,macro_auroc,S-I,29,505,-0.0029616862497566345
resnet,0,macro_auroc,S-I,29,8128,-0.008493299918333719
resnet,0,macro_auroc,S-I,43,101,-0.002494327653625228
resnet,0,macro_auroc,S-I,43,202,-0.0006274462386818946
resnet,0,macro_auroc,S-I,43,303,-0.0032502660475358437
resnet,0,macro_auroc,S-I,43,404,-0.0034386664358435626
resnet,0,macro_auroc,S-I,43,505,-0.0007446326736826325
resnet,0,macro_auroc,S-I,43,8128,-0.0036842556186768237
resnet,0,macro_f1,E-I,17,101,-0.06330287743146423
resnet,0,macro_f1,E-I,17,202,-0.07212086755746716
resnet,0,macro_f1,E-I,17,303,-0.07551358812913683
resnet,0,macro_f1,E-I,17,404,-0.06195046497415413
resnet,0,macro_f1,E-I,17,505,-0.07500704524935542
resnet,0,macro_f1,E-I,17,8128,-0.061744110459984736
resnet,0,macro_f1,E-I,29,101,-0.052223411147861554
resnet,0,macro_f1,E-I,29,202,-0.05777461513812299
resnet,0,macro_f1,E-I,29,303,-0.06182270625366576
resnet,0,macro_f1,E-I,29,404,-0.05592396148760148
resnet,0,macro_f1,E-I,29,505,-0.06006875731004424
resnet,0,macro_f1,E-I,29,8128,-0.06826259763521364
resnet,0,macro_f1,E-I,43,101,-0.06299834461853315
resnet,0,macro_f1,E-I,43,202,-0.07130089290907604
resnet,0,macro_f1,E-I,43,303,-0.05140019875263602
resnet,0,macro_f1,E-I,43,404,-0.07533033992508442
resnet,0,macro_f1,E-I,43,505,-0.06203918252211971
resnet,0,macro_f1,E-I,43,8128,-0.05478309963299455
resnet,0,macro_f1,E-S,17,101,-0.05614659466934783
resnet,0,macro_f1,E-S,17,202,-0.05367395812343352
resnet,0,macro_f1,E-S,17,303,-0.06010542888102455
resnet,0,macro_f1,E-S,17,404,-0.058265605825421354
resnet,0,macro_f1,E-S,17,505,-0.054792381827238376
resnet,0,macro_f1,E-S,17,8128,-0.05405903405101877
resnet,0,macro_f1,E-S,29,101,-0.04110723180523085
resnet,0,macro_f1,E-S,29,202,-0.04169790666106106
resnet,0,macro_f1,E-S,29,303,-0.03915145462998263
resnet,0,macro_f1,E-S,29,404,-0.04093066266512048
resnet,0,macro_f1,E-S,29,505,-0.04166476046747759
resnet,0,macro_f1,E-S,29,8128,-0.039970256517958005
resnet,0,macro_f1,E-S,43,101,-0.052960373462794606
resnet,0,macro_f1,E-S,43,202,-0.05979863547922486
resnet,0,macro_f1,E-S,43,303,-0.046535062445465944
resnet,0,macro_f1,E-S,43,404,-0.05432326265238876
resnet,0,macro_f1,E-S,43,505,-0.05298977365405213
resnet,0,macro_f1,E-S,43,8128,-0.047946705330172576
resnet,0,macro_f1,S-I,17,101,-0.007156282762116406
resnet,0,macro_f1,S-I,17,202,-0.018446909434033643
resnet,0,macro_f1,S-I,17,303,-0.015408159248112285
resnet,0,macro_f1,S-I,17,404,-0.0036848591487327774
resnet,0,macro_f1,S-I,17,505,-0.02021466342211704
resnet,0,macro_f1,S-I,17,8128,-0.0076850764089659625
resnet,0,macro_f1,S-I,29,101,-0.011116179342630705
resnet,0,macro_f1,S-I,29,202,-0.01607670847706193
resnet,0,macro_f1,S-I,29,303,-0.02267125162368313
resnet,0,macro_f1,S-I,29,404,-0.014993298822481006
resnet,0,macro_f1,S-I,29,505,-0.01840399684256665
resnet,0,macro_f1,S-I,29,8128,-0.028292341117255638
resnet,0,macro_f1,S-I,43,101,-0.010037971155738545
resnet,0,macro_f1,S-I,43,202,-0.01150225742985118
resnet,0,macro_f1,S-I,43,303,-0.004865136307170071
resnet,0,macro_f1,S-I,43,404,-0.021007077272695664
resnet,0,macro_f1,S-I,43,505,-0.009049408868067576
resnet,0,macro_f1,S-I,43,8128,-0.006836394302821969
resnet,5,ece,E-I,17,101,0.018932108733986
resnet,5,ece,E-I,17,202,0.019117739273067938
resnet,5,ece,E-I,17,303,0.018379118732867544
resnet,5,ece,E-I,17,404,0.016171394716444423
resnet,5,ece,E-I,17,505,0.01806177055036974
resnet,5,ece,E-I,17,8128,0.01596063711871798
resnet,5,ece,E-I,29,101,0.020776889987257713
resnet,5,ece,E-I,29,202,0.01958447885063329
resnet,5,ece,E-I,29,303,0.019565102166835865
resnet,5,ece,E-I,29,404,0.020567415970321024
resnet,5,ece,E-I,29,505,0.018376989925007553
resnet,5,ece,E-I,29,8128,0.019811604576178046
resnet,5,ece,E-I,43,101,0.02140032180501572
resnet,5,ece,E-I,43,202,0.024788344410860363
resnet,5,ece,E-I,43,303,0.022283856298839208
resnet,5,ece,E-I,43,404,0.024914552404797216
resnet,5,ece,E-I,43,505,0.019923926476804812
resnet,5,ece,E-I,43,8128,0.02535238885841104
resnet,5,ece,E-S,17,101,0.01543156646100049
resnet,5,ece,E-S,17,202,0.015877567817701346
resnet,5,ece,E-S,17,303,0.016605653799726883
resnet,5,ece,E-S,17,404,0.016381231965387363
resnet,5,ece,E-S,17,505,0.01563500393158994
resnet,5,ece,E-S,17,8128,0.014699938601338882
resnet,5,ece,E-S,29,101,0.014976671246351861
resnet,5,ece,E-S,29,202,0.01363977931474343
resnet,5,ece,E-S,29,303,0.014523440439246065
resnet,5,ece,E-S,29,404,0.014457528285593681
resnet,5,ece,E-S,29,505,0.012767601920980306
resnet,5,ece,E-S,29,8128,0.013311136173784438
resnet,5,ece,E-S,43,101,0.0180953346578795
resnet,5,ece,E-S,43,202,0.021413362196603076
resnet,5,ece,E-S,43,303,0.0186280398504598
resnet,5,ece,E-S,43,404,0.021947006945859698
resnet,5,ece,E-S,43,505,0.01951603237417798
resnet,5,ece,E-S,43,8128,0.023551932804681267
resnet,5,ece,S-I,17,101,0.00350054227298551
resnet,5,ece,S-I,17,202,0.0032401714553665917
resnet,5,ece,S-I,17,303,0.0017734649331406615
resnet,5,ece,S-I,17,404,-0.0002098372489429401
resnet,5,ece,S-I,17,505,0.002426766618779802
resnet,5,ece,S-I,17,8128,0.0012606985173790968
resnet,5,ece,S-I,29,101,0.005800218740905852
resnet,5,ece,S-I,29,202,0.005944699535889858
resnet,5,ece,S-I,29,303,0.005041661727589799
resnet,5,ece,S-I,29,404,0.006109887684727341
resnet,5,ece,S-I,29,505,0.005609388004027246
resnet,5,ece,S-I,29,8128,0.006500468402393609
resnet,5,ece,S-I,43,101,0.003304987147136221
resnet,5,ece,S-I,43,202,0.0033749822142572885
resnet,5,ece,S-I,43,303,0.0036558164483794092
resnet,5,ece,S-I,43,404,0.0029675454589375176
resnet,5,ece,S-I,43,505,0.00040789410262683233
resnet,5,ece,S-I,43,8128,0.0018004560537297736
resnet,5,macro_auroc,E-I,17,101,-0.011614731437372683
resnet,5,macro_auroc,E-I,17,202,-0.010954754052665994
resnet,5,macro_auroc,E-I,17,303,-0.010545293365912256
resnet,5,macro_auroc,E-I,17,404,-0.01271588803678425
resnet,5,macro_auroc,E-I,17,505,-0.006452310493641478
resnet,5,macro_auroc,E-I,17,8128,-0.010718140488240602
resnet,5,macro_auroc,E-I,29,101,-0.004507530658814929
resnet,5,macro_auroc,E-I,29,202,-0.00470520514141104
resnet,5,macro_auroc,E-I,29,303,-0.006092762022029907
resnet,5,macro_auroc,E-I,29,404,-0.00559307364931827
resnet,5,macro_auroc,E-I,29,505,-0.004328823419988859
resnet,5,macro_auroc,E-I,29,8128,-0.006392451789730358
resnet,5,macro_auroc,E-I,43,101,-0.005700951313749036
resnet,5,macro_auroc,E-I,43,202,-0.00602662766068085
resnet,5,macro_auroc,E-I,43,303,-0.006048208371322028
resnet,5,macro_auroc,E-I,43,404,-0.00512035634347463
resnet,5,macro_auroc,E-I,43,505,-0.003840406853879985
resnet,5,macro_auroc,E-I,43,8128,-0.010180242879292756
resnet,5,macro_auroc,E-S,17,101,-0.010131841427733046
resnet,5,macro_auroc,E-S,17,202,-0.007728325675699232
resnet,5,macro_auroc,E-S,17,303,-0.009884076429328027
resnet,5,macro_auroc,E-S,17,404,-0.011992939841603812
resnet,5,macro_auroc,E-S,17,505,-0.006442181099875599
resnet,5,macro_auroc,E-S,17,8128,-0.00956134041281329
resnet,5,macro_auroc,E-S,29,101,-0.004518519965070489
resnet,5,macro_auroc,E-S,29,202,-0.004483816001915009
resnet,5,macro_auroc,E-S,29,303,-0.005054693433899726
resnet,5,macro_auroc,E-S,29,404,-0.0023560790774205475
resnet,5,macro_auroc,E-S,29,505,-0.003113344631591919
resnet,5,macro_auroc,E-S,29,8128,-0.004757740992972326
resnet,5,macro_auroc,E-S,43,101,-0.004063415192625275
resnet,5,macro_auroc,E-S,43,202,-0.0059467312072112085
resnet,5,macro_auroc,E-S,43,303,-0.004827557507862301
resnet,5,macro_auroc,E-S,43,404,-0.0035396127804293797
resnet,5,macro_auroc,E-S,43,505,-0.003567791944283849
resnet,5,macro_auroc,E-S,43,8128,-0.007095167155805338
resnet,5,macro_auroc,S-I,17,101,-0.001482890009639637
resnet,5,macro_auroc,S-I,17,202,-0.003226428376966761
resnet,5,macro_auroc,S-I,17,303,-0.0006612169365842302
resnet,5,macro_auroc,S-I,17,404,-0.0007229481951804395
resnet,5,macro_auroc,S-I,17,505,-1.0129393765878625e-05
resnet,5,macro_auroc,S-I,17,8128,-0.001156800075427311
resnet,5,macro_auroc,S-I,29,101,1.0989306255559938e-05
resnet,5,macro_auroc,S-I,29,202,-0.000221389139496031
resnet,5,macro_auroc,S-I,29,303,-0.001038068588130181
resnet,5,macro_auroc,S-I,29,404,-0.0032369945718977223
resnet,5,macro_auroc,S-I,29,505,-0.0012154787883969398
resnet,5,macro_auroc,S-I,29,8128,-0.001634710796758032
resnet,5,macro_auroc,S-I,43,101,-0.0016375361211237616
resnet,5,macro_auroc,S-I,43,202,-7.989645346964113e-05
resnet,5,macro_auroc,S-I,43,303,-0.0012206508634597269
resnet,5,macro_auroc,S-I,43,404,-0.0015807435630452505
resnet,5,macro_auroc,S-I,43,505,-0.0002726149095961361
resnet,5,macro_auroc,S-I,43,8128,-0.003085075723487418
resnet,5,macro_f1,E-I,17,101,-0.02742926850885341
resnet,5,macro_f1,E-I,17,202,-0.02791028639168802
resnet,5,macro_f1,E-I,17,303,-0.022319671891119386
resnet,5,macro_f1,E-I,17,404,-0.030645881625308125
resnet,5,macro_f1,E-I,17,505,-0.016406547691696804
resnet,5,macro_f1,E-I,17,8128,-0.030404678843569344
resnet,5,macro_f1,E-I,29,101,-0.027967603990392442
resnet,5,macro_f1,E-I,29,202,-0.0303465495712939
resnet,5,macro_f1,E-I,29,303,-0.03727094909763695
resnet,5,macro_f1,E-I,29,404,-0.02790664519279573
resnet,5,macro_f1,E-I,29,505,-0.023543290871683165
resnet,5,macro_f1,E-I,29,8128,-0.039148490314964035
resnet,5,macro_f1,E-I,43,101,-0.02764561565353063
resnet,5,macro_f1,E-I,43,202,-0.024418068890932343
resnet,5,macro_f1,E-I,43,303,-0.01658566113965687
resnet,5,macro_f1,E-I,43,404,-0.02322486004423363
resnet,5,macro_f1,E-I,43,505,-0.030857105380499128
resnet,5,macro_f1,E-I,43,8128,-0.01709723319140044
resnet,5,macro_f1,E-S,17,101,-0.024739746579043743
resnet,5,macro_f1,E-S,17,202,-0.017609342490486755
resnet,5,macro_f1,E-S,17,303,-0.019764866290572745
resnet,5,macro_f1,E-S,17,404,-0.025042270706492654
resnet,5,macro_f1,E-S,17,505,-0.0130263127911445
resnet,5,macro_f1,E-S,17,8128,-0.024705544611271325
resnet,5,macro_f1,E-S,29,101,-0.021919580359430025
resnet,5,macro_f1,E-S,29,202,-0.02122228770208221
resnet,5,macro_f1,E-S,29,303,-0.029302192051274645
resnet,5,macro_f1,E-S,29,404,-0.015819316925149107
resnet,5,macro_f1,E-S,29,505,-0.02532122985637584
resnet,5,macro_f1,E-S,29,8128,-0.02833230838769618
resnet,5,macro_f1,E-S,43,101,-0.018636432837254847
resnet,5,macro_f1,E-S,43,202,-0.02091277078568028
resnet,5,macro_f1,E-S,43,303,-0.012122649713941103
resnet,5,macro_f1,E-S,43,404,-0.017703861224564243
resnet,5,macro_f1,E-S,43,505,-0.025282989921471332
resnet,5,macro_f1,E-S,43,8128,-0.019696331143766944
resnet,5,macro_f1,S-I,17,101,-0.0026895219298096683
resnet,5,macro_f1,S-I,17,202,-0.010300943901201265
resnet,5,macro_f1,S-I,17,303,-0.002554805600546639
resnet,5,macro_f1,S-I,17,404,-0.005603610918815472
resnet,5,macro_f1,S-I,17,505,-0.0033802349005523035
resnet,5,macro_f1,S-I,17,8128,-0.00569913423229802
resnet,5,macro_f1,S-I,29,101,-0.006048023630962418
resnet,5,macro_f1,S-I,29,202,-0.009124261869211692
resnet,5,macro_f1,S-I,29,303,-0.007968757046362306
resnet,5,macro_f1,S-I,29,404,-0.012087328267646625
resnet,5,macro_f1,S-I,29,505,0.001777938984692673
resnet,5,macro_f1,S-I,29,8128,-0.010816181927267854
resnet,5,macro_f1,S-I,43,101,-0.009009182816275784
resnet,5,macro_f1,S-I,43,202,-0.0035052981052520636
resnet,5,macro_f1,S-I,43,303,-0.004463011425715768
resnet,5,macro_f1,S-I,43,404,-0.005520998819669387
resnet,5,macro_f1,S-I,43,505,-0.005574115459027795
resnet,5,macro_f1,S-I,43,8128,0.0025990979523665024
resnet,10,ece,E-I,17,101,0.009910721936881153
resnet,10,ece,E-I,17,202,0.0069052679231345615
resnet,10,ece,E-I,17,303,0.008944110675416395
resnet,10,ece,E-I,17,404,0.004449435988725464
resnet,10,ece,E-I,17,505,0.006010741427352265
resnet,10,ece,E-I,17,8128,0.006637440850727261
resnet,10,ece,E-I,29,101,0.0030390720682100317
resnet,10,ece,E-I,29,202,0.0047046558295189625
resnet,10,ece,E-I,29,303,0.007310890967362198
resnet,10,ece,E-I,29,404,0.008300202377311973
resnet,10,ece,E-I,29,505,0.005814510544033438
resnet,10,ece,E-I,29,8128,0.007071867400802324
resnet,10,ece,E-I,43,101,0.006189783807649056
resnet,10,ece,E-I,43,202,0.007307722682163252
resnet,10,ece,E-I,43,303,0.008339208476048188
resnet,10,ece,E-I,43,404,0.006439124593452875
resnet,10,ece,E-I,43,505,0.00788789647662829
resnet,10,ece,E-I,43,8128,0.008964870449056396
resnet,10,ece,E-S,17,101,0.009274758979232833
resnet,10,ece,E-S,17,202,0.007898238093821525
resnet,10,ece,E-S,17,303,0.007111220790412395
resnet,10,ece,E-S,17,404,0.006351374902234389
resnet,10,ece,E-S,17,505,0.0055581128503148225
resnet,10,ece,E-S,17,8128,0.006545375647179011
resnet,10,ece,E-S,29,101,0.005873369865082348
resnet,10,ece,E-S,29,202,0.005698023639379669
resnet,10,ece,E-S,29,303,0.007410135194733864
resnet,10,ece,E-S,29,404,0.008310688471005991
resnet,10,ece,E-S,29,505,0.006665667436302497
resnet,10,ece,E-S,29,8128,0.005398330992089176
resnet,10,ece,E-S,43,101,0.005310658745675076
resnet,10,ece,E-S,43,202,0.005572581788193348
resnet,10,ece,E-S,43,303,0.005402477712413517
resnet,10,ece,E-S,43,404,0.006280313649129591
resnet,10,ece,E-S,43,505,0.006073401667952054
resnet,10,ece,E-S,43,8128,0.008174521913765562
resnet,10,ece,S-I,17,101,0.00063596295764832
resnet,10,ece,S-I,17,202,-0.0009929701706869632
resnet,10,ece,S-I,17,303,0.0018328898850039992
resnet,10,ece,S-I,17,404,-0.0019019389135089243
resnet,10,ece,S-I,17,505,0.0004526285770374422
resnet,10,ece,S-I,17,8128,9.206520354824999e-05
resnet,10,ece,S-I,29,101,-0.0028342977968723163
resnet,10,ece,S-I,29,202,-0.000993367809860707
resnet,10,ece,S-I,29,303,-9.924422737166566e-05
resnet,10,ece,S-I,29,404,-1.048609369401904e-05
resnet,10,ece,S-I,29,505,-0.0008511568922690588
resnet,10,ece,S-I,29,8128,0.0016735364087131486
resnet,10,ece,S-I,43,101,0.0008791250619739801
resnet,10,ece,S-I,43,202,0.001735140893969904
resnet,10,ece,S-I,43,303,0.0029367307636346705
resnet,10,ece,S-I,43,404,0.00015881094432328296
resnet,10,ece,S-I,43,505,0.001814494808676237
resnet,10,ece,S-I,43,8128,0.0007903485352908343
resnet,10,macro_auroc,E-I,17,101,-0.003354970172568028
resnet,10,macro_auroc,E-I,17,202,-0.00450677905744401
resnet,10,macro_auroc,E-I,17,303,-0.005251953959033995
resnet,10,macro_auroc,E-I,17,404,-0.0044798851185926525
resnet,10,macro_auroc,E-I,17,505,-0.0015635283396364663
resnet,10,macro_auroc,E-I,17,8128,-0.003907366524321665
resnet,10,macro_auroc,E-I,29,101,-0.0005962865555599883
resnet,10,macro_auroc,E-I,29,202,-0.0013308284292961048
resnet,10,macro_auroc,E-I,29,303,-0.0035849181932940954
resnet,10,macro_auroc,E-I,29,404,-0.0017717129673507914
resnet,10,macro_auroc,E-I,29,505,-0.0012101521816670902
resnet,10,macro_auroc,E-I,29,8128,-0.0018958396094431729
resnet,10,macro_auroc,E-I,43,101,-0.001666542398707671
resnet,10,macro_auroc,E-I,43,202,-0.0015100388905582296
resnet,10,macro_auroc,E-I,43,303,-0.0023805471222101415
resnet,10,macro_auroc,E-I,43,404,-0.0006641892104983782
resnet,10,macro_auroc,E-I,43,505,0.0007036732435603543
resnet,10,macro_auroc,E-I,43,8128,-0.004342879638580932
resnet,10,macro_auroc,E-S,17,101,-0.0025981922430604156
resnet,10,macro_auroc,E-S,17,202,-0.0018539075049920583
resnet,10,macro_auroc,E-S,17,303,-0.004382509976163762
resnet,10,macro_auroc,E-S,17,404,-0.004342761687834917
resnet,10,macro_auroc,E-S,17,505,-0.002048117321065068
resnet,10,macro_auroc,E-S,17,8128,-0.00339008893408439
resnet,10,macro_auroc,E-S,29,101,-0.0007380352294440673
resnet,10,macro_auroc,E-S,29,202,-0.0019904880169027807
resnet,10,macro_auroc,E-S,29,303,-0.0026457656404752948
resnet,10,macro_auroc,E-S,29,404,-0.0008761324674349646
resnet,10,macro_auroc,E-S,29,505,-0.0006992646705759942
resnet,10,macro_auroc,E-S,29,8128,-0.001884895496859218
resnet,10,macro_auroc,E-S,43,101,-0.0015322537514928403
resnet,10,macro_auroc,E-S,43,202,-0.001439258276888622
resnet,10,macro_auroc,E-S,43,303,-0.0016843677476524599
resnet,10,macro_auroc,E-S,43,404,-0.00037656440281816914
resnet,10,macro_auroc,E-S,43,505,0.0002848590551328023
resnet,10,macro_auroc,E-S,43,8128,-0.003112068200161633
resnet,10,macro_auroc,S-I,17,101,-0.0007567779295076127
resnet,10,macro_auroc,S-I,17,202,-0.002652871552451952
resnet,10,macro_auroc,S-I,17,303,-0.0008694439828702327
resnet,10,macro_auroc,S-I,17,404,-0.00013712343075773515
resnet,10,macro_auroc,S-I,17,505,0.00048458898142860195
resnet,10,macro_auroc,S-I,17,8128,-0.0005172775902372751
resnet,10,macro_auroc,S-I,29,101,0.00014174867388407896
resnet,10,macro_auroc,S-I,29,202,0.0006596595876066757
resnet,10,macro_auroc,S-I,29,303,-0.0009391525528188005
resnet,10,macro_auroc,S-I,29,404,-0.0008955804999158268
resnet,10,macro_auroc,S-I,29,505,-0.000510887511091096
resnet,10,macro_auroc,S-I,29,8128,-1.094411258395489e-05
resnet,10,macro_auroc,S-I,43,101,-0.00013428864721483081
resnet,10,macro_auroc,S-I,43,202,-7.078061366960764e-05
resnet,10,macro_auroc,S-I,43,303,-0.0006961793745576816
resnet,10,macro_auroc,S-I,43,404,-0.00028762480768020906
resnet,10,macro_auroc,S-I,43,505,0.00041881418842755204
resnet,10,macro_auroc,S-I,43,8128,-0.0012308114384192992
resnet,10,macro_f1,E-I,17,101,-0.008123989823375255
resnet,10,macro_f1,E-I,17,202,-0.011635377603687713
resnet,10,macro_f1,E-I,17,303,-0.010184895320352272
resnet,10,macro_f1,E-I,17,404,-0.015314544570445898
resnet,10,macro_f1,E-I,17,505,-0.005025919708026572
resnet,10,macro_f1,E-I,17,8128,-0.009408885974212966
resnet,10,macro_f1,E-I,29,101,-0.006634178049685802
resnet,10,macro_f1,E-I,29,202,-0.012118955573708567
resnet,10,macro_f1,E-I,29,303,-0.008405893280676313
resnet,10,macro_f1,E-I,29,404,-0.0034778666952991477
resnet,10,macro_f1,E-I,29,505,-0.002605951959211761
resnet,10,macro_f1,E-I,29,8128,-0.0030442039077873684
resnet,10,macro_f1,E-I,43,101,-0.006034504765090598
resnet,10,macro_f1,E-I,43,202,-0.0038231701563583576
resnet,10,macro_f1,E-I,43,303,0.0012213605962144714
resnet,10,macro_f1,E-I,43,404,-0.005200392897571016
resnet,10,macro_f1,E-I,43,505,-0.010983108205978476
resnet,10,macro_f1,E-I,43,8128,-0.0033900471598973247
resnet,10,macro_f1,E-S,17,101,-0.0048631147575955765
resnet,10,macro_f1,E-S,17,202,-0.008671631491772724
resnet,10,macro_f1,E-S,17,303,-0.005296817030165091
resnet,10,macro_f1,E-S,17,404,-0.011101339148347234
resnet,10,macro_f1,E-S,17,505,-0.005192443578385308
resnet,10,macro_f1,E-S,17,8128,-0.008189279178239306
resnet,10,macro_f1,E-S,29,101,-0.004943013235919236
resnet,10,macro_f1,E-S,29,202,-0.008115713166121119
resnet,10,macro_f1,E-S,29,303,-0.00756721009718182
resnet,10,macro_f1,E-S,29,404,-0.0024090039585721755
resnet,10,macro_f1,E-S,29,505,-0.006526351353949411
resnet,10,macro_f1,E-S,29,8128,-0.007465862083380381
resnet,10,macro_f1,E-S,43,101,-0.002448398073197544
resnet,10,macro_f1,E-S,43,202,-0.0006118882712781382
resnet,10,macro_f1,E-S,43,303,-0.00022563141913842789
resnet,10,macro_f1,E-S,43,404,-0.0016592507799336963
resnet,10,macro_f1,E-S,43,505,-0.004802252550769759
resnet,10,macro_f1,E-S,43,8128,-0.0035058753876014313
resnet,10,macro_f1,S-I,17,101,-0.003260875065779678
resnet,10,macro_f1,S-I,17,202,-0.0029637461119149887
resnet,10,macro_f1,S-I,17,303,-0.004888078290187181
resnet,10,macro_f1,S-I,17,404,-0.004213205422098664
resnet,10,macro_f1,S-I,17,505,0.00016652387035873684
resnet,10,macro_f1,S-I,17,8128,-0.00121960679597366
resnet,10,macro_f1,S-I,29,101,-0.0016911648137665658
resnet,10,macro_f1,S-I,29,202,-0.004003242407587449
resnet,10,macro_f1,S-I,29,303,-0.000838683183494493
resnet,10,macro_f1,S-I,29,404,-0.001068862736726972
resnet,10,macro_f1,S-I,29,505,0.00392039939473765
resnet,10,macro_f1,S-I,29,8128,0.0044216581755930125
resnet,10,macro_f1,S-I,43,101,-0.003586106691893054
resnet,10,macro_f1,S-I,43,202,-0.0032112818850802195
resnet,10,macro_f1,S-I,43,303,0.0014469920153528993
resnet,10,macro_f1,S-I,43,404,-0.0035411421176373193
resnet,10,macro_f1,S-I,43,505,-0.006180855655208717
resnet,10,macro_f1,S-I,43,8128,0.00011582822770410673
tcn,0,ece,E-I,17,101,0.04270321652193945
tcn,0,ece,E-I,17,202,0.0396781344772405
tcn,0,ece,E-I,17,303,0.03989329677304633
tcn,0,ece,E-I,17,404,0.041515325656354074
tcn,0,ece,E-I,17,505,0.037563555101203516
tcn,0,ece,E-I,17,8128,0.03885080373300709
tcn,0,ece,E-I,29,101,0.06270212866971722
tcn,0,ece,E-I,29,202,0.06153739802270697
tcn,0,ece,E-I,29,303,0.060154869847889335
tcn,0,ece,E-I,29,404,0.060684169422549415
tcn,0,ece,E-I,29,505,0.06143584884821838
tcn,0,ece,E-I,29,8128,0.061218696422759455
tcn,0,ece,E-I,43,101,0.070187925935265
tcn,0,ece,E-I,43,202,0.06852445865105629
tcn,0,ece,E-I,43,303,0.06821845547134052
tcn,0,ece,E-I,43,404,0.07000065976274791
tcn,0,ece,E-I,43,505,0.07035695801700954
tcn,0,ece,E-I,43,8128,0.06822845389901645
tcn,0,ece,E-S,17,101,0.037917955373641524
tcn,0,ece,E-S,17,202,0.03663618208886019
tcn,0,ece,E-S,17,303,0.03648651075395785
tcn,0,ece,E-S,17,404,0.03793777392860383
tcn,0,ece,E-S,17,505,0.03476075477500862
tcn,0,ece,E-S,17,8128,0.03632062228154641
tcn,0,ece,E-S,29,101,0.07460642808439892
tcn,0,ece,E-S,29,202,0.07408731592453448
tcn,0,ece,E-S,29,303,0.07371228491844835
tcn,0,ece,E-S,29,404,0.07400753306519164
tcn,0,ece,E-S,29,505,0.07429922162313154
tcn,0,ece,E-S,29,8128,0.0740497262657508
tcn,0,ece,E-S,43,101,0.06841565674733832
tcn,0,ece,E-S,43,202,0.06723562589365137
tcn,0,ece,E-S,43,303,0.06725443245764291
tcn,0,ece,E-S,43,404,0.06818948960303095
tcn,0,ece,E-S,43,505,0.06817042396114699
tcn,0,ece,E-S,43,8128,0.0661501148772485
tcn,0,ece,S-I,17,101,0.004785261148297926
tcn,0,ece,S-I,17,202,0.003041952388380309
tcn,0,ece,S-I,17,303,0.003406786019088484
tcn,0,ece,S-I,17,404,0.003577551727750247
tcn,0,ece,S-I,17,505,0.002802800326194901
tcn,0,ece,S-I,17,8128,0.002530181451460678
tcn,0,ece,S-I,29,101,-0.011904299414681702
tcn,0,ece,S-I,29,202,-0.012549917901827513
tcn,0,ece,S-I,29,303,-0.01355741507055901
tcn,0,ece,S-I,29,404,-0.013323363642642222
tcn,0,ece,S-I,29,505,-0.012863372774913184
tcn,0,ece,S-I,29,8128,-0.012831029842991348
tcn,0,ece,S-I,43,101,0.0017722691879266783
tcn,0,ece,S-I,43,202,0.0012888327574049174
tcn,0,ece,S-I,43,303,0.0009640230136976138
tcn,0,ece,S-I,43,404,0.0018111701597169558
tcn,0,ece,S-I,43,505,0.00218653405586256
tcn,0,ece,S-I,43,8128,0.002078339021767947
tcn,0,macro_auroc,E-I,17,101,-0.006456620101876753
tcn,0,macro_auroc,E-I,17,202,-0.009505341735043027
tcn,0,macro_auroc,E-I,17,303,-0.008646522823439029
tcn,0,macro_auroc,E-I,17,404,-0.00861995013738992
tcn,0,macro_auroc,E-I,17,505,-0.008188826905435098
tcn,0,macro_auroc,E-I,17,8128,-0.008263558946014715
tcn,0,macro_auroc,E-I,29,101,-0.015278006579070635
tcn,0,macro_auroc,E-I,29,202,-0.016941849154318178
tcn,0,macro_auroc,E-I,29,303,-0.01736441873237926
tcn,0,macro_auroc,E-I,29,404,-0.019000321574707546
tcn,0,macro_auroc,E-I,29,505,-0.014760783600945016
tcn,0,macro_auroc,E-I,29,8128,-0.01633357812399705
tcn,0,macro_auroc,E-I,43,101,-0.01026319104533413
tcn,0,macro_auroc,E-I,43,202,-0.011208967420615057
tcn,0,macro_auroc,E-I,43,303,-0.013698349415889766
tcn,0,macro_auroc,E-I,43,404,-0.014177041008017643
tcn,0,macro_auroc,E-I,43,505,-0.01253353494338083
tcn,0,macro_auroc,E-I,43,8128,-0.013473441626330462
tcn,0,macro_auroc,E-S,17,101,-0.007135655463076507
tcn,0,macro_auroc,E-S,17,202,-0.008161766458679387
tcn,0,macro_auroc,E-S,17,303,-0.009837134744251564
tcn,0,macro_auroc,E-S,17,404,-0.007129002625497249
tcn,0,macro_auroc,E-S,17,505,-0.00843116000689268
tcn,0,macro_auroc,E-S,17,8128,-0.006620349728212816
tcn,0,macro_auroc,E-S,29,101,-0.016909484821756228
tcn,0,macro_auroc,E-S,29,202,-0.017114612915050852
tcn,0,macro_auroc,E-S,29,303,-0.018775006395813622
tcn,0,macro_auroc,E-S,29,404,-0.018897347724711744
tcn,0,macro_auroc,E-S,29,505,-0.016665976824058504
tcn,0,macro_auroc,E-S,29,8128,-0.0186098484634603
tcn,0,macro_auroc,E-S,43,101,-0.011690344038353607
tcn,0,macro_auroc,E-S,43,202,-0.012127932290643507
tcn,0,macro_auroc,E-S,43,303,-0.015145350668970404
tcn,0,macro_auroc,E-S,43,404,-0.014790656661832213
tcn,0,macro_auroc,E-S,43,505,-0.013485469728077982
tcn,0,macro_auroc,E-S,43,8128,-0.015844038208659407
tcn,0,macro_auroc,S-I,17,101,0.0006790353611997535
tcn,0,macro_auroc,S-I,17,202,-0.00134357527636364
tcn,0,macro_auroc,S-I,17,303,0.0011906119208125344
tcn,0,macro_auroc,S-I,17,404,-0.0014909475118926707
tcn,0,macro_auroc,S-I,17,505,0.00024233310145758136
tcn,0,macro_auroc,S-I,17,8128,-0.0016432092178018999
tcn,0,macro_auroc,S-I,29,101,0.0016314782426855912
tcn,0,macro_auroc,S-I,29,202,0.00017276376073267486
tcn,0,macro_auroc,S-I,29,303,0.0014105876634343596
tcn,0,macro_auroc,S-I,29,404,-0.00010297384999580217
tcn,0,macro_auroc,S-I,29,505,0.0019051932231134883
tcn,0,macro_auroc,S-I,29,8128,0.0022762703394632487
tcn,0,macro_auroc,S-I,43,101,0.001427152993019476
tcn,0,macro_auroc,S-I,43,202,0.0009189648700284492
tcn,0,macro_auroc,S-I,43,303,0.0014470012530806375
tcn,0,macro_auroc,S-I,43,404,0.0006136156538145698
tcn,0,macro_auroc,S-I,43,505,0.0009519347846971504
tcn,0,macro_auroc,S-I,43,8128,0.0023705965823289433
tcn,0,macro_f1,E-I,17,101,-0.07475198592223464
tcn,0,macro_f1,E-I,17,202,-0.07123162682378203
tcn,0,macro_f1,E-I,17,303,-0.07586361146177678
tcn,0,macro_f1,E-I,17,404,-0.07316630061423024
tcn,0,macro_f1,E-I,17,505,-0.07555129600303045
tcn,0,macro_f1,E-I,17,8128,-0.06994125646553517
tcn,0,macro_f1,E-I,29,101,-0.08970352944928311
tcn,0,macro_f1,E-I,29,202,-0.09231443296288228
tcn,0,macro_f1,E-I,29,303,-0.09396529788369101
tcn,0,macro_f1,E-I,29,404,-0.09795308920337442
tcn,0,macro_f1,E-I,29,505,-0.08977545292421119
tcn,0,macro_f1,E-I,29,8128,-0.09119832804732836
tcn,0,macro_f1,E-I,43,101,-0.13291862932721443
tcn,0,macro_f1,E-I,43,202,-0.1232560848287374
tcn,0,macro_f1,E-I,43,303,-0.12885436916740678
tcn,0,macro_f1,E-I,43,404,-0.13486635686677995
tcn,0,macro_f1,E-I,43,505,-0.12861492203856234
tcn,0,macro_f1,E-I,43,8128,-0.12919692330559984
tcn,0,macro_f1,E-S,17,101,-0.06995703568333175
tcn,0,macro_f1,E-S,17,202,-0.06415190159774123
tcn,0,macro_f1,E-S,17,303,-0.07133135796920376
tcn,0,macro_f1,E-S,17,404,-0.0662395362520762
tcn,0,macro_f1,E-S,17,505,-0.06805473689579415
tcn,0,macro_f1,E-S,17,8128,-0.062014221225931365
tcn,0,macro_f1,E-S,29,101,-0.111976316872901
tcn,0,macro_f1,E-S,29,202,-0.10965844239210884
tcn,0,macro_f1,E-S,29,303,-0.11112903299205987
tcn,0,macro_f1,E-S,29,404,-0.1095302049449356
tcn,0,macro_f1,E-S,29,505,-0.11028031269100085
tcn,0,macro_f1,E-S,29,8128,-0.10893437920722138
tcn,0,macro_f1,E-S,43,101,-0.1363507930968058
tcn,0,macro_f1,E-S,43,202,-0.13202002881740274
tcn,0,macro_f1,E-S,43,303,-0.13345411466858897
tcn,0,macro_f1,E-S,43,404,-0.13767238323644387
tcn,0,macro_f1,E-S,43,505,-0.13112746380175788
tcn,0,macro_f1,E-S,43,8128,-0.1355233978016185
tcn,0,macro_f1,S-I,17,101,-0.0047949502389028845
tcn,0,macro_f1,S-I,17,202,-0.007079725226040811
tcn,0,macro_f1,S-I,17,303,-0.004532253492573024
tcn,0,macro_f1,S-I,17,404,-0.006926764362154047
tcn,0,macro_f1,S-I,17,505,-0.0074965591072363
tcn,0,macro_f1,S-I,17,8128,-0.007927035239603808
tcn,0,macro_f1,S-I,29,101,0.02227278742361788
tcn,0,macro_f1,S-I,29,202,0.017344009429226558
tcn,0,macro_f1,S-I,29,303,0.017163735108368872
tcn,0,macro_f1,S-I,29,404,0.011577115741561183
tcn,0,macro_f1,S-I,29,505,0.020504859766789663
tcn,0,macro_f1,S-I,29,8128,0.017736051159893018
tcn,0,macro_f1,S-I,43,101,0.00343216376959139
tcn,0,macro_f1,S-I,43,202,0.008763943988665335
tcn,0,macro_f1,S-I,43,303,0.0045997455011822065
tcn,0,macro_f1,S-I,43,404,0.002806026369663939
tcn,0,macro_f1,S-I,43,505,0.002512541763195553
tcn,0,macro_f1,S-I,43,8128,0.006326474496018664
tcn,5,ece,E-I,17,101,0.009828979674438333
tcn,5,ece,E-I,17,202,0.007523190221014282
tcn,5,ece,E-I,17,303,0.007574212452471411
tcn,5,ece,E-I,17,404,0.007854243143349655
tcn,5,ece,E-I,17,505,0.007435454418847125
tcn,5,ece,E-I,17,8128,0.007791403343297816
tcn,5,ece,E-I,29,101,0.03964792722680502
tcn,5,ece,E-I,29,202,0.03747876687114811
tcn,5,ece,E-I,29,303,0.0387796118906779
tcn,5,ece,E-I,29,404,0.038173693613614446
tcn,5,ece,E-I,29,505,0.03960406738439137
tcn,5,ece,E-I,29,8128,0.03882240509460118
tcn,5,ece,E-I,43,101,0.009595758970829024
tcn,5,ece,E-I,43,202,0.007041504876517654
tcn,5,ece,E-I,43,303,0.008209219156512841
tcn,5,ece,E-I,43,404,0.008936967268213712
tcn,5,ece,E-I,43,505,0.008622889459808332
tcn,5,ece,E-I,43,8128,0.006682812105581612
tcn,5,ece,E-S,17,101,0.010021526985011183
tcn,5,ece,E-S,17,202,0.008005269990919816
tcn,5,ece,E-S,17,303,0.008889093347647894
tcn,5,ece,E-S,17,404,0.009078271932552756
tcn,5,ece,E-S,17,505,0.007389075782066305
tcn,5,ece,E-S,17,8128,0.009907851479257056
tcn,5,ece,E-S,29,101,0.04031341542150021
tcn,5,ece,E-S,29,202,0.03887537425600682
tcn,5,ece,E-S,29,303,0.03986762156775628
tcn,5,ece,E-S,29,404,0.039712049113504
tcn,5,ece,E-S,29,505,0.03992498000219517
tcn,5,ece,E-S,29,8128,0.040617126860313074
tcn,5,ece,E-S,43,101,0.0056919392230324935
tcn,5,ece,E-S,43,202,0.0026283445758785015
tcn,5,ece,E-S,43,303,0.003720185544831736
tcn,5,ece,E-S,43,404,0.005195151012461737
tcn,5,ece,E-S,43,505,0.0056652470745631334
tcn,5,ece,E-S,43,8128,0.004473508240420834
tcn,5,ece,S-I,17,101,-0.00019254731057284923
tcn,5,ece,S-I,17,202,-0.00048207976990553294
tcn,5,ece,S-I,17,303,-0.0013148808951764818
tcn,5,ece,S-I,17,404,-0.0012240287892031007
tcn,5,ece,S-I,17,505,4.6378636780819435e-05
tcn,5,ece,S-I,17,8128,-0.002116448135959241
tcn,5,ece,S-I,29,101,-0.0006654881946951907
tcn,5,ece,S-I,29,202,-0.0013966073848587057
tcn,5,ece,S-I,29,303,-0.0010880096770783804
tcn,5,ece,S-I,29,404,-0.0015383554998895572
tcn,5,ece,S-I,29,505,-0.000320912617803798
tcn,5,ece,S-I,29,8128,-0.0017947217657118958
tcn,5,ece,S-I,43,101,0.00390381974779653
tcn,5,ece,S-I,43,202,0.004413160300639153
tcn,5,ece,S-I,43,303,0.004489033611681105
tcn,5,ece,S-I,43,404,0.003741816255751976
tcn,5,ece,S-I,43,505,0.002957642385245198
tcn,5,ece,S-I,43,8128,0.002209303865160779
tcn,5,macro_auroc,E-I,17,101,0.00011253354063123222
tcn,5,macro_auroc,E-I,17,202,-0.002792227673239389
tcn,5,macro_auroc,E-I,17,303,-0.001564692628492681
tcn,5,macro_auroc,E-I,17,404,-0.0013326854601667382
tcn,5,macro_auroc,E-I,17,505,-0.0006586554894296714
tcn,5,macro_auroc,E-I,17,8128,-0.0023713050879166087
tcn,5,macro_auroc,E-I,29,101,-0.004342482241392331
tcn,5,macro_auroc,E-I,29,202,-0.005744560704879498
tcn,5,macro_auroc,E-I,29,303,-0.005357080024764982
tcn,5,macro_auroc,E-I,29,404,-0.006074030201025038
tcn,5,macro_auroc,E-I,29,505,-0.0036330091414988885
tcn,5,macro_auroc,E-I,29,8128,-0.005159955585315346
tcn,5,macro_auroc,E-I,43,101,-0.002330050961389274
tcn,5,macro_auroc,E-I,43,202,-0.0024813184167957747
tcn,5,macro_auroc,E-I,43,303,-0.003964697350476998
tcn,5,macro_auroc,E-I,43,404,-0.004578872481844298
tcn,5,macro_auroc,E-I,43,505,-0.003092408212473141
tcn,5,macro_auroc,E-I,43,8128,-0.003749402282746006
tcn,5,macro_auroc,E-S,17,101,-0.0005893332335844103
tcn,5,macro_auroc,E-S,17,202,-0.0020939664821538083
tcn,5,macro_auroc,E-S,17,303,-0.002378515940942516
tcn,5,macro_auroc,E-S,17,404,-0.0010160560619405068
tcn,5,macro_auroc,E-S,17,505,-0.0011489502762962235
tcn,5,macro_auroc,E-S,17,8128,-0.0011893320468783885
tcn,5,macro_auroc,E-S,29,101,-0.004625243716180494
tcn,5,macro_auroc,E-S,29,202,-0.005666439366789166
tcn,5,macro_auroc,E-S,29,303,-0.005177341844959216
tcn,5,macro_auroc,E-S,29,404,-0.005819056231347442
tcn,5,macro_auroc,E-S,29,505,-0.004625387725344621
tcn,5,macro_auroc,E-S,29,8128,-0.006101590459292238
tcn,5,macro_auroc,E-S,43,101,-0.0027635198315595134
tcn,5,macro_auroc,E-S,43,202,-0.0029488358495494806
tcn,5,macro_auroc,E-S,43,303,-0.004200422755434796
tcn,5,macro_auroc,E-S,43,404,-0.004769028725199598
tcn,5,macro_auroc,E-S,43,505,-0.003660213949840463
tcn,5,macro_auroc,E-S,43,8128,-0.005050837041895994
tcn,5,macro_auroc,S-I,17,101,0.0007018667742156425
tcn,5,macro_auroc,S-I,17,202,-0.0006982611910855807
tcn,5,macro_auroc,S-I,17,303,0.0008138233124498351
tcn,5,macro_auroc,S-I,17,404,-0.00031662939822623136
tcn,5,macro_auroc,S-I,17,505,0.0004902947868665519
tcn,5,macro_auroc,S-I,17,8128,-0.0011819730410382201
tcn,5,macro_auroc,S-I,29,101,0.00028276147478816237
tcn,5,macro_auroc,S-I,29,202,-7.812133809033117e-05
tcn,5,macro_auroc,S-I,29,303,-0.00017973817980576623
tcn,5,macro_auroc,S-I,29,404,-0.00025497396967759655
tcn,5,macro_auroc,S-I,29,505,0.000992378583845732
tcn,5,macro_auroc,S-I,29,8128,0.0009416348739768931
tcn,5,macro_auroc,S-I,43,101,0.00043346887017023936
tcn,5,macro_auroc,S-I,43,202,0.00046751743275370573
tcn,5,macro_auroc,S-I,43,303,0.00023572540495779836
tcn,5,macro_auroc,S-I,43,404,0.00019015624335529945
tcn,5,macro_auroc,S-I,43,505,0.0005678057373673217
tcn,5,macro_auroc,S-I,43,8128,0.0013014347591499887
tcn,5,macro_f1,E-I,17,101,-0.01266548225066011
tcn,5,macro_f1,E-I,17,202,-0.015938270036907398
tcn,5,macro_f1,E-I,17,303,-0.018803214287800296
tcn,5,macro_f1,E-I,17,404,-0.01767615491364627
tcn,5,macro_f1,E-I,17,505,-0.013173448387264308
tcn,5,macro_f1,E-I,17,8128,-0.014947042413503087
tcn,5,macro_f1,E-I,29,101,-0.03881039708585676
tcn,5,macro_f1,E-I,29,202,-0.046315310977810165
tcn,5,macro_f1,E-I,29,303,-0.03872417662534233
tcn,5,macro_f1,E-I,29,404,-0.04451768636537323
tcn,5,macro_f1,E-I,29,505,-0.03981172396162447
tcn,5,macro_f1,E-I,29,8128,-0.04610375150229884
tcn,5,macro_f1,E-I,43,101,-0.026665714153881748
tcn,5,macro_f1,E-I,43,202,-0.024679280721859653
tcn,5,macro_f1,E-I,43,303,-0.033956963291888465
tcn,5,macro_f1,E-I,43,404,-0.028019817835410743
tcn,5,macro_f1,E-I,43,505,-0.030286442884157605
tcn,5,macro_f1,E-I,43,8128,-0.029007512058386697
tcn,5,macro_f1,E-S,17,101,-0.014528158722063344
tcn,5,macro_f1,E-S,17,202,-0.018706950272696133
tcn,5,macro_f1,E-S,17,303,-0.01740750914173501
tcn,5,macro_f1,E-S,17,404,-0.01589937585774561
tcn,5,macro_f1,E-S,17,505,-0.015907862633366476
tcn,5,macro_f1,E-S,17,8128,-0.01731784104064695
tcn,5,macro_f1,E-S,29,101,-0.04449371369594805
tcn,5,macro_f1,E-S,29,202,-0.04461284602645297
tcn,5,macro_f1,E-S,29,303,-0.04052931004258149
tcn,5,macro_f1,E-S,29,404,-0.04570494428600076
tcn,5,macro_f1,E-S,29,505,-0.0397476092297286
tcn,5,macro_f1,E-S,29,8128,-0.04459936245080061
tcn,5,macro_f1,E-S,43,101,-0.029892243473173208
tcn,5,macro_f1,E-S,43,202,-0.029447510670934162
tcn,5,macro_f1,E-S,43,303,-0.029633368710613284
tcn,5,macro_f1,E-S,43,404,-0.03298732441818777
tcn,5,macro_f1,E-S,43,505,-0.0313152351802289
tcn,5,macro_f1,E-S,43,8128,-0.03158917254697489
tcn,5,macro_f1,S-I,17,101,0.0018626764714032352
tcn,5,macro_f1,S-I,17,202,0.002768680235788734
tcn,5,macro_f1,S-I,17,303,-0.0013957051460652848
tcn,5,macro_f1,S-I,17,404,-0.001776779055900657
tcn,5,macro_f1,S-I,17,505,0.0027344142461021683
tcn,5,macro_f1,S-I,17,8128,0.0023707986271438663
tcn,5,macro_f1,S-I,29,101,0.005683316610091293
tcn,5,macro_f1,S-I,29,202,-0.0017024649513571965
tcn,5,macro_f1,S-I,29,303,0.0018051334172391575
tcn,5,macro_f1,S-I,29,404,0.0011872579206275268
tcn,5,macro_f1,S-I,29,505,-6.411473189587014e-05
tcn,5,macro_f1,S-I,29,8128,-0.001504389051498234
tcn,5,macro_f1,S-I,43,101,0.00322652931929146
tcn,5,macro_f1,S-I,43,202,0.00476822994907451
tcn,5,macro_f1,S-I,43,303,-0.004323594581275181
tcn,5,macro_f1,S-I,43,404,0.004967506582777026
tcn,5,macro_f1,S-I,43,505,0.0010287922960712903
tcn,5,macro_f1,S-I,43,8128,0.002581660488588189
tcn,10,ece,E-I,17,101,-0.001838655966990621
tcn,10,ece,E-I,17,202,-0.001503995702963619
tcn,10,ece,E-I,17,303,-0.001133270717903638
tcn,10,ece,E-I,17,404,-0.00302119163043868
tcn,10,ece,E-I,17,505,-0.00025796950090357235
tcn,10,ece,E-I,17,8128,-0.0029792687637395718
tcn,10,ece,E-I,29,101,0.0016206606825595951
tcn,10,ece,E-I,29,202,0.0032658303474546874
tcn,10,ece,E-I,29,303,0.002160693129813304
tcn,10,ece,E-I,29,404,0.003626006837631132
tcn,10,ece,E-I,29,505,0.00029532404888928804
tcn,10,ece,E-I,29,8128,0.003715995550476074
tcn,10,ece,E-I,43,101,-0.008121463089345839
tcn,10,ece,E-I,43,202,-0.008556871392445438
tcn,10,ece,E-I,43,303,-0.007301532283668734
tcn,10,ece,E-I,43,404,-0.005684362657746238
tcn,10,ece,E-I,43,505,-0.009861226652147274
tcn,10,ece,E-I,43,8128,-0.009173417647169176
tcn,10,ece,E-S,17,101,-0.001374877056172495
tcn,10,ece,E-S,17,202,-0.0024306288713735386
tcn,10,ece,E-S,17,303,-0.000971374478274023
tcn,10,ece,E-S,17,404,-0.0016931368642173136
tcn,10,ece,E-S,17,505,-0.00037846491382368677
tcn,10,ece,E-S,17,8128,-0.0022072022217209638
tcn,10,ece,E-S,29,101,0.002397972029597731
tcn,10,ece,E-S,29,202,0.00354067685817865
tcn,10,ece,E-S,29,303,0.001786927357836865
tcn,10,ece,E-S,29,404,0.004693170028774658
tcn,10,ece,E-S,29,505,0.0028928763393633234
tcn,10,ece,E-S,29,8128,0.003354508100334075
tcn,10,ece,E-S,43,101,-0.008703244371707376
tcn,10,ece,E-S,43,202,-0.009500614769761218
tcn,10,ece,E-S,43,303,-0.006585792958852618
tcn,10,ece,E-S,43,404,-0.009068785230950664
tcn,10,ece,E-S,43,505,-0.008798060393735782
tcn,10,ece,E-S,43,8128,-0.009729480478592477
tcn,10,ece,S-I,17,101,-0.00046377891081812587
tcn,10,ece,S-I,17,202,0.0009266331684099196
tcn,10,ece,S-I,17,303,-0.00016189623962961503
tcn,10,ece,S-I,17,404,-0.0013280547662213663
tcn,10,ece,S-I,17,505,0.00012049541292011439
tcn,10,ece,S-I,17,8128,-0.0007720665420186082
tcn,10,ece,S-I,29,101,-0.0007773113470381357
tcn,10,ece,S-I,29,202,-0.00027484651072396256
tcn,10,ece,S-I,29,303,0.00037376577197643923
tcn,10,ece,S-I,29,404,-0.0010671631911435262
tcn,10,ece,S-I,29,505,-0.0025975522904740354
tcn,10,ece,S-I,29,8128,0.00036148745014199927
tcn,10,ece,S-I,43,101,0.0005817812823615375
tcn,10,ece,S-I,43,202,0.0009437433773157797
tcn,10,ece,S-I,43,303,-0.0007157393248161156
tcn,10,ece,S-I,43,404,0.0033844225732044264
tcn,10,ece,S-I,43,505,-0.0010631662584114922
tcn,10,ece,S-I,43,8128,0.0005560628314233013
tcn,10,macro_auroc,E-I,17,101,0.0006650496335857126
tcn,10,macro_auroc,E-I,17,202,-0.0010396526832063824
tcn,10,macro_auroc,E-I,17,303,1.617744607129712e-05
tcn,10,macro_auroc,E-I,17,404,0.00015019731565169003
tcn,10,macro_auroc,E-I,17,505,0.00035000000689000554
tcn,10,macro_auroc,E-I,17,8128,-0.0011310438149210178
tcn,10,macro_auroc,E-I,29,101,-0.00046238564862755016
tcn,10,macro_auroc,E-I,29,202,-0.001868693321543602
tcn,10,macro_auroc,E-I,29,303,-0.0011040184951276455
tcn,10,macro_auroc,E-I,29,404,-0.0012636931728271517
tcn,10,macro_auroc,E-I,29,505,1.9375852261749316e-05
tcn,10,macro_auroc,E-I,29,8128,-0.0013072806810578985
tcn,10,macro_auroc,E-I,43,101,-6.511323773794597e-05
tcn,10,macro_auroc,E-I,43,202,-0.0005159876190380386
tcn,10,macro_auroc,E-I,43,303,-0.0011695272864774564
tcn,10,macro_auroc,E-I,43,404,-0.0012350113616427238
tcn,10,macro_auroc,E-I,43,505,-0.0003138212044833111
tcn,10,macro_auroc,E-I,43,8128,-0.0007744978128277902
tcn,10,macro_auroc,E-S,17,101,0.0001894928235238069
tcn,10,macro_auroc,E-S,17,202,-0.0007338683631825882
tcn,10,macro_auroc,E-S,17,303,-0.000484489781756503
tcn,10,macro_auroc,E-S,17,404,6.0928497181134136e-05
tcn,10,macro_auroc,E-S,17,505,0.0002309202935327548
tcn,10,macro_auroc,E-S,17,8128,-0.0005789732838306971
tcn,10,macro_auroc,E-S,29,101,-0.0005493903456901927
tcn,10,macro_auroc,E-S,29,202,-0.002002030763081719
tcn,10,macro_auroc,E-S,29,303,-0.0008228865011706387
tcn,10,macro_auroc,E-S,29,404,-0.0013617036564921303
tcn,10,macro_auroc,E-S,29,505,-0.0007403275856129987
tcn,10,macro_auroc,E-S,29,8128,-0.0018732406176763527
tcn,10,macro_auroc,E-S,43,101,-0.00035352688432606084
tcn,10,macro_auroc,E-S,43,202,-0.0008830178270464506
tcn,10,macro_auroc,E-S,43,303,-0.0011085620547188536
tcn,10,macro_auroc,E-S,43,404,-0.001322196424698796
tcn,10,macro_auroc,E-S,43,505,-0.0007825135109978065
tcn,10,macro_auroc,E-S,43,8128,-0.0013266079957746867
tcn,10,macro_auroc,S-I,17,101,0.00047555681006190565
tcn,10,macro_auroc,S-I,17,202,-0.00030578432002379417
tcn,10,macro_auroc,S-I,17,303,0.0005006672278278001
tcn,10,macro_auroc,S-I,17,404,8.92688184705559e-05
tcn,10,macro_auroc,S-I,17,505,0.00011907971335725076
tcn,10,macro_auroc,S-I,17,8128,-0.0005520705310903207
tcn,10,macro_auroc,S-I,29,101,8.700469706264257e-05
tcn,10,macro_auroc,S-I,29,202,0.0001333374415381172
tcn,10,macro_auroc,S-I,29,303,-0.0002811319939570067
tcn,10,macro_auroc,S-I,29,404,9.801048366497866e-05
tcn,10,macro_auroc,S-I,29,505,0.000759703437874748
tcn,10,macro_auroc,S-I,29,8128,0.0005659599366184542
tcn,10,macro_auroc,S-I,43,101,0.00028841364658811487
tcn,10,macro_auroc,S-I,43,202,0.000367030208008412
tcn,10,macro_auroc,S-I,43,303,-6.096523175860291e-05
tcn,10,macro_auroc,S-I,43,404,8.71850630560722e-05
tcn,10,macro_auroc,S-I,43,505,0.00046869230651449547
tcn,10,macro_auroc,S-I,43,8128,0.0005521101829468966
tcn,10,macro_f1,E-I,17,101,0.0049140344342581965
tcn,10,macro_f1,E-I,17,202,-0.005675455590842593
tcn,10,macro_f1,E-I,17,303,-0.00016160620820659943
tcn,10,macro_f1,E-I,17,404,-0.002565450905616329
tcn,10,macro_f1,E-I,17,505,-0.0031155352909840728
tcn,10,macro_f1,E-I,17,8128,-0.0028893665560769666
tcn,10,macro_f1,E-I,29,101,-0.008020224929762176
tcn,10,macro_f1,E-I,29,202,-0.009202437853670364
tcn,10,macro_f1,E-I,29,303,-0.0064209563793967694
tcn,10,macro_f1,E-I,29,404,-0.007743296430166247
tcn,10,macro_f1,E-I,29,505,-0.006833056061054998
tcn,10,macro_f1,E-I,29,8128,-0.012467241695292897
tcn,10,macro_f1,E-I,43,101,-0.0048064913071501625
tcn,10,macro_f1,E-I,43,202,-0.006850776903579381
tcn,10,macro_f1,E-I,43,303,-0.008925690866993463
tcn,10,macro_f1,E-I,43,404,-0.009127112922804992
tcn,10,macro_f1,E-I,43,505,-0.006396400530582325
tcn,10,macro_f1,E-I,43,8128,-0.0038931370310096858
tcn,10,macro_f1,E-S,17,101,-0.0012542578180702924
tcn,10,macro_f1,E-S,17,202,-0.005084713483330283
tcn,10,macro_f1,E-S,17,303,-0.0021598905366943645
tcn,10,macro_f1,E-S,17,404,-0.0005248726603176879
tcn,10,macro_f1,E-S,17,505,-0.002745031162682299
tcn,10,macro_f1,E-S,17,8128,-0.003998624758301017
tcn,10,macro_f1,E-S,29,101,-0.00952802821291967
tcn,10,macro_f1,E-S,29,202,-0.009037877757710344
tcn,10,macro_f1,E-S,29,303,-0.005683103976759885
tcn,10,macro_f1,E-S,29,404,-0.010141688039470974
tcn,10,macro_f1,E-S,29,505,-0.007317773826798235
tcn,10,macro_f1,E-S,29,8128,-0.012916769530478999
tcn,10,macro_f1,E-S,43,101,-0.007187971690944294
tcn,10,macro_f1,E-S,43,202,-0.009018933663779238
tcn,10,macro_f1,E-S,43,303,-0.009061210874548253
tcn,10,macro_f1,E-S,43,404,-0.006655616931081476
tcn,10,macro_f1,E-S,43,505,-0.008084480343263301
tcn,10,macro_f1,E-S,43,8128,-0.006960868477755988
tcn,10,macro_f1,S-I,17,101,0.0061682922523284885
tcn,10,macro_f1,S-I,17,202,-0.0005907421075123098
tcn,10,macro_f1,S-I,17,303,0.001998284328487765
tcn,10,macro_f1,S-I,17,404,-0.002040578245298641
tcn,10,macro_f1,S-I,17,505,-0.00037050412830177406
tcn,10,macro_f1,S-I,17,8128,0.0011092582022240506
tcn,10,macro_f1,S-I,29,101,0.0015078032831574938
tcn,10,macro_f1,S-I,29,202,-0.00016456009596002019
tcn,10,macro_f1,S-I,29,303,-0.0007378524026368849
tcn,10,macro_f1,S-I,29,404,0.002398391609304729
tcn,10,macro_f1,S-I,29,505,0.0004847177657432367
tcn,10,macro_f1,S-I,29,8128,0.0004495278351861032
tcn,10,macro_f1,S-I,43,101,0.0023814803837941324
tcn,10,macro_f1,S-I,43,202,0.0021681567601998576
tcn,10,macro_f1,S-I,43,303,0.0001355200075547902
tcn,10,macro_f1,S-I,43,404,-0.0024714959917235156
tcn,10,macro_f1,S-I,43,505,0.001688079812680976
tcn,10,macro_f1,S-I,43,8128,0.0030677314467463025
