model,kind,snr,active,comparison,condition,outcome,mean_difference,ci95_low,ci95_high,p_value,p_holm,standardized_effect,n_patients,n_records,n_seeds,inference_unit,bootstrap_seed,bootstrap_count,permutation_seed,permutation_count,permutation_method,holm_family,status,patient_median,patient_fraction_positive,mean_without_largest_1pct_abs,mean_without_largest_5pct_abs
resnet,bandpass,0,all,electrode_minus_independent_rms,all,loss,0.030433355462899544,0.019773129631222897,0.040888235543020894,9.999000099990002e-05,0.0008999100089991002,0.18238060965768085,896,1000,3,patient,2662046700376582324,2000,18323523666533878033,10000,monte_carlo_sign_flip_plus_one,all_active_primary_loss_noise_contrasts_all_models_kinds_snrs,ok,0.02342076721257367,0.5725446428571429,0.02771123269108547,0.02331845039041103
resnet,bandpass,0,all,electrode_minus_independent_rms,all,mean_probability,0.003135666583313768,0.0011377265779467776,0.004982112365277049,0.0007999200079992001,,0.1064344412062205,896,1000,3,patient,8747934714243075321,2000,8549132040223604947,10000,monte_carlo_sign_flip_plus_one,exploratory_uncorrected,ok,0.0032711495645344254,0.5446428571428571,0.0032242750771489617,0.00271376969360109
resnet,bandpass,0,all,electrode_minus_independent_rms,all,probability_shift,0.011012197212187,0.008059489552055989,0.013953674750002993,9.999000099990002e-05,,0.24505300786370698,896,1000,3,patient,15526541367543019616,2000,134220581325899820,10000,monte_carlo_sign_flip_plus_one,exploratory_uncorrected,ok,0.009232551399812413,0.5970982142857143,0.01023760106120054,0.007825841930533784
resnet,bandpass,0,all,electrode_minus_independent_rms,all,macro_auroc,-0.007959705689232247,-0.023735903332890745,0.00781649195442625,,,,896,1000,3,training_seed,,0,,0,not_tested,not_tested,seed_t_interval_fragile_with_few_seeds,,,,
resnet,bandpass,0,all,electrode_minus_independent_rms,all,macro_ap,-0.014477552013210252,-0.031024040854476048,0.002068936828055543,,,,896,1000,3,training_seed,,0,,0,not_tested,not_tested,seed_t_interval_fragile_with_few_seeds,,,,
resnet,bandpass,0,all,electrode_minus_independent_rms,all,macro_f1,-0.015221290402826104,-0.05678224362723016,0.02633966282157795,,,,896,1000,3,training_seed,,0,,0,not_tested,not_tested,seed_t_interval_fragile_with_few_seeds,,,,
resnet,bandpass,0,all,electrode_minus_independent,all,loss,0.03237635159427004,0.021551640607884812,0.04314852651158217,9.999000099990002e-05,0.0008999100089991002,0.19412433617429853,896,1000,3,patient,8270862914532235796,2000,15473724806255252155,10000,monte_carlo_sign_flip_plus_one,all_active_primary_loss_noise_contrasts_all_models_kinds_snrs,ok,0.023107671341800366,0.578125,0.03071374213856332,0.022604159977821597
resnet,bandpass,0,all,electrode_minus_independent,all,mean_probability,0.004082628310449722,0.002213625126607191,0.006028374939353622,0.00019998000199980003,,0.13937700748688076,896,1000,3,patient,9800682188222638348,2000,11907618193930408779,10000,monte_carlo_sign_flip_plus_one,exploratory_uncorrected,ok,0.003639255556239126,0.5591517857142857,0.0038105974817943078,0.003454619754835719
resnet,bandpass,0,all,electrode_minus_independent,all,probability_shift,0.01149882957263387,0.008517928950595787,0.014289138808179312,9.999000099990002e-05,,0.25743547785073834,896,1000,3,patient,16560102528320767303,2000,6256792656630487780,10000,monte_carlo_sign_flip_plus_one,exploratory_uncorrected,ok,0.00996586267525951,0.6049107142857143,0.010739443931834777,0.008606323670550784
resnet,bandpass,0,all,electrode_minus_independent,all,macro_auroc,-0.008091668798254107,-0.02435328781083069,0.008169950214322477,,,,896,1000,3,training_seed,,0,,0,not_tested,not_tested,seed_t_interval_fragile_with_few_seeds,,,,
resnet,bandpass,0,all,electrode_minus_independent,all,macro_ap,-0.01317840116774797,-0.027718809570925186,0.0013620072354292474,,,,896,1000,3,training_seed,,0,,0,not_tested,not_tested,seed_t_interval_fragile_with_few_seeds,,,,
resnet,bandpass,0,all,electrode_minus_independent,all,macro_f1,-0.013473898477141902,-0.05661907291800632,0.029671275963722522,,,,896,1000,3,training_seed,,0,,0,not_tested,not_tested,seed_t_interval_fragile_with_few_seeds,,,,
resnet,bandpass,0,all,covariance_minus_electrode,all,loss,-0.0037970183438499954,-0.015122860413946044,0.006201400032416411,0.4958504149585041,1.0,-0.023371622522456656,896,1000,3,patient,4745139144003895463,2000,2220998850463433594,10000,monte_carlo_sign_flip_plus_one,all_active_primary_loss_noise_contrasts_all_models_kinds_snrs,ok,-0.002627551166068766,0.48995535714285715,-0.0034245623910504155,-0.003464863061760576
resnet,bandpass,0,all,covariance_minus_electrode,all,mean_probability,-0.0008024671605177577,-0.0027028641727199977,0.001141890627767144,0.41945805419458054,,-0.026989245707570858,896,1000,3,patient,3914855422592354732,2000,16895376436039714553,10000,monte_carlo_sign_flip_plus_one,exploratory_uncorrected,ok,-0.001331216549927679,0.4765625,-0.0007097830608282277,-0.0006209372726177025
resnet,bandpass,0,all,covariance_minus_electrode,all,probability_shift,-0.0006535102912872158,-0.0035102775484474728,0.002353420451211145,0.6497350264973503,,-0.014968129568508567,896,1000,3,patient,9517928554676467043,2000,15733048890643530051,10000,monte_carlo_sign_flip_plus_one,exploratory_uncorrected,ok,-0.0011500483728013942,0.49441964285714285,-0.0008113886923099186,-0.000646532350223118
resnet,bandpass,0,all,covariance_minus_electrode,all,macro_auroc,0.0013056149866015332,-0.0057479535240698865,0.008359183497272953,,,,896,1000,3,training_seed,,0,,0,not_tested,not_tested,seed_t_interval_fragile_with_few_seeds,,,,
resnet,bandpass,0,all,covariance_minus_electrode,all,macro_ap,0.0076402518187083475,-0.008755440113489929,0.024035943750906626,,,,896,1000,3,training_seed,,0,,0,not_tested,not_tested,seed_t_interval_fragile_with_few_seeds,,,,
resnet,bandpass,0,all,covariance_minus_electrode,all,macro_f1,-0.0014007617360861462,-0.02158150501088486,0.018779981538712565,,,,896,1000,3,training_seed,,0,,0,not_tested,not_tested,seed_t_interval_fragile_with_few_seeds,,,,
resnet,bandpass,0,all,noisy_minus_clean,covariance,loss,0.3487097628914561,0.32011758140498386,0.3791707637437301,9.999000099990002e-05,,0.766168543745012,896,1000,3,patient,17715689340291329271,2000,11208352462421734125,10000,monte_carlo_sign_flip_plus_one,exploratory_uncorrected,ok,0.3045996123841569,0.8136160714285714,0.3474189189178655,0.32578854251593886
resnet,bandpass,0,all,noisy_minus_clean,covariance,mean_probability,0.04905817367796385,0.045855944093169954,0.052284053178628005,9.999000099990002e-05,,0.988023177844065,896,1000,3,patient,11786054895528304273,2000,16669587449240761450,10000,monte_carlo_sign_flip_plus_one,exploratory_uncorrected,ok,0.045429033560988805,0.8872767857142857,0.047420215635759246,0.0433565333307461
resnet,bandpass,0,all,noisy_minus_clean,covariance,probability_shift,0.255486951272447,0.2491496182324437,0.26159723759458714,9.999000099990002e-05,,2.695327097696055,896,1000,3,patient,13156505543974562442,2000,998319138317673507,10000,monte_carlo_sign_flip_plus_one,exploratory_uncorrected,ok,0.2506175538602595,1.0,0.25353122275691625,0.24671526782482336
resnet,bandpass,0,all,noisy_minus_clean,covariance,macro_auroc,-0.10632187318611104,-0.16344564058580457,-0.04919810578641749,,,,896,1000,3,training_seed,,0,,0,not_tested,not_tested,seed_t_interval_fragile_with_few_seeds,,,,
resnet,bandpass,0,all,noisy_minus_clean,covariance,macro_ap,-0.16438819181247044,-0.22684961746040289,-0.10192676616453801,,,,896,1000,3,training_seed,,0,,0,not_tested,not_tested,seed_t_interval_fragile_with_few_seeds,,,,
resnet,bandpass,0,all,noisy_minus_clean,covariance,macro_f1,-0.23804400709516801,-0.336991786841262,-0.139096227349074,,,,896,1000,3,training_seed,,0,,0,not_tested,not_tested,seed_t_interval_fragile_with_few_seeds,,,,
resnet,bandpass,0,all,noisy_minus_clean,electrode,loss,0.35250678123530604,0.32310311253804885,0.3831880316753223,9.999000099990002e-05,,0.7592373566558742,896,1000,3,patient,17775965010122247451,2000,572769011694434675,10000,monte_carlo_sign_flip_plus_one,exploratory_uncorrected,ok,0.30986223413925773,0.8102678571428571,0.3516425322595269,0.3293101660942933
resnet,bandpass,0,all,noisy_minus_clean,electrode,mean_probability,0.049860640838481594,0.04644639581234183,0.05330488792331365,9.999000099990002e-05,,0.9898725746040631,896,1000,3,patient,16641523116242918362,2000,5202044800686202539,10000,monte_carlo_sign_flip_plus_one,exploratory_uncorrected,ok,0.04744524407627371,0.8783482142857143,0.04806159304900948,0.04394393723578202
resnet,bandpass,0,all,noisy_minus_clean,electrode,probability_shift,0.25614046156373427,0.24979899500458153,0.2625085604037799,9.999000099990002e-05,,2.6589253852530934,896,1000,3,patient,14326592118275785250,2000,10337639752632603083,10000,monte_carlo_sign_flip_plus_one,exploratory_uncorrected,ok,0.25510530678244925,1.0,0.2541347735093882,0.24704023440609216
resnet,bandpass,0,all,noisy_minus_clean,electrode,macro_auroc,-0.10762748817271257,-0.17044543387842964,-0.04480954246699552,,,,896,1000,3,training_seed,,0,,0,not_tested,not_tested,seed_t_interval_fragile_with_few_seeds,,,,
resnet,bandpass,0,all,noisy_minus_clean,electrode,macro_ap,-0.17202844363117878,-0.24367349823552562,-0.10038338902683194,,,,896,1000,3,training_seed,,0,,0,not_tested,not_tested,seed_t_interval_fragile_with_few_seeds,,,,
resnet,bandpass,0,all,noisy_minus_clean,electrode,macro_f1,-0.23664324535908188,-0.3191542353550665,-0.15413225536309727,,,,896,1000,3,training_seed,,0,,0,not_tested,not_tested,seed_t_interval_fragile_with_few_seeds,,,,
resnet,bandpass,0,all,noisy_minus_clean,independent,loss,0.32013042964103594,0.29169372957023065,0.3488337118998642,9.999000099990002e-05,,0.7324955818981645,896,1000,3,patient,14746969288686955040,2000,14010340980814512766,10000,monte_carlo_sign_flip_plus_one,exploratory_uncorrected,ok,0.29037391597133805,0.8024553571428571,0.32188917541283796,0.29527223286267945
resnet,bandpass,0,all,noisy_minus_clean,independent,mean_probability,0.04577801252803188,0.04246957560534906,0.04908060045263922,9.999000099990002e-05,,0.9429834127300313,896,1000,3,patient,14594209312169474093,2000,694569708436162142,10000,monte_carlo_sign_flip_plus_one,exploratory_uncorrected,ok,0.041859152664740884,0.8794642857142857,0.04411630694669122,0.04032154841045577
resnet,bandpass,0,all,noisy_minus_clean,independent,probability_shift,0.2446416319911004,0.23869293854087215,0.2506325600580725,9.999000099990002e-05,,2.5974126948662666,896,1000,3,patient,12028603609744606822,2000,3675334505876742569,10000,monte_carlo_sign_flip_plus_one,exploratory_uncorrected,ok,0.24118582820519807,1.0,0.24269755386155567,0.2356509763675766
resnet,bandpass,0,all,noisy_minus_clean,independent,macro_auroc,-0.09953581937445848,-0.14850038676071775,-0.0505712519881992,,,,896,1000,3,training_seed,,0,,0,not_tested,not_tested,seed_t_interval_fragile_with_few_seeds,,,,
resnet,bandpass,0,all,noisy_minus_clean,independent,macro_ap,-0.15885004246343082,-0.21622012805790072,-0.10147995686896091,,,,896,1000,3,training_seed,,0,,0,not_tested,not_tested,seed_t_interval_fragile_with_few_seeds,,,,
resnet,bandpass,0,all,noisy_minus_clean,independent,macro_f1,-0.22316934688193998,-0.3235451633264057,-0.12279353043747429,,,,896,1000,3,training_seed,,0,,0,not_tested,not_tested,seed_t_interval_fragile_with_few_seeds,,,,
resnet,bandpass,0,all,noisy_minus_clean,independent_rms,loss,0.32207342577240655,0.2939852046431969,0.35048338502975723,9.999000099990002e-05,,0.737059212987903,896,1000,3,patient,8916831245482945813,2000,14733026368474568318,10000,monte_carlo_sign_flip_plus_one,exploratory_uncorrected,ok,0.2913891247857353,0.8035714285714286,0.32688157164246257,0.2973359439036014
resnet,bandpass,0,all,noisy_minus_clean,independent_rms,mean_probability,0.04672497425516784,0.0435350344251159,0.04979329791958323,9.999000099990002e-05,,0.958776131258797,896,1000,3,patient,6387096890430611538,2000,12182297517219199280,10000,monte_carlo_sign_flip_plus_one,exploratory_uncorrected,ok,0.044090839506437385,0.875,0.04509321862852208,0.04101950587787135
resnet,bandpass,0,all,noisy_minus_clean,independent_rms,probability_shift,0.24512826435154725,0.23884551637690832,0.25150133000100305,9.999000099990002e-05,,2.5939831673559377,896,1000,3,patient,1396089270838451533,2000,3625271638768100154,10000,monte_carlo_sign_flip_plus_one,exploratory_uncorrected,ok,0.2410797373081247,1.0,0.24312649253484908,0.23612664970855085
resnet,bandpass,0,all,noisy_minus_clean,independent_rms,macro_auroc,-0.09966778248348034,-0.14841757400044422,-0.050917990966516447,,,,896,1000,3,training_seed,,0,,0,not_tested,not_tested,seed_t_interval_fragile_with_few_seeds,,,,
resnet,bandpass,0,all,noisy_minus_clean,independent_rms,macro_ap,-0.15755089161796854,-0.21265390527925923,-0.10244787795667784,,,,896,1000,3,training_seed,,0,,0,not_tested,not_tested,seed_t_interval_fragile_with_few_seeds,,,,
resnet,bandpass,0,all,noisy_minus_clean,independent_rms,macro_f1,-0.2214219549562558,-0.3301594892763492,-0.11268442063616241,,,,896,1000,3,training_seed,,0,,0,not_tested,not_tested,seed_t_interval_fragile_with_few_seeds,,,,
resnet,bandpass,10,all,electrode_minus_independent_rms,all,loss,0.0055298815236172905,-7.014034108683452e-05,0.011435231644735096,0.061493850614938506,0.43045695430456954,0.062252138127959315,896,1000,3,patient,6184024815406251430,2000,11001987512580748348,10000,monte_carlo_sign_flip_plus_one,all_active_primary_loss_noise_contrasts_all_models_kinds_snrs,ok,0.004288960280488955,0.5379464285714286,0.004710470778367012,0.005000716283020062
resnet,bandpass,10,all,electrode_minus_independent_rms,all,mean_probability,0.00039974472955582916,-0.0005674143402554291,0.0013359324140243159,0.41925807419258077,,0.026950852553388138,896,1000,3,patient,12218128334239192142,2000,2840418360249749917,10000,monte_carlo_sign_flip_plus_one,exploratory_uncorrected,ok,6.0758010173837365e-06,0.5022321428571429,0.0004593241377543316,0.00031427753639933496
resnet,bandpass,10,all,electrode_minus_independent_rms,all,probability_shift,0.004403546178837626,0.0026832152176797025,0.006126772812641267,9.999000099990002e-05,,0.17164821416441364,896,1000,3,patient,2760156794634366593,2000,16591016016066044674,10000,monte_carlo_sign_flip_plus_one,exploratory_uncorrected,ok,0.0032862496891236026,0.5736607142857143,0.004138732879557501,0.0034654510499283805
resnet,bandpass,10,all,electrode_minus_independent_rms,all,macro_auroc,-0.0034113628632434687,-0.013549104767346946,0.006726379040860007,,,,896,1000,3,training_seed,,0,,0,not_tested,not_tested,seed_t_interval_fragile_with_few_seeds,,,,
resnet,bandpass,10,all,electrode_minus_independent_rms,all,macro_ap,-0.0015349365970640516,-0.011461122049226936,0.008391248855098832,,,,896,1000,3,training_seed,,0,,0,not_tested,not_tested,seed_t_interval_fragile_with_few_seeds,,,,
resnet,bandpass,10,all,electrode_minus_independent_rms,all,macro_f1,0.0021381213664876477,-0.013774862152731238,0.018051104885706534,,,,896,1000,3,training_seed,,0,,0,not_tested,not_tested,seed_t_interval_fragile_with_few_seeds,,,,
resnet,bandpass,10,all,electrode_minus_independent,all,loss,0.005205716567976942,-0.0005981218556463309,0.011206135243902196,0.0812918708129187,0.4877512248775122,0.0584101261715232,896,1000,3,patient,9208538574243979733,2000,12951959221913552455,10000,monte_carlo_sign_flip_plus_one,all_active_primary_loss_noise_contrasts_all_models_kinds_snrs,ok,0.00371475873567357,0.5301339285714286,0.004350607520471098,0.0042343355848227645
resnet,bandpass,10,all,electrode_minus_independent,all,mean_probability,0.0005027630333941444,-0.0004930258719895255,0.001444314417778545,0.3106689331066893,,0.03387133967486318,896,1000,3,patient,7223233848876666878,2000,6217351856022746324,10000,monte_carlo_sign_flip_plus_one,exploratory_uncorrected,ok,5.2350821594397454e-05,0.5044642857142857,0.00045577918063962144,0.0002539754307220547
resnet,bandpass,10,all,electrode_minus_independent,all,probability_shift,0.004686815127087998,0.0030221359158182524,0.006413536505063671,9.999000099990002e-05,,0.18309339524065799,896,1000,3,patient,12985367991377105430,2000,17766916178802295746,10000,monte_carlo_sign_flip_plus_one,exploratory_uncorrected,ok,0.0034011460947416094,0.5680803571428571,0.004449837044607286,0.004039634298467711
resnet,bandpass,10,all,electrode_minus_independent,all,macro_auroc,-0.0031506890737775053,-0.013027149955797922,0.006725771808242912,,,,896,1000,3,training_seed,,0,,0,not_tested,not_tested,seed_t_interval_fragile_with_few_seeds,,,,
resnet,bandpass,10,all,electrode_minus_independent,all,macro_ap,-0.0015293581100815172,-0.011596718443551724,0.00853800222338869,,,,896,1000,3,training_seed,,0,,0,not_tested,not_tested,seed_t_interval_fragile_with_few_seeds,,,,
resnet,bandpass,10,all,electrode_minus_independent,all,macro_f1,0.001253810361450336,-0.012519250576590963,0.015026871299491635,,,,896,1000,3,training_seed,,0,,0,not_tested,not_tested,seed_t_interval_fragile_with_few_seeds,,,,
resnet,bandpass,10,all,covariance_minus_electrode,all,loss,-0.000485175979880608,-0.006258098809692421,0.004995599111305412,0.8747125287471252,1.0,-0.005347609055041654,896,1000,3,patient,4423198143936772438,2000,5346553553899799263,10000,monte_carlo_sign_flip_plus_one,all_active_primary_loss_noise_contrasts_all_models_kinds_snrs,ok,0.001189212740714693,0.5100446428571429,-0.0019425339499480614,0.001549833844055154
resnet,bandpass,10,all,covariance_minus_electrode,all,mean_probability,9.123269363305652e-05,-0.0008647295471538868,0.001041507771830352,0.8553144685531446,,0.006190956489805842,896,1000,3,patient,5848650192845772853,2000,17480342550522231059,10000,monte_carlo_sign_flip_plus_one,exploratory_uncorrected,ok,-0.00012697493754482516,0.4955357142857143,-9.77003839031229e-05,-0.0005287689855315269
resnet,bandpass,10,all,covariance_minus_electrode,all,probability_shift,0.0005178294596146804,-0.0012132316356782199,0.0022385353359965655,0.5432456754324567,,0.02006260787350441,896,1000,3,patient,7732355015400849042,2000,4068485115933236965,10000,monte_carlo_sign_flip_plus_one,exploratory_uncorrected,ok,0.0004363129960741701,0.5089285714285714,0.0004450117049955312,0.0006373892062363622
resnet,bandpass,10,all,covariance_minus_electrode,all,macro_auroc,0.0008904990117793258,-0.007535540090371449,0.0093165381139301,,,,896,1000,3,training_seed,,0,,0,not_tested,not_tested,seed_t_interval_fragile_with_few_seeds,,,,
resnet,bandpass,10,all,covariance_minus_electrode,all,macro_ap,0.0011667666256931868,-0.011099671941750924,0.013433205193137296,,,,896,1000,3,training_seed,,0,,0,not_tested,not_tested,seed_t_interval_fragile_with_few_seeds,,,,
resnet,bandpass,10,all,covariance_minus_electrode,all,macro_f1,-0.0026674136633532872,-0.014299481254262352,0.008964653927555776,,,,896,1000,3,training_seed,,0,,0,not_tested,not_tested,seed_t_interval_fragile_with_few_seeds,,,,
resnet,bandpass,10,all,noisy_minus_clean,covariance,loss,0.028266740037273697,0.018834387302610296,0.03789080706876024,9.999000099990002e-05,,0.18963688377866733,896,1000,3,patient,6182868480951809085,2000,3590146506909175781,10000,monte_carlo_sign_flip_plus_one,exploratory_uncorrected,ok,0.028289494368138386,0.6930803571428571,0.028077490458347298,0.027970865278359288
resnet,bandpass,10,all,noisy_minus_clean,covariance,mean_probability,0.008401610747738,0.007049604698677044,0.009855039207893202,9.999000099990002e-05,,0.3810466455256088,896,1000,3,patient,14714447112379209385,2000,5617513590871676080,10000,monte_carlo_sign_flip_plus_one,exploratory_uncorrected,ok,0.002770743716973812,0.6160714285714286,0.0077028128585246635,0.0052523743347463936
resnet,bandpass,10,all,noisy_minus_clean,covariance,probability_shift,0.06763365879399859,0.065049102074386,0.070293031653647,9.999000099990002e-05,,1.7242715890083946,896,1000,3,patient,8557479593177255100,2000,13721382601040759471,10000,monte_carlo_sign_flip_plus_one,exploratory_uncorrected,ok,0.06220025826866428,1.0,0.06617422094452151,0.06228236999727913
resnet,bandpass,10,all,noisy_minus_clean,covariance,macro_auroc,-0.007854508438793687,-0.01957096025806191,0.003861943380474537,,,,896,1000,3,training_seed,,0,,0,not_tested,not_tested,seed_t_interval_fragile_with_few_seeds,,,,
resnet,bandpass,10,all,noisy_minus_clean,covariance,macro_ap,-0.01397756847372992,-0.02828270825031233,0.0003275713028524901,,,,896,1000,3,training_seed,,0,,0,not_tested,not_tested,seed_t_interval_fragile_with_few_seeds,,,,
resnet,bandpass,10,all,noisy_minus_clean,covariance,macro_f1,-0.009246690303072755,-0.02692740107468048,0.00843402046853497,,,,896,1000,3,training_seed,,0,,0,not_tested,not_tested,seed_t_interval_fragile_with_few_seeds,,,,
resnet,bandpass,10,all,noisy_minus_clean,electrode,loss,0.028751916017154305,0.019558095748656492,0.0382784053686124,9.999000099990002e-05,,0.199339276051042,896,1000,3,patient,17980101026127145131,2000,18137171877711103726,10000,monte_carlo_sign_flip_plus_one,exploratory_uncorrected,ok,0.02793488948967531,0.6741071428571429,0.03165314470484917,0.028787094208728718
resnet,bandpass,10,all,noisy_minus_clean,electrode,mean_probability,0.008310378054104945,0.006999248480490788,0.009567942864567509,9.999000099990002e-05,,0.40419859721470913,896,1000,3,patient,7763515610998378427,2000,12670238981889800173,10000,monte_carlo_sign_flip_plus_one,exploratory_uncorrected,ok,0.0030084723994756738,0.6194196428571429,0.0077492719950215455,0.005656822173365319
resnet,bandpass,10,all,noisy_minus_clean,electrode,probability_shift,0.0671158293343839,0.06459057357307621,0.06978837104979765,9.999000099990002e-05,,1.7266331285396852,896,1000,3,patient,10977617648905230348,2000,405532446439730179,10000,monte_carlo_sign_flip_plus_one,exploratory_uncorrected,ok,0.06111184460411702,1.0,0.06567573937478759,0.061755467184019225
resnet,bandpass,10,all,noisy_minus_clean,electrode,macro_auroc,-0.008745007450573014,-0.020812612810855276,0.003322597909709249,,,,896,1000,3,training_seed,,0,,0,not_tested,not_tested,seed_t_interval_fragile_with_few_seeds,,,,
resnet,bandpass,10,all,noisy_minus_clean,electrode,macro_ap,-0.015144335099423109,-0.028812513377808786,-0.0014761568210374318,,,,896,1000,3,training_seed,,0,,0,not_tested,not_tested,seed_t_interval_fragile_with_few_seeds,,,,
resnet,bandpass,10,all,noisy_minus_clean,electrode,macro_f1,-0.006579276639719467,-0.014134483960924746,0.0009759306814858121,,,,896,1000,3,training_seed,,0,,0,not_tested,not_tested,seed_t_interval_fragile_with_few_seeds,,,,
resnet,bandpass,10,all,noisy_minus_clean,independent,loss,0.02354619944917736,0.014543535994915655,0.03232065342499987,9.999000099990002e-05,,0.17465879412233054,896,1000,3,patient,15438232831473961242,2000,17227347157560735744,10000,monte_carlo_sign_flip_plus_one,exploratory_uncorrected,ok,0.02300765098986477,0.6808035714285714,0.02478210280527475,0.023427192700092744
resnet,bandpass,10,all,noisy_minus_clean,independent,mean_probability,0.0078076150207108,0.006501443116645358,0.009035336412237078,9.999000099990002e-05,,0.3959265875997195,896,1000,3,patient,3413421446881119596,2000,2859748805791113782,10000,monte_carlo_sign_flip_plus_one,exploratory_uncorrected,ok,0.0033034301906203238,0.6294642857142857,0.007225271904391751,0.005630848879893128
resnet,bandpass,10,all,noisy_minus_clean,independent,probability_shift,0.0624290142072959,0.05990201590444834,0.06488675006906626,9.999000099990002e-05,,1.7064452108010306,896,1000,3,patient,7311423971849059937,2000,10875391796516351196,10000,monte_carlo_sign_flip_plus_one,exploratory_uncorrected,ok,0.05748982242463777,1.0,0.061009967630638345,0.057394125055292046
resnet,bandpass,10,all,noisy_minus_clean,independent,macro_auroc,-0.005594318376795508,-0.01271237233561853,0.0015237355820275147,,,,896,1000,3,training_seed,,0,,0,not_tested,not_tested,seed_t_interval_fragile_with_few_seeds,,,,
resnet,bandpass,10,all,noisy_minus_clean,independent,macro_ap,-0.01361497698934159,-0.019339887739168626,-0.007890066239514555,,,,896,1000,3,training_seed,,0,,0,not_tested,not_tested,seed_t_interval_fragile_with_few_seeds,,,,
resnet,bandpass,10,all,noisy_minus_clean,independent,macro_f1,-0.007833087001169803,-0.01640671192738792,0.0007405379250483152,,,,896,1000,3,training_seed,,0,,0,not_tested,not_tested,seed_t_interval_fragile_with_few_seeds,,,,
resnet,bandpass,10,all,noisy_minus_clean,independent_rms,loss,0.023222034493537016,0.013935598735795737,0.032127182464123806,9.999000099990002e-05,,0.1711999503677172,896,1000,3,patient,14624373519830502243,2000,16120020434795983421,10000,monte_carlo_sign_flip_plus_one,exploratory_uncorrected,ok,0.023142452257330942,0.6796875,0.024468791138353877,0.023092348061706472
resnet,bandpass,10,all,noisy_minus_clean,independent_rms,mean_probability,0.007910633324549114,0.006589358468841938,0.009285477207831199,9.999000099990002e-05,,0.39751879005087415,896,1000,3,patient,16100585899072978114,2000,13968708390862547644,10000,monte_carlo_sign_flip_plus_one,exploratory_uncorrected,ok,0.003319487542224427,0.6350446428571429,0.007334645776231376,0.005741175176733161
resnet,bandpass,10,all,noisy_minus_clean,independent_rms,probability_shift,0.06271228315554626,0.060280982818261976,0.06506168207518288,9.999000099990002e-05,,1.7050071802151152,896,1000,3,patient,4865160732120399914,2000,1077342474534312152,10000,monte_carlo_sign_flip_plus_one,exploratory_uncorrected,ok,0.05842894608698164,1.0,0.06130657821665439,0.057643748156420815
resnet,bandpass,10,all,noisy_minus_clean,independent_rms,macro_auroc,-0.005333644587329545,-0.013057828344246142,0.0023905391695870533,,,,896,1000,3,training_seed,,0,,0,not_tested,not_tested,seed_t_interval_fragile_with_few_seeds,,,,
resnet,bandpass,10,all,noisy_minus_clean,independent_rms,macro_ap,-0.013609398502359057,-0.021073182321261902,-0.006145614683456213,,,,896,1000,3,training_seed,,0,,0,not_tested,not_tested,seed_t_interval_fragile_with_few_seeds,,,,
resnet,bandpass,10,all,noisy_minus_clean,independent_rms,macro_f1,-0.008717398006207114,-0.019207198740706748,0.0017724027282925194,,,,896,1000,3,training_seed,,0,,0,not_tested,not_tested,seed_t_interval_fragile_with_few_seeds,,,,
resnet,bandpass,20,all,electrode_minus_independent_rms,all,loss,0.0009229120173740886,-0.0014384667223171711,0.0032478464106812078,0.4607539246075392,1.0,0.024633752324637843,896,1000,3,patient,12142978382807723187,2000,16729076164225214883,10000,monte_carlo_sign_flip_plus_one,all_active_primary_loss_noise_contrasts_all_models_kinds_snrs,ok,0.0005972582997321636,0.5267857142857143,0.0010908733267685038,0.0014509544966787218
resnet,bandpass,20,all,electrode_minus_independent_rms,all,mean_probability,-9.511273850437815e-05,-0.0004793124010996276,0.0003073404519796807,0.6343365663433657,,-0.016061280324658114,896,1000,3,patient,486768931464797811,2000,10377553529209791230,10000,monte_carlo_sign_flip_plus_one,exploratory_uncorrected,ok,-4.505149433195277e-05,0.4955357142857143,-0.00010410757363628146,-5.575365994287887e-05
resnet,bandpass,20,all,electrode_minus_independent_rms,all,probability_shift,0.0006403019107865481,8.098031450597797e-05,0.0012307074135451373,0.030896910308969103,,0.07125061758805268,896,1000,3,patient,12927804858529451079,2000,14911172087955527920,10000,monte_carlo_sign_flip_plus_one,exploratory_uncorrected,ok,0.0003751622144288069,0.5502232142857143,0.0005087015302302756,0.00041981653539527596
resnet,bandpass,20,all,electrode_minus_independent_rms,all,macro_auroc,-0.0009117667802615026,-0.005046446100325218,0.003222912539802213,,,,896,1000,3,training_seed,,0,,0,not_tested,not_tested,seed_t_interval_fragile_with_few_seeds,,,,
resnet,bandpass,20,all,electrode_minus_independent_rms,all,macro_ap,0.00024322830406986462,-0.00034437921910743827,0.0008308358272471675,,,,896,1000,3,training_seed,,0,,0,not_tested,not_tested,seed_t_interval_fragile_with_few_seeds,,,,
resnet,bandpass,20,all,electrode_minus_independent_rms,all,macro_f1,-0.001454813184915471,-0.004540182066384764,0.0016305556965538217,,,,896,1000,3,training_seed,,0,,0,not_tested,not_tested,seed_t_interval_fragile_with_few_seeds,,,,
resnet,bandpass,20,all,electrode_minus_independent,all,loss,0.0007505421878774519,-0.0017206185672409223,0.0032353478824678024,0.5522447755224478,1.0,0.019979926179176107,896,1000,3,patient,4012648726996422433,2000,13432770786027479930,10000,monte_carlo_sign_flip_plus_one,all_active_primary_loss_noise_contrasts_all_models_kinds_snrs,ok,0.0004085609495695508,0.5189732142857143,0.0009101324131982985,0.0013207232958697274
resnet,bandpass,20,all,electrode_minus_independent,all,mean_probability,-0.0001174439221472538,-0.0005194152846063386,0.0002761261684016362,0.5571442855714429,,-0.01987447193387413,896,1000,3,patient,17890852405752871592,2000,7087222382919979215,10000,monte_carlo_sign_flip_plus_one,exploratory_uncorrected,ok,-6.892830133438111e-05,0.484375,-0.0001319627143654909,-0.00010794887775237975
resnet,bandpass,20,all,electrode_minus_independent,all,probability_shift,0.0006811935432720207,8.944103713061043e-05,0.001265029510122453,0.025997400259974,,0.07530132838570995,896,1000,3,patient,3836754944456587363,2000,10758329526999804189,10000,monte_carlo_sign_flip_plus_one,exploratory_uncorrected,ok,0.000380152411768601,0.5479910714285714,0.0006227998423310612,0.00046736566748284083
resnet,bandpass,20,all,electrode_minus_independent,all,macro_auroc,-0.0007410902580106867,-0.004621194993201137,0.0031390144771797635,,,,896,1000,3,training_seed,,0,,0,not_tested,not_tested,seed_t_interval_fragile_with_few_seeds,,,,
resnet,bandpass,20,all,electrode_minus_independent,all,macro_ap,0.0004536004796443042,-4.953165833955167e-05,0.0009567326176281601,,,,896,1000,3,training_seed,,0,,0,not_tested,not_tested,seed_t_interval_fragile_with_few_seeds,,,,
resnet,bandpass,20,all,electrode_minus_independent,all,macro_f1,-0.0010988313211513685,-0.004661761810814154,0.0024640991685114175,,,,896,1000,3,training_seed,,0,,0,not_tested,not_tested,seed_t_interval_fragile_with_few_seeds,,,,
resnet,bandpass,20,all,covariance_minus_electrode,all,loss,-0.0009923975402620611,-0.003588773118731669,0.001443654043864321,0.44165583441655837,1.0,-0.025829465726857386,896,1000,3,patient,11603111559917852490,2000,3048741924498522514,10000,monte_carlo_sign_flip_plus_one,all_active_primary_loss_noise_contrasts_all_models_kinds_snrs,ok,8.618454344602887e-05,0.5066964285714286,-0.0015586777318614417,-0.0010945936549997376
resnet,bandpass,20,all,covariance_minus_electrode,all,mean_probability,0.0004375718038396299,1.885142736083972e-05,0.0008670097442951666,0.036896310368963105,,0.06890284086799245,896,1000,3,patient,16047018014935483815,2000,1481693780856716129,10000,monte_carlo_sign_flip_plus_one,exploratory_uncorrected,ok,0.00018843447323888544,0.5390625,0.0004810506461942352,0.00037120986837944306
resnet,bandpass,20,all,covariance_minus_electrode,all,probability_shift,0.00010089737443666697,-0.0005319179582211246,0.0007085242321290717,0.748025197480252,,0.010828629619232897,896,1000,3,patient,16940895409312703747,2000,3791192314722931288,10000,monte_carlo_sign_flip_plus_one,exploratory_uncorrected,ok,0.00012833772634621713,0.5122767857142857,0.00013892144256260163,0.0003036448329892621
resnet,bandpass,20,all,covariance_minus_electrode,all,macro_auroc,0.0008418910541754254,-0.00018184208763592606,0.001865624195986777,,,,896,1000,3,training_seed,,0,,0,not_tested,not_tested,seed_t_interval_fragile_with_few_seeds,,,,
resnet,bandpass,20,all,covariance_minus_electrode,all,macro_ap,0.00024884652267009866,-0.0009846435875647546,0.0014823366329049519,,,,896,1000,3,training_seed,,0,,0,not_tested,not_tested,seed_t_interval_fragile_with_few_seeds,,,,
resnet,bandpass,20,all,covariance_minus_electrode,all,macro_f1,0.0009647542400239203,-0.005074945832484337,0.007004454312532177,,,,896,1000,3,training_seed,,0,,0,not_tested,not_tested,seed_t_interval_fragile_with_few_seeds,,,,
resnet,bandpass,20,all,noisy_minus_clean,covariance,loss,-0.00019026169085626342,-0.002526818551178417,0.0021710569446258842,0.8709129087091291,,-0.005333920864349502,896,1000,3,patient,6084345142237889102,2000,14821829676770944224,10000,monte_carlo_sign_flip_plus_one,exploratory_uncorrected,ok,0.000539386417231753,0.5290178571428571,0.0003479096813060356,0.0019783184208224643
resnet,bandpass,20,all,noisy_minus_clean,covariance,mean_probability,0.0018446580328426675,0.0014291694624699496,0.0022629780216283316,9.999000099990002e-05,,0.2881512144698098,896,1000,3,patient,13416750691177892402,2000,13469883398486904014,10000,monte_carlo_sign_flip_plus_one,exploratory_uncorrected,ok,0.00043320988576548797,0.5725446428571429,0.0016716043484733848,0.0011449247428476379
resnet,bandpass,20,all,noisy_minus_clean,covariance,probability_shift,0.01680669801916541,0.016101595231852128,0.017528333120838867,9.999000099990002e-05,,1.4592116752830682,896,1000,3,patient,17044975556767200866,2000,783816916344396141,10000,monte_carlo_sign_flip_plus_one,exploratory_uncorrected,ok,0.015484586940146983,1.0,0.01633220394544294,0.015213538490269093
resnet,bandpass,20,all,noisy_minus_clean,covariance,macro_auroc,0.0005927306236255999,-0.0001369674672376624,0.0013224287144888622,,,,896,1000,3,training_seed,,0,,0,not_tested,not_tested,seed_t_interval_fragile_with_few_seeds,,,,
resnet,bandpass,20,all,noisy_minus_clean,covariance,macro_ap,0.0006716691529466227,-0.0007962014779706929,0.0021395397838639384,,,,896,1000,3,training_seed,,0,,0,not_tested,not_tested,seed_t_interval_fragile_with_few_seeds,,,,
resnet,bandpass,20,all,noisy_minus_clean,covariance,macro_f1,-0.001797211697136314,-0.010600419054869782,0.007005995660597154,,,,896,1000,3,training_seed,,0,,0,not_tested,not_tested,seed_t_interval_fragile_with_few_seeds,,,,
resnet,bandpass,20,all,noisy_minus_clean,electrode,loss,0.0008021358494057976,-0.0015049143191464911,0.003172250504509083,0.506049395060494,,0.022062087497727048,896,1000,3,patient,16093818446398677786,2000,8645497998000115559,10000,monte_carlo_sign_flip_plus_one,exploratory_uncorrected,ok,0.000629154159917833,0.5245535714285714,0.0018321882028477492,0.00109898028012614
resnet,bandpass,20,all,noisy_minus_clean,electrode,mean_probability,0.0014070862290030378,0.001017573234640586,0.0018027687715204902,9.999000099990002e-05,,0.23024243383893062,896,1000,3,patient,5668839224988746621,2000,14384386306816650185,10000,monte_carlo_sign_flip_plus_one,exploratory_uncorrected,ok,0.00042302202467302177,0.5725446428571429,0.0012102363632099957,0.0008129607981643829
resnet,bandpass,20,all,noisy_minus_clean,electrode,probability_shift,0.016705800644728746,0.015942155334630052,0.017517604815258266,9.999000099990002e-05,,1.4078443271110859,896,1000,3,patient,9464469764282641520,2000,18164750110911738908,10000,monte_carlo_sign_flip_plus_one,exploratory_uncorrected,ok,0.014504634611997365,1.0,0.01624422328905418,0.014997203160827631
resnet,bandpass,20,all,noisy_minus_clean,electrode,macro_auroc,-0.00024916043054982556,-0.0017347977556193077,0.0012364768945196565,,,,896,1000,3,training_seed,,0,,0,not_tested,not_tested,seed_t_interval_fragile_with_few_seeds,,,,
resnet,bandpass,20,all,noisy_minus_clean,electrode,macro_ap,0.00042282263027652406,-0.002278111537468776,0.0031237567980218236,,,,896,1000,3,training_seed,,0,,0,not_tested,not_tested,seed_t_interval_fragile_with_few_seeds,,,,
resnet,bandpass,20,all,noisy_minus_clean,electrode,macro_f1,-0.0027619659371602343,-0.006644548467247477,0.001120616592927008,,,,896,1000,3,training_seed,,0,,0,not_tested,not_tested,seed_t_interval_fragile_with_few_seeds,,,,
resnet,bandpass,20,all,noisy_minus_clean,independent,loss,5.1593661528345014e-05,-0.002326899216276387,0.002502017093355242,0.9636036396360363,,0.0014490314908081167,896,1000,3,patient,6133269958299580465,2000,4869190097175316275,10000,monte_carlo_sign_flip_plus_one,exploratory_uncorrected,ok,0.0008412126068974513,0.5345982142857143,0.00025771891615030854,0.00045347674328542466
resnet,bandpass,20,all,noisy_minus_clean,independent,mean_probability,0.0015245301511502914,0.0011191568735737724,0.0019259211898747964,9.999000099990002e-05,,0.251150103308597,896,1000,3,patient,18195660365799987615,2000,17896251699827826050,10000,monte_carlo_sign_flip_plus_one,exploratory_uncorrected,ok,0.0004807133693248034,0.5837053571428571,0.0013312883209954161,0.0009864769478949416
resnet,bandpass,20,all,noisy_minus_clean,independent,probability_shift,0.016024607101456725,0.015299900321604235,0.016782130248024486,9.999000099990002e-05,,1.4521120231462004,896,1000,3,patient,5988924923692455479,2000,2553325311952176284,10000,monte_carlo_sign_flip_plus_one,exploratory_uncorrected,ok,0.014201749302446841,1.0,0.015591100271747128,0.01444285462953259
resnet,bandpass,20,all,noisy_minus_clean,independent,macro_auroc,0.0004919298274608611,-0.002244676566836887,0.003228536221758609,,,,896,1000,3,training_seed,,0,,0,not_tested,not_tested,seed_t_interval_fragile_with_few_seeds,,,,
resnet,bandpass,20,all,noisy_minus_clean,independent,macro_ap,-3.0777849367780163e-05,-0.002729790521940556,0.0026682348232049957,,,,896,1000,3,training_seed,,0,,0,not_tested,not_tested,seed_t_interval_fragile_with_few_seeds,,,,
resnet,bandpass,20,all,noisy_minus_clean,independent,macro_f1,-0.0016631346160088656,-0.007286128283486051,0.00395985905146832,,,,896,1000,3,training_seed,,0,,0,not_tested,not_tested,seed_t_interval_fragile_with_few_seeds,,,,
resnet,bandpass,20,all,noisy_minus_clean,independent_rms,loss,-0.00012077616796829114,-0.002503312999453748,0.00220622977420667,0.92010798920108,,-0.0033797218167041848,896,1000,3,patient,12126906363682783192,2000,18386464742915494777,10000,monte_carlo_sign_flip_plus_one,exploratory_uncorrected,ok,0.0007448442993211824,0.5301339285714286,0.0001025107127956314,0.0006491386789246294
resnet,bandpass,20,all,noisy_minus_clean,independent_rms,mean_probability,0.0015021989675074157,0.0010906343834077644,0.0018988994654621939,9.999000099990002e-05,,0.24603561741084268,896,1000,3,patient,6476071747219268670,2000,3426289322204247702,10000,monte_carlo_sign_flip_plus_one,exploratory_uncorrected,ok,0.000501618617757534,0.59375,0.0013667130360620872,0.0009818997142904992
resnet,bandpass,20,all,noisy_minus_clean,independent_rms,probability_shift,0.016065498733942193,0.01534059505489942,0.016799280959840228,9.999000099990002e-05,,1.4596803549615693,896,1000,3,patient,1622438656931935907,2000,15212274994737471819,10000,monte_carlo_sign_flip_plus_one,exploratory_uncorrected,ok,0.014474334257344405,1.0,0.01563748150821031,0.014491485519803667
resnet,bandpass,20,all,noisy_minus_clean,independent_rms,macro_auroc,0.0006626063497116771,-0.002291534848687884,0.0036167475481112383,,,,896,1000,3,training_seed,,0,,0,not_tested,not_tested,seed_t_interval_fragile_with_few_seeds,,,,
resnet,bandpass,20,all,noisy_minus_clean,independent_rms,macro_ap,0.0001795943262066594,-0.0019495688209997069,0.0023087574734130256,,,,896,1000,3,training_seed,,0,,0,not_tested,not_tested,seed_t_interval_fragile_with_few_seeds,,,,
resnet,bandpass,20,all,noisy_minus_clean,independent_rms,macro_f1,-0.001307152752244763,-0.004101465343924107,0.0014871598394345811,,,,896,1000,3,training_seed,,0,,0,not_tested,not_tested,seed_t_interval_fragile_with_few_seeds,,,,
