model,kind,snr,condition,active,metric,n_seeds,mean,std,ci95_low,ci95_high
resnet,bandpass,0,covariance,all,ap_CD_clean_drop,3,0.14678363544757697,0.0825977453231121,-0.05840053861257255,0.3519678095077265
resnet,bandpass,0,covariance,all,ap_CD_normalized_robustness,3,0.7931841887466939,0.11416996740100539,0.5095702671800653,1.0767981103133226
resnet,bandpass,0,covariance,all,ap_HYP_clean_drop,3,0.10319417103459762,0.008656892730791703,0.08168925733572716,0.12469908473346808
resnet,bandpass,0,covariance,all,ap_HYP_normalized_robustness,3,0.8304458192010266,0.01571098273381661,0.791417574503778,0.8694740638982751
resnet,bandpass,0,covariance,all,ap_MI_clean_drop,3,0.18661157958739652,0.035072005307820585,0.09948788857661134,0.2737352705981817
resnet,bandpass,0,covariance,all,ap_MI_normalized_robustness,3,0.7005291695435507,0.05217500890322662,0.5709192623177424,0.830139076769359
resnet,bandpass,0,covariance,all,ap_NORM_clean_drop,3,0.13648483473699727,0.03433452751819664,0.05119314011497249,0.22177652935902203
resnet,bandpass,0,covariance,all,ap_NORM_normalized_robustness,3,0.8423523887465635,0.040325798007292274,0.7421775531614638,0.9425272243316631
resnet,bandpass,0,covariance,all,ap_STTC_clean_drop,3,0.24886673825578423,0.01770257424886513,0.20489110596966306,0.29284237054190543
resnet,bandpass,0,covariance,all,ap_STTC_normalized_robustness,3,0.6790574290724561,0.028640868352113404,0.6079095679025764,0.7502052902423358
resnet,bandpass,0,covariance,all,auroc_CD_clean_drop,3,0.08097356445262567,0.04999111612584713,-0.043211252366542316,0.20515838127179364
resnet,bandpass,0,covariance,all,auroc_CD_normalized_robustness,3,0.9054985180705325,0.05730263915524973,0.7631508711639196,1.0478461649771453
resnet,bandpass,0,covariance,all,auroc_HYP_clean_drop,3,0.046596995279593344,0.010202688228156613,0.021252112691112428,0.07194187786807427
resnet,bandpass,0,covariance,all,auroc_HYP_normalized_robustness,3,0.9457635810900843,0.012067321796458865,0.9157866919360456,0.975740470244123
resnet,bandpass,0,covariance,all,auroc_MI_clean_drop,3,0.14306338166089383,0.013477285582984598,0.10958394829258764,0.17654281502920002
resnet,bandpass,0,covariance,all,auroc_MI_normalized_robustness,3,0.8292326147573656,0.014399880800413736,0.7934613278167917,0.8650039016979396
resnet,bandpass,0,covariance,all,auroc_NORM_clean_drop,3,0.11007696557887392,0.030966319511473293,0.03315236348726634,0.18700156767048148
resnet,bandpass,0,covariance,all,auroc_NORM_normalized_robustness,3,0.8776315026225312,0.03454712468079395,0.7918116873714939,0.9634513178735685
resnet,bandpass,0,covariance,all,auroc_STTC_clean_drop,3,0.15089845895856838,0.03382025188867496,0.06688429582205671,0.23491262209508004
resnet,bandpass,0,covariance,all,auroc_STTC_normalized_robustness,3,0.8344553197671387,0.037962185700325425,0.7401520226496598,0.9287586168846176
resnet,bandpass,0,covariance,all,f1_CD_clean_drop,3,0.14525368596660077,0.05940526402189292,-0.002317170664839774,0.2928245425980413
resnet,bandpass,0,covariance,all,f1_CD_normalized_robustness,3,0.7569756493442217,0.10381336450246403,0.4990889556031636,1.0148623430852797
resnet,bandpass,0,covariance,all,f1_HYP_clean_drop,3,0.056965336276151746,0.03193121622226714,-0.022356202122652977,0.13628687467495648
resnet,bandpass,0,covariance,all,f1_HYP_normalized_robustness,3,0.8992932377391282,0.04949382724883096,0.7763437549729747,1.0222427205052815
resnet,bandpass,0,covariance,all,f1_MI_clean_drop,3,0.17480588891618276,0.0440053662628813,0.0654904990645283,0.2841212787678372
resnet,bandpass,0,covariance,all,f1_MI_normalized_robustness,3,0.7094678222641712,0.06757046411161219,0.5416134841661232,0.8773221603622191
resnet,bandpass,0,covariance,all,f1_NORM_clean_drop,3,0.6002689300921226,0.1820123433916338,0.14812520387451722,1.0524126563097278
resnet,bandpass,0,covariance,all,f1_NORM_normalized_robustness,3,0.2726768001307324,0.22049136119976345,-0.27505410533397584,0.8204077055954406
resnet,bandpass,0,covariance,all,f1_STTC_clean_drop,3,0.2129261942247821,0.03290296753966009,0.13119069173202838,0.29466169671753584
resnet,bandpass,0,covariance,all,f1_STTC_normalized_robustness,3,0.7059698053868769,0.04630707500742674,0.5909366540415025,0.8210029567322513
resnet,bandpass,0,covariance,all,macro_ap_clean_drop,3,0.16438819181247044,0.025144107491808895,0.10192676616453801,0.22684961746040289
resnet,bandpass,0,covariance,all,macro_ap_normalized_robustness,3,0.7699513543324811,0.04045840967779269,0.6694470930956772,0.870455615569285
resnet,bandpass,0,covariance,all,macro_auroc_clean_drop,3,0.10632187318611104,0.0229954108945723,0.04919810578641749,0.16344564058580457
resnet,bandpass,0,covariance,all,macro_auroc_normalized_robustness,3,0.8780613611917208,0.0269869822452117,0.8110219808708846,0.9451007415125571
resnet,bandpass,0,covariance,all,macro_f1_clean_drop,3,0.23804400709516801,0.03983184155986317,0.139096227349074,0.336991786841262
resnet,bandpass,0,covariance,all,macro_f1_normalized_robustness,3,0.6393091833685784,0.054316379384333216,0.5043798169758902,0.7742385497612667
resnet,bandpass,0,electrode,all,ap_CD_clean_drop,3,0.15673822844035104,0.08352482972495935,-0.050748950944374205,0.3642254078250763
resnet,bandpass,0,electrode,all,ap_CD_normalized_robustness,3,0.7789370736138116,0.11551697669160656,0.491976995470364,1.0658971517572593
resnet,bandpass,0,electrode,all,ap_HYP_clean_drop,3,0.10678602153852444,0.024613913450685927,0.045641670902674555,0.16793037217437434
resnet,bandpass,0,electrode,all,ap_HYP_normalized_robustness,3,0.8237800822622292,0.04660946453852488,0.7079957536790247,0.9395644108454337
resnet,bandpass,0,electrode,all,ap_MI_clean_drop,3,0.19357304072062087,0.06842233795794328,0.023602530675274236,0.3635435507659675
resnet,bandpass,0,electrode,all,ap_MI_normalized_robustness,3,0.6909695911536277,0.0987415508701022,0.44568198092353284,0.9362572013837225
resnet,bandpass,0,electrode,all,ap_NORM_clean_drop,3,0.13879793997000978,0.039808047269939396,0.039909268516839,0.23768661142318054
resnet,bandpass,0,electrode,all,ap_NORM_normalized_robustness,3,0.839484195896723,0.04775101528604624,0.720864098051759,0.9581042937416869
resnet,bandpass,0,electrode,all,ap_STTC_clean_drop,3,0.2642469874863878,0.023282146638198786,0.20641092901265376,0.3220830459601218
resnet,bandpass,0,electrode,all,ap_STTC_normalized_robustness,3,0.6590473013906957,0.03745590936965248,0.5660016643987925,0.7520929383825988
resnet,bandpass,0,electrode,all,auroc_CD_clean_drop,3,0.08789896200848797,0.053881748998050934,-0.0459507226509772,0.22174864666795313
resnet,bandpass,0,electrode,all,auroc_CD_normalized_robustness,3,0.897442504382032,0.06172377073058549,0.7441121578006534,1.0507728509634104
resnet,bandpass,0,electrode,all,auroc_HYP_clean_drop,3,0.044253812636165644,0.014294135615446868,0.0087452112974006,0.0797624139749307
resnet,bandpass,0,electrode,all,auroc_HYP_normalized_robustness,3,0.9483706458397556,0.017402090904674025,0.9051414555606832,0.9915998361188281
resnet,bandpass,0,electrode,all,auroc_MI_clean_drop,3,0.13503738811078594,0.03751325018821376,0.04184930862907378,0.22822546759249812
resnet,bandpass,0,electrode,all,auroc_MI_normalized_robustness,3,0.8391004330213399,0.042465359581798985,0.733610631842462,0.9445902342002177
resnet,bandpass,0,electrode,all,auroc_NORM_clean_drop,3,0.12028463752061931,0.03994918167502113,0.021045368769363915,0.2195239062718747
resnet,bandpass,0,electrode,all,auroc_NORM_normalized_robustness,3,0.8662090048848183,0.044967096123467304,0.7545045456179954,0.9779134641516413
resnet,bandpass,0,electrode,all,auroc_STTC_clean_drop,3,0.1506626405875041,0.02874228688670132,0.07926284181118716,0.22206243936382103
resnet,bandpass,0,electrode,all,auroc_STTC_normalized_robustness,3,0.8347425658671583,0.03237876782340474,0.7543092476580272,0.9151758840762895
resnet,bandpass,0,electrode,all,f1_CD_clean_drop,3,0.146485607263582,0.04718875134522429,0.029262250477953902,0.2637089640492101
resnet,bandpass,0,electrode,all,f1_CD_normalized_robustness,3,0.7556105443680491,0.08007060057560057,0.556704145878167,0.9545169428579312
resnet,bandpass,0,electrode,all,f1_HYP_clean_drop,3,0.057165569792440106,0.02823981124712104,-0.012986010298375046,0.12731714988325527
resnet,bandpass,0,electrode,all,f1_HYP_normalized_robustness,3,0.8964427060213481,0.04207189883401842,0.7919303155241134,1.000955096518583
resnet,bandpass,0,electrode,all,f1_MI_clean_drop,3,0.1752279992413576,0.05243863471427692,0.0449632091965366,0.3054927892861786
resnet,bandpass,0,electrode,all,f1_MI_normalized_robustness,3,0.7093062783414753,0.08061368051374637,0.5090507944967668,0.9095617621861838
resnet,bandpass,0,electrode,all,f1_NORM_clean_drop,3,0.5938556001970298,0.15119413175014768,0.2182685557257944,0.9694426446682651
resnet,bandpass,0,electrode,all,f1_NORM_normalized_robustness,3,0.2804299598630672,0.18320592943848893,-0.17467879846571327,0.7355387181918476
resnet,bandpass,0,electrode,all,f1_STTC_clean_drop,3,0.21048145030099963,0.023504521155749882,0.15209298290209147,0.2688699176999078
resnet,bandpass,0,electrode,all,f1_STTC_normalized_robustness,3,0.7092414772130744,0.03473377053369719,0.622958007960104,0.7955249464660448
resnet,bandpass,0,electrode,all,macro_ap_clean_drop,3,0.17202844363117878,0.02884101564351414,0.10038338902683194,0.24367349823552562
resnet,bandpass,0,electrode,all,macro_ap_normalized_robustness,3,0.7592185236555222,0.04558508548231042,0.6459788937169557,0.8724581535940887
resnet,bandpass,0,electrode,all,macro_auroc_clean_drop,3,0.10762748817271257,0.025287626128518384,0.04480954246699552,0.17044543387842964
resnet,bandpass,0,electrode,all,macro_auroc_normalized_robustness,3,0.8765533809067546,0.029647355033249254,0.8029052682159219,0.9502014935975873
resnet,bandpass,0,electrode,all,macro_f1_clean_drop,3,0.23664324535908188,0.033215143269520936,0.15413225536309727,0.3191542353550665
resnet,bandpass,0,electrode,all,macro_f1_normalized_robustness,3,0.6413455291782393,0.0436512839779194,0.5329097284837105,0.749781329872768
resnet,bandpass,0,independent,all,ap_CD_clean_drop,3,0.12969953452468228,0.06993356140569806,-0.044025062678066856,0.30342413172743143
resnet,bandpass,0,independent,all,ap_CD_normalized_robustness,3,0.8172311277405009,0.09657708495347664,0.5773203489196272,1.0571419065613745
resnet,bandpass,0,independent,all,ap_HYP_clean_drop,3,0.08633783372644382,0.011461451371360698,0.05786601014380701,0.11480965730908063
resnet,bandpass,0,independent,all,ap_HYP_normalized_robustness,3,0.8581566952028125,0.019387087989836297,0.809996498806835,0.9063168915987899
resnet,bandpass,0,independent,all,ap_MI_clean_drop,3,0.18237716121234163,0.044807134963458464,0.07107006749550707,0.29368425492917616
resnet,bandpass,0,independent,all,ap_MI_normalized_robustness,3,0.708105479640959,0.06274889641020392,0.5522285796995883,0.8639823795823298
resnet,bandpass,0,independent,all,ap_NORM_clean_drop,3,0.12984917995558265,0.0199908668528479,0.08018911371645895,0.17950924619470635
resnet,bandpass,0,independent,all,ap_NORM_normalized_robustness,3,0.8501296438485516,0.023383250385256873,0.7920424297439544,0.9082168579531488
resnet,bandpass,0,independent,all,ap_STTC_clean_drop,3,0.2659865028981035,0.04322111746586134,0.158619295058497,0.37335371073770995
resnet,bandpass,0,independent,all,ap_STTC_normalized_robustness,3,0.6564344426800729,0.06321734378524671,0.49939385494840227,0.8134750304117435
resnet,bandpass,0,independent,all,auroc_CD_clean_drop,3,0.06244516030065961,0.03901547671958235,-0.03447465675917091,0.15936497736049013
resnet,bandpass,0,independent,all,auroc_CD_normalized_robustness,3,0.9271472526770067,0.04470782631466538,0.8160868553197389,1.0382076500342745
resnet,bandpass,0,independent,all,auroc_HYP_clean_drop,3,0.042721949891067555,0.008947533783378574,0.020495043792892173,0.06494885598924294
resnet,bandpass,0,independent,all,auroc_HYP_normalized_robustness,3,0.9502243380235077,0.011010621303319272,0.9228724384144696,0.9775762376325458
resnet,bandpass,0,independent,all,auroc_MI_clean_drop,3,0.1379732267926056,0.028588451688024402,0.06695557583471187,0.20899087775049932
resnet,bandpass,0,independent,all,auroc_MI_normalized_robustness,3,0.8354863216082499,0.03191361797754577,0.7562084996728176,0.9147641435436822
resnet,bandpass,0,independent,all,auroc_NORM_clean_drop,3,0.10429083436680993,0.0198987356344543,0.054859634761724445,0.1537220339718954
resnet,bandpass,0,independent,all,auroc_NORM_normalized_robustness,3,0.8840532013653557,0.02246303773656522,0.8282519222041748,0.9398544805265366
resnet,bandpass,0,independent,all,auroc_STTC_clean_drop,3,0.15024792552114966,0.03565442571321588,0.06167742201724703,0.2388184290250523
resnet,bandpass,0,independent,all,auroc_STTC_normalized_robustness,3,0.8351490427163882,0.0400062980932938,0.7357678889165433,0.9345301965162331
resnet,bandpass,0,independent,all,f1_CD_clean_drop,3,0.12535729331601148,0.04227906710173677,0.020330268312265976,0.23038431831975698
resnet,bandpass,0,independent,all,f1_CD_normalized_robustness,3,0.7910068487375522,0.07075065290029121,0.615252483739159,0.9667612137359455
resnet,bandpass,0,independent,all,f1_HYP_clean_drop,3,0.05688454349773042,0.043167625027853235,-0.050349781759328305,0.16411886875478915
resnet,bandpass,0,independent,all,f1_HYP_normalized_robustness,3,0.9011704603745696,0.07246823671868682,0.7211493806398606,1.0811915401092786
resnet,bandpass,0,independent,all,f1_MI_clean_drop,3,0.17352748139668525,0.03993222879842631,0.07433032592550116,0.27272463686786935
resnet,bandpass,0,independent,all,f1_MI_normalized_robustness,3,0.7117253413522007,0.059586520347568644,0.5637042190466613,0.85974646365774
resnet,bandpass,0,independent,all,f1_NORM_clean_drop,3,0.5605936101120734,0.16723041615911277,0.14517022678466768,0.9760169934394791
resnet,bandpass,0,independent,all,f1_NORM_normalized_robustness,3,0.32085570161345506,0.2018571513246587,-0.18058526037240868,0.8222966635993187
resnet,bandpass,0,independent,all,f1_STTC_clean_drop,3,0.1994838060871992,0.03007062595976967,0.1247842301255226,0.2741833820488758
resnet,bandpass,0,independent,all,f1_STTC_normalized_robustness,3,0.7244179526548806,0.04325981732387343,0.6169546090385482,0.8318812962712131
resnet,bandpass,0,independent,all,macro_ap_clean_drop,3,0.15885004246343082,0.023094567311551233,0.10147995686896091,0.21622012805790072
resnet,bandpass,0,independent,all,macro_ap_normalized_robustness,3,0.7777332159186575,0.037229980990128794,0.6852488161344767,0.8702176157028383
resnet,bandpass,0,independent,all,macro_auroc_clean_drop,3,0.09953581937445848,0.019710890887915184,0.0505712519881992,0.14850038676071775
resnet,bandpass,0,independent,all,macro_auroc_normalized_robustness,3,0.8858543569583216,0.023152195556007577,0.8283411148685375,0.9433675990481057
resnet,bandpass,0,independent,all,macro_f1_clean_drop,3,0.22316934688193998,0.040406703690748495,0.12279353043747429,0.3235451633264057
resnet,bandpass,0,independent,all,macro_f1_normalized_robustness,3,0.6617446474153416,0.0571339672907152,0.5198160046483249,0.8036732901823582
resnet,bandpass,0,independent_rms,all,ap_CD_clean_drop,3,0.1282276172528987,0.06743569227880826,-0.03929192905280349,0.29574716355860087
resnet,bandpass,0,independent_rms,all,ap_CD_normalized_robustness,3,0.8192974936422792,0.0930697971756802,0.5880993006560827,1.0504956866284756
resnet,bandpass,0,independent_rms,all,ap_HYP_clean_drop,3,0.0858007830852805,0.01221663243976942,0.05545298573143292,0.11614858043912807
resnet,bandpass,0,independent_rms,all,ap_HYP_normalized_robustness,3,0.8592334830167102,0.018164845962629395,0.814109504133366,0.9043574619000544
resnet,bandpass,0,independent_rms,all,ap_MI_clean_drop,3,0.18263416029925486,0.047103101308286884,0.06562357000039314,0.29964475059811657
resnet,bandpass,0,independent_rms,all,ap_MI_normalized_robustness,3,0.7077360196434967,0.06650460742660419,0.5425294163319655,0.872942622955028
resnet,bandpass,0,independent_rms,all,ap_NORM_clean_drop,3,0.12908060538771557,0.020297529401249948,0.07865874714733431,0.17950246362809683
resnet,bandpass,0,independent_rms,all,ap_NORM_normalized_robustness,3,0.8509782928076343,0.02408125333029376,0.7911571432643796,0.9107994423508889
resnet,bandpass,0,independent_rms,all,ap_STTC_clean_drop,3,0.26201129206469304,0.038630635603290754,0.16604747333486272,0.3579751107945234
resnet,bandpass,0,independent_rms,all,ap_STTC_normalized_robustness,3,0.6616366358750798,0.05718400553526111,0.5195836912177585,0.8036895805324011
resnet,bandpass,0,independent_rms,all,auroc_CD_clean_drop,3,0.06195224216393106,0.03832135450571986,-0.03324327972790137,0.1571477640557635
resnet,bandpass,0,independent_rms,all,auroc_CD_normalized_robustness,3,0.927719423880124,0.04390502763134142,0.8186532890070201,1.0367855587532278
resnet,bandpass,0,independent_rms,all,auroc_HYP_clean_drop,3,0.04143121368917949,0.0073543856925185214,0.02316190684386357,0.05970052053449541
resnet,bandpass,0,independent_rms,all,auroc_HYP_normalized_robustness,3,0.9517508780937303,0.009043456145118615,0.9292856876393593,0.9742160685481013
resnet,bandpass,0,independent_rms,all,auroc_MI_clean_drop,3,0.14078036606588293,0.027335638090665554,0.07287487661094334,0.20868585552082253
resnet,bandpass,0,independent_rms,all,auroc_MI_normalized_robustness,3,0.8320905058992328,0.03059882529250322,0.7560788100558077,0.908102201742658
resnet,bandpass,0,independent_rms,all,auroc_NORM_clean_drop,3,0.10401390276891465,0.021869885211746123,0.0496860961634385,0.1583417093743908
resnet,bandpass,0,independent_rms,all,auroc_NORM_normalized_robustness,3,0.8843463119249625,0.024746900173967225,0.8228716039546515,0.9458210198952735
resnet,bandpass,0,independent_rms,all,auroc_STTC_clean_drop,3,0.15016118772949374,0.03227775156560736,0.0699788078158539,0.23034356764313357
resnet,bandpass,0,independent_rms,all,auroc_STTC_normalized_robustness,3,0.8352579877461243,0.036328552749482775,0.7450128598489413,0.9255031156433072
resnet,bandpass,0,independent_rms,all,f1_CD_clean_drop,3,0.12364991558004464,0.03706346845903781,0.03157915585382089,0.21572067530626837
resnet,bandpass,0,independent_rms,all,f1_CD_normalized_robustness,3,0.7938097132875654,0.06235580043563855,0.6389093178809376,0.9487101086941933
resnet,bandpass,0,independent_rms,all,f1_HYP_clean_drop,3,0.05312874330039167,0.04437900936907146,-0.057114827482073784,0.16337231408285713
resnet,bandpass,0,independent_rms,all,f1_HYP_normalized_robustness,3,0.9083784310057427,0.07555264315320466,0.7206952609287774,1.0960616010827078
resnet,bandpass,0,independent_rms,all,f1_MI_clean_drop,3,0.17603596485346637,0.034382170760465784,0.09062591785661223,0.2614460118503205
resnet,bandpass,0,independent_rms,all,f1_MI_normalized_robustness,3,0.7070986050385661,0.051816984119437415,0.5783780806798988,0.8358191293972335
resnet,bandpass,0,independent_rms,all,f1_NORM_clean_drop,3,0.5593625656129295,0.19105148572746483,0.08476436503728557,1.0339607661885735
resnet,bandpass,0,independent_rms,all,f1_NORM_normalized_robustness,3,0.32235473665010145,0.23080057428926334,-0.25098567382838627,0.8956951471285892
resnet,bandpass,0,independent_rms,all,f1_STTC_clean_drop,3,0.19493258543444672,0.027907354658016074,0.12560687329413686,0.2642582975747566
resnet,bandpass,0,independent_rms,all,f1_STTC_normalized_robustness,3,0.7307082371275149,0.04029626509148595,0.6306067653723068,0.830809708882723
resnet,bandpass,0,independent_rms,all,macro_ap_clean_drop,3,0.15755089161796854,0.02218194804632945,0.10244787795667784,0.21265390527925923
resnet,bandpass,0,independent_rms,all,macro_ap_normalized_robustness,3,0.7795692001045986,0.03585896023261658,0.6904906046877043,0.868647795521493
resnet,bandpass,0,independent_rms,all,macro_auroc_clean_drop,3,0.09966778248348034,0.019624431965657323,0.050917990966516447,0.14841757400044422
resnet,bandpass,0,independent_rms,all,macro_auroc_normalized_robustness,3,0.8857026133284002,0.02306374479519596,0.8284090951091785,0.9429961315476219
resnet,bandpass,0,independent_rms,all,macro_f1_clean_drop,3,0.2214219549562558,0.04377274810776257,0.11268442063616241,0.3301594892763492
resnet,bandpass,0,independent_rms,all,macro_f1_normalized_robustness,3,0.6645120108245224,0.061847012384561445,0.5108755150028474,0.8181485066461973
resnet,bandpass,10,covariance,all,ap_CD_clean_drop,3,0.013701423768782584,0.03291078000745169,-0.06805348596983385,0.09545633350739902
resnet,bandpass,10,covariance,all,ap_CD_normalized_robustness,3,0.9811482015908487,0.04645961442265118,0.8657361213315916,1.096560281850106
resnet,bandpass,10,covariance,all,ap_HYP_clean_drop,3,0.0009195459574140585,0.0032556546958497326,-0.00716794864888309,0.009007040563711207
resnet,bandpass,10,covariance,all,ap_HYP_normalized_robustness,3,0.998699545016076,0.0054671545755190076,0.9851183801592293,1.012280709872923
resnet,bandpass,10,covariance,all,ap_MI_clean_drop,3,0.03118518045987939,0.02034430492672266,-0.019352874627314123,0.0817232355470729
resnet,bandpass,10,covariance,all,ap_MI_normalized_robustness,3,0.9497426423264165,0.033404481630132384,0.8667613097685618,1.0327239748842711
resnet,bandpass,10,covariance,all,ap_NORM_clean_drop,3,0.0103093479137093,0.003913216572946492,0.0005883790507269972,0.0200303167766916
resnet,bandpass,10,covariance,all,ap_NORM_normalized_robustness,3,0.988126250417115,0.004431358101750523,0.9771181466424226,0.9991343541918074
resnet,bandpass,10,covariance,all,ap_STTC_clean_drop,3,0.013772344268864275,0.011235584902546815,-0.014138395900779045,0.041683084438507594
resnet,bandpass,10,covariance,all,ap_STTC_normalized_robustness,3,0.982408686883129,0.014368010609084096,0.9467165698867167,1.0181008038795414
resnet,bandpass,10,covariance,all,auroc_CD_clean_drop,3,0.00437081351945597,0.01633058503543755,-0.03619660862151732,0.04493823566042927
resnet,bandpass,10,covariance,all,auroc_CD_normalized_robustness,3,0.9950092176032012,0.018972439470279552,0.9478790652317634,1.042139369974639
resnet,bandpass,10,covariance,all,auroc_HYP_clean_drop,3,-0.003279320987654303,0.006483390739536845,-0.019384956423551057,0.01282631444824245
resnet,bandpass,10,covariance,all,auroc_HYP_normalized_robustness,3,1.0038755278228975,0.007645667273502969,0.9848826374175288,1.0228684182282661
resnet,bandpass,10,covariance,all,auroc_MI_clean_drop,3,0.01852338878599154,0.008814332558966478,-0.003372627127374534,0.04041940469935762
resnet,bandpass,10,covariance,all,auroc_MI_normalized_robustness,3,0.9778624799336896,0.010560051419635189,0.9516298579644763,1.004095101902903
resnet,bandpass,10,covariance,all,auroc_NORM_clean_drop,3,0.008849770628393835,0.00435829850174517,-0.0019768430387221373,0.01967638429550981
resnet,bandpass,10,covariance,all,auroc_NORM_normalized_robustness,3,0.9901689425504633,0.004816217231918498,0.9782047956968211,1.0021330894041056
resnet,bandpass,10,covariance,all,auroc_STTC_clean_drop,3,0.010807890247781135,0.0037427913549776767,0.0015102810957831909,0.020105499399779077
resnet,bandpass,10,covariance,all,auroc_STTC_normalized_robustness,3,0.9881369469578692,0.00416248374675754,0.9777967641081292,0.9984771298076093
resnet,bandpass,10,covariance,all,f1_CD_clean_drop,3,-0.010240407745662669,0.047912550488862594,-0.129261781279713,0.10878096578838767
resnet,bandpass,10,covariance,all,f1_CD_normalized_robustness,3,1.0194553970959828,0.08039996514724827,0.8197308116527662,1.2191799825391993
resnet,bandpass,10,covariance,all,f1_HYP_clean_drop,3,-0.009943715605132353,0.03782176589736152,-0.10389819059459635,0.08401075938433164
resnet,bandpass,10,covariance,all,f1_HYP_normalized_robustness,3,1.0245712150525843,0.07729759373732153,0.8325533474245272,1.2165890826806414
resnet,bandpass,10,covariance,all,f1_MI_clean_drop,3,0.016530350907537888,0.00598611027286879,0.0016600286321927452,0.03140067318288303
resnet,bandpass,10,covariance,all,f1_MI_normalized_robustness,3,0.972459300476389,0.009665019673759587,0.9484500606202915,0.9964685403324864
resnet,bandpass,10,covariance,all,f1_NORM_clean_drop,3,0.022905122740397577,0.015912103133547535,-0.016622732726418607,0.06243297820721376
resnet,bandpass,10,covariance,all,f1_NORM_normalized_robustness,3,0.9722446233059663,0.019299792432157976,0.9243012810968831,1.0201879655150494
resnet,bandpass,10,covariance,all,f1_STTC_clean_drop,3,0.026982101218223236,0.009203089776846134,0.004120358839219136,0.049843843597227336
resnet,bandpass,10,covariance,all,f1_STTC_normalized_robustness,3,0.9627456312510253,0.012773223230103105,0.931015185724914,0.9944760767771366
resnet,bandpass,10,covariance,all,macro_ap_clean_drop,3,0.01397756847372992,0.005758593699976579,-0.0003275713028524901,0.02828270825031233
resnet,bandpass,10,covariance,all,macro_ap_normalized_robustness,3,0.980364665723032,0.008540127715820243,0.9591498124012616,1.0015795190448025
resnet,bandpass,10,covariance,all,macro_auroc_clean_drop,3,0.007854508438793687,0.004716506562415163,-0.003861943380474537,0.01957096025806191
resnet,bandpass,10,covariance,all,macro_auroc_normalized_robustness,3,0.9909797854404091,0.005446701838126891,0.9774494279998259,1.0045101428809924
resnet,bandpass,10,covariance,all,macro_f1_clean_drop,3,0.009246690303072755,0.007117443887347516,-0.00843402046853497,0.02692740107468048
resnet,bandpass,10,covariance,all,macro_f1_normalized_robustness,3,0.9858741989845275,0.011090720702048246,0.9583233214384208,1.0134250765306343
resnet,bandpass,10,electrode,all,ap_CD_clean_drop,3,0.018393887975374962,0.019442453034520073,-0.02990384281601247,0.0666916187667624
resnet,bandpass,10,electrode,all,ap_CD_normalized_robustness,3,0.9742330383638683,0.02715084290697889,0.9067866055936689,1.0416794711340678
resnet,bandpass,10,electrode,all,ap_HYP_clean_drop,3,-0.0028695891014324237,0.0012976542871916288,-0.006093141053019695,0.00035396285015484776
resnet,bandpass,10,electrode,all,ap_HYP_normalized_robustness,3,1.0048155245079797,0.002473099436352403,0.9986720049333043,1.010959044082655
resnet,bandpass,10,electrode,all,ap_MI_clean_drop,3,0.020236296392490843,0.016992368147462935,-0.021975086134043826,0.062447678919025515
resnet,bandpass,10,electrode,all,ap_MI_normalized_robustness,3,0.9680123026452302,0.02584131852861271,0.9038189087677463,1.032205696522714
resnet,bandpass,10,electrode,all,ap_NORM_clean_drop,3,0.014878892761924112,0.008946654771472511,-0.007345829749626366,0.03710361527347459
resnet,bandpass,10,electrode,all,ap_NORM_normalized_robustness,3,0.9828720408408279,0.010207129581610058,0.9575161253187422,1.0082279563629135
resnet,bandpass,10,electrode,all,ap_STTC_clean_drop,3,0.025082187468757972,0.009538951422549511,0.0013861185097419244,0.04877825642777402
resnet,bandpass,10,electrode,all,ap_STTC_normalized_robustness,3,0.9675026427272724,0.012872098880557133,0.9355265764690974,0.9994787089854473
resnet,bandpass,10,electrode,all,auroc_CD_clean_drop,3,0.010316510712276942,0.014883376839453944,-0.02665584697234387,0.04728886839689775
resnet,bandpass,10,electrode,all,auroc_CD_normalized_robustness,3,0.9880103180226519,0.017216148953907332,0.9452430331556697,1.030777602889634
resnet,bandpass,10,electrode,all,auroc_HYP_clean_drop,3,-0.003843840777051503,0.0066052659945500984,-0.020252231130052117,0.01256454957594911
resnet,bandpass,10,electrode,all,auroc_HYP_normalized_robustness,3,1.004541771375741,0.007810755205834282,0.9851387798119182,1.0239447629395637
resnet,bandpass,10,electrode,all,auroc_MI_clean_drop,3,0.016751440407510792,0.01355583712783171,-0.016923125815663933,0.05042600663068551
resnet,bandpass,10,electrode,all,auroc_MI_normalized_robustness,3,0.9801177742803916,0.015837809431140742,0.9407744746014673,1.0194610739593157
resnet,bandpass,10,electrode,all,auroc_NORM_clean_drop,3,0.0097635111180678,0.0059343121307981845,-0.004978137439162745,0.024505159675298344
resnet,bandpass,10,electrode,all,auroc_NORM_normalized_robustness,3,0.9891650387677616,0.0065457539815000874,0.9729044844506789,1.0054255930848444
resnet,bandpass,10,electrode,all,auroc_STTC_clean_drop,3,0.010737415792060742,0.004653627057814952,-0.000822834678535854,0.022297666262657338
resnet,bandpass,10,electrode,all,auroc_STTC_normalized_robustness,3,0.9882094563212451,0.0051578867749402305,0.9753965552708366,1.0010223573716537
resnet,bandpass,10,electrode,all,f1_CD_clean_drop,3,-0.010029467560979851,0.03801478594337724,-0.10446343092586934,0.08440449580390964
resnet,bandpass,10,electrode,all,f1_CD_normalized_robustness,3,1.0186180990094291,0.06424154520362006,0.8590332539099806,1.1782029441088775
resnet,bandpass,10,electrode,all,f1_HYP_clean_drop,3,-0.02421840503121288,0.03946074815428423,-0.12224433765393779,0.07380752759151203
resnet,bandpass,10,electrode,all,f1_HYP_normalized_robustness,3,1.0510807965852613,0.08085933763844003,0.8502150666129488,1.2519465265575738
resnet,bandpass,10,electrode,all,f1_MI_clean_drop,3,0.015617145184044815,0.007510953751909601,-0.0030410982820552376,0.034275388650144865
resnet,bandpass,10,electrode,all,f1_MI_normalized_robustness,3,0.9742335066232998,0.011754561932834537,0.9450335560412025,1.0034334572053971
resnet,bandpass,10,electrode,all,f1_NORM_clean_drop,3,0.02454157619676811,0.017198216745537405,-0.018181162595147952,0.06726431498868418
resnet,bandpass,10,electrode,all,f1_NORM_normalized_robustness,3,0.9702711389338377,0.02084810526553181,0.9184815744258312,1.022060703441844
resnet,bandpass,10,electrode,all,f1_STTC_clean_drop,3,0.026985534409977086,0.014881072169691157,-0.00998109815757292,0.06395216697752709
resnet,bandpass,10,electrode,all,f1_STTC_normalized_robustness,3,0.9625611291369167,0.020986204912038297,0.9104285060890485,1.014693752184785
resnet,bandpass,10,electrode,all,macro_ap_clean_drop,3,0.015144335099423109,0.00550218219139084,0.0014761568210374318,0.028812513377808786
resnet,bandpass,10,electrode,all,macro_ap_normalized_robustness,3,0.97876968923515,0.007952394726011619,0.9590148455977848,0.9985245328725151
resnet,bandpass,10,electrode,all,macro_auroc_clean_drop,3,0.008745007450573014,0.004857864885408846,-0.003322597909709249,0.020812612810855276
resnet,bandpass,10,electrode,all,macro_auroc_normalized_robustness,3,0.989968993405174,0.005574406266857902,0.9761214005772265,1.0038165862331214
resnet,bandpass,10,electrode,all,macro_f1_clean_drop,3,0.006579276639719467,0.0030413802284638587,-0.0009759306814858121,0.014134483960924746
resnet,bandpass,10,electrode,all,macro_f1_normalized_robustness,3,0.9900050063831057,0.004638513720697942,0.9784822995231914,1.00152771324302
resnet,bandpass,10,independent,all,ap_CD_clean_drop,3,0.010610836767567614,0.01269219532899085,-0.020918324293689228,0.04213999782882445
resnet,bandpass,10,independent,all,ap_CD_normalized_robustness,3,0.9852361772904477,0.017831816910214984,0.9409394884353043,1.029532866145591
resnet,bandpass,10,independent,all,ap_HYP_clean_drop,3,-0.007770733515265249,0.007155101752137481,-0.025544991608940564,0.010003524578410066
resnet,bandpass,10,independent,all,ap_HYP_normalized_robustness,3,1.0130122719863317,0.012454320549022317,0.9820740246366617,1.0439505193360017
resnet,bandpass,10,independent,all,ap_MI_clean_drop,3,0.028955760866116658,0.008289085930673266,0.00836452991004729,0.049546991822186026
resnet,bandpass,10,independent,all,ap_MI_normalized_robustness,3,0.953666660694897,0.011959325192617607,0.923958049977198,0.9833752714125961
resnet,bandpass,10,independent,all,ap_NORM_clean_drop,3,0.01032549075020476,0.007889638179218976,-0.009273456982615431,0.02992443848302495
resnet,bandpass,10,independent,all,ap_NORM_normalized_robustness,3,0.9881672407808019,0.009018063106911365,0.9657651301302567,1.0105693514313472
resnet,bandpass,10,independent,all,ap_STTC_clean_drop,3,0.02595353007808443,0.003798536710096949,0.016517441787181505,0.03538961836898735
resnet,bandpass,10,independent,all,ap_STTC_normalized_robustness,3,0.9664982576454499,0.005436523922433952,0.9529931835490663,0.9800033317418336
resnet,bandpass,10,independent,all,auroc_CD_clean_drop,3,-0.0013028583116020398,0.002992691366919351,-0.008737115795703916,0.006131399172499836
resnet,bandpass,10,independent,all,auroc_CD_normalized_robustness,3,1.0015533647812231,0.0035415040328080796,0.9927557810571177,1.0103509485053286
resnet,bandpass,10,independent,all,auroc_HYP_clean_drop,3,-0.004507647966594012,0.0063673352832706726,-0.020324985666929148,0.011309689733741121
resnet,bandpass,10,independent,all,auroc_HYP_normalized_robustness,3,1.0053065325173078,0.007534866449788082,0.9865888866166189,1.0240241784179969
resnet,bandpass,10,independent,all,auroc_MI_clean_drop,3,0.017659797102584657,0.007215826642395184,-0.000265309981019847,0.03558490418618916
resnet,bandpass,10,independent,all,auroc_MI_normalized_robustness,3,0.9789602089309061,0.008351898181702561,0.9582129436932968,0.9997074741685154
resnet,bandpass,10,independent,all,auroc_NORM_clean_drop,3,0.00707446516749007,0.004015708906393914,-0.002901108766171108,0.017050039101151247
resnet,bandpass,10,independent,all,auroc_NORM_normalized_robustness,3,0.9921534376139426,0.004430267793145832,0.9811480423159725,1.0031588329119128
resnet,bandpass,10,independent,all,auroc_STTC_clean_drop,3,0.009047835892098233,0.0017540627524643712,0.004690502459978901,0.013405169324217564
resnet,bandpass,10,independent,all,auroc_STTC_normalized_robustness,3,0.9900793924916055,0.001957485052527995,0.9852167300524933,0.9949420549307176
resnet,bandpass,10,independent,all,f1_CD_clean_drop,3,-0.01381718431151365,0.03077256308997066,-0.0902604687695787,0.06262610014655141
resnet,bandpass,10,independent,all,f1_CD_normalized_robustness,3,1.024565587426588,0.052057569251079315,0.89524741646953,1.1538837583836459
resnet,bandpass,10,independent,all,f1_HYP_clean_drop,3,-0.0207778590764728,0.04256134291457486,-0.1265060960719957,0.08495037791905011
resnet,bandpass,10,independent,all,f1_HYP_normalized_robustness,3,1.0454731019451504,0.08921466578001819,0.823851586242552,1.2670946176477489
resnet,bandpass,10,independent,all,f1_MI_clean_drop,3,0.02812333851261628,0.010257799562972915,0.002641551778974991,0.05360512524625757
resnet,bandpass,10,independent,all,f1_MI_normalized_robustness,3,0.9534308640196635,0.015618420583908027,0.9146325564496808,0.9922291715896462
resnet,bandpass,10,independent,all,f1_NORM_clean_drop,3,0.01082379154830023,0.005621853547711679,-0.0031416668593346724,0.02478924995593513
resnet,bandpass,10,independent,all,f1_NORM_normalized_robustness,3,0.9868913598370498,0.0068001597505548995,0.9699988265549789,1.0037838931191205
resnet,bandpass,10,independent,all,f1_STTC_clean_drop,3,0.0348133483329186,0.007055187443509265,0.017287291141247028,0.05233940552459018
resnet,bandpass,10,independent,all,f1_STTC_normalized_robustness,3,0.9518504311147162,0.010352439065856877,0.9261335468229425,0.97756731540649
resnet,bandpass,10,independent,all,macro_ap_clean_drop,3,0.01361497698934159,0.002304586707418967,0.007890066239514555,0.019339887739168626
resnet,bandpass,10,independent,all,macro_ap_normalized_robustness,3,0.9809851892417805,0.00327002573917496,0.9728619949848024,0.9891083834987585
resnet,bandpass,10,independent,all,macro_auroc_clean_drop,3,0.005594318376795508,0.002865402318575902,-0.0015237355820275147,0.01271237233561853
resnet,bandpass,10,independent,all,macro_auroc_normalized_robustness,3,0.9935949839686992,0.003271874825844998,0.9854671963257918,1.0017227716116066
resnet,bandpass,10,independent,all,macro_f1_clean_drop,3,0.007833087001169803,0.0034513484843331677,-0.0007405379250483152,0.01640671192738792
resnet,bandpass,10,independent,all,macro_f1_normalized_robustness,3,0.9881757076104982,0.005058615119113592,0.9756094110240335,1.000742004196963
resnet,bandpass,10,independent_rms,all,ap_CD_clean_drop,3,0.00901700687285852,0.011777864464713808,-0.02024083040745859,0.038274844153175634
resnet,bandpass,10,independent_rms,all,ap_CD_normalized_robustness,3,0.987488917359762,0.016586834731180316,0.9462849356859774,1.0286928990335464
resnet,bandpass,10,independent_rms,all,ap_HYP_clean_drop,3,-0.006515573877808878,0.007956984084573068,-0.026281818113849064,0.013250670358231308
resnet,bandpass,10,independent_rms,all,ap_HYP_normalized_robustness,3,1.0108364954680333,0.013338612372713068,0.9777015454509679,1.0439714454850988
resnet,bandpass,10,independent_rms,all,ap_MI_clean_drop,3,0.029871183887478187,0.010641378129544575,0.003436535171208909,0.05630583260374747
resnet,bandpass,10,independent_rms,all,ap_MI_normalized_robustness,3,0.9522881196478922,0.015475314293155025,0.9138453078115533,0.9907309314842311
resnet,bandpass,10,independent_rms,all,ap_NORM_clean_drop,3,0.01050577087864002,0.007395934496246082,-0.007866748916892374,0.028878290674172413
resnet,bandpass,10,independent_rms,all,ap_NORM_normalized_robustness,3,0.9879555246485654,0.00843954593113418,0.9669905303312457,1.008920518965885
resnet,bandpass,10,independent_rms,all,ap_STTC_clean_drop,3,0.025168604750627543,0.003995840153417511,0.01524238753551989,0.0350948219657352
resnet,bandpass,10,independent_rms,all,ap_STTC_normalized_robustness,3,0.9675064909366721,0.005670367801487438,0.9534205164416769,0.9815924654316672
resnet,bandpass,10,independent_rms,all,auroc_CD_clean_drop,3,-0.0021557498593854176,0.0025873056582734356,-0.008582973416847823,0.004271473698076988
resnet,bandpass,10,independent_rms,all,auroc_CD_normalized_robustness,3,1.002546179549955,0.003077532970860633,0.9949011638379799,1.0101911952619302
resnet,bandpass,10,independent_rms,all,auroc_HYP_clean_drop,3,-0.00442254448075526,0.005879168660623239,-0.01902720906416914,0.01018212010265862
resnet,bandpass,10,independent_rms,all,auroc_HYP_normalized_robustness,3,1.0051999347847576,0.006955017965362119,0.9879227123713146,1.0224771571982005
resnet,bandpass,10,independent_rms,all,auroc_MI_clean_drop,3,0.01772321420244612,0.008158919087167133,-0.0025446643888541697,0.037991092793746406
resnet,bandpass,10,independent_rms,all,auroc_MI_normalized_robustness,3,0.9788960086390949,0.009453750859146721,0.9554115896126875,1.0023804276655024
resnet,bandpass,10,independent_rms,all,auroc_NORM_clean_drop,3,0.007071789499877597,0.003736375822754472,-0.002209882586583933,0.016353461586339126
resnet,bandpass,10,independent_rms,all,auroc_NORM_normalized_robustness,3,0.9921556164712276,0.004120335885743248,0.9819201347125015,1.0023910982299538
resnet,bandpass,10,independent_rms,all,auroc_STTC_clean_drop,3,0.008451513574464387,0.0019753389477055825,0.003544499601040545,0.013358527547888228
resnet,bandpass,10,independent_rms,all,auroc_STTC_normalized_robustness,3,0.9907345128149689,0.0021876350228513565,0.9853001261552254,0.9961688994747124
resnet,bandpass,10,independent_rms,all,f1_CD_clean_drop,3,-0.019462207704636286,0.029906276615082987,-0.09375351726128031,0.05482910185200773
resnet,bandpass,10,independent_rms,all,f1_CD_normalized_robustness,3,1.0339348976558824,0.050985181002127206,0.9072806867896512,1.1605891085221136
resnet,bandpass,10,independent_rms,all,f1_HYP_clean_drop,3,-0.01719523874779555,0.039713102082904204,-0.11584805328130592,0.08145757578571482
resnet,bandpass,10,independent_rms,all,f1_HYP_normalized_robustness,3,1.0383372534745592,0.08291203704570312,0.83237233549384,1.2443021714552782
resnet,bandpass,10,independent_rms,all,f1_MI_clean_drop,3,0.030324615038565133,0.010960338139425456,0.0030976257332203175,0.05755160434390995
resnet,bandpass,10,independent_rms,all,f1_MI_normalized_robustness,3,0.9497961789430532,0.016668739663728702,0.9083887341375494,0.9912036237485571
resnet,bandpass,10,independent_rms,all,f1_NORM_clean_drop,3,0.013507325725927019,0.004193522612918855,0.003090038058226604,0.023924613393627434
resnet,bandpass,10,independent_rms,all,f1_NORM_normalized_robustness,3,0.9836372953980165,0.005065853905334274,0.9710530166697139,0.9962215741263191
resnet,bandpass,10,independent_rms,all,f1_STTC_clean_drop,3,0.036412495718975015,0.00815604618048979,0.016151753823494167,0.05667323761445586
resnet,bandpass,10,independent_rms,all,f1_STTC_normalized_robustness,3,0.9496467208565721,0.011874731051244277,0.9201482536356491,0.9791451880774951
resnet,bandpass,10,independent_rms,all,macro_ap_clean_drop,3,0.013609398502359057,0.0030045773161812093,0.006145614683456213,0.021073182321261902
resnet,bandpass,10,independent_rms,all,macro_ap_normalized_robustness,3,0.9809958645441972,0.004210054542158705,0.9705375092876246,0.9914542198007698
resnet,bandpass,10,independent_rms,all,macro_auroc_clean_drop,3,0.005333644587329545,0.0031094023976512308,-0.0023905391695870533,0.013057828344246142
resnet,bandpass,10,independent_rms,all,macro_auroc_normalized_robustness,3,0.9938945840806701,0.00355246867403053,0.9850697626778085,1.0027194054835318
resnet,bandpass,10,independent_rms,all,macro_f1_clean_drop,3,0.008717398006207114,0.004222713050492875,-0.0017724027282925194,0.019207198740706748
resnet,bandpass,10,independent_rms,all,macro_f1_normalized_robustness,3,0.9868443990255779,0.006236330000896115,0.9713524964876238,1.0023363015635318
resnet,bandpass,20,covariance,all,ap_CD_clean_drop,3,0.00013681157120152646,0.005450217806495846,-0.013402280019000188,0.01367590316140324
resnet,bandpass,20,covariance,all,ap_CD_normalized_robustness,3,0.9999015198497926,0.007761274816859087,0.9806214443862137,1.0191815953133714
resnet,bandpass,20,covariance,all,ap_HYP_clean_drop,3,-0.0034304261858270437,0.005222465793378118,-0.016403750411322967,0.009542898039668879
resnet,bandpass,20,covariance,all,ap_HYP_normalized_robustness,3,1.0060116483853936,0.009217789839428867,0.9831133890265631,1.028909907744224
resnet,bandpass,20,covariance,all,ap_MI_clean_drop,3,0.003815736906825166,0.00594786221290426,-0.010959571920361977,0.01859104573401231
resnet,bandpass,20,covariance,all,ap_MI_normalized_robustness,3,0.993786677140767,0.009800606846277002,0.9694406200761935,1.0181327342053403
resnet,bandpass,20,covariance,all,ap_NORM_clean_drop,3,-0.0008694621244483095,0.001104122323992813,-0.0036122540278302824,0.0018733297789336636
resnet,bandpass,20,covariance,all,ap_NORM_normalized_robustness,3,1.0010143271498144,0.001287525092863784,0.9978159375118463,1.0042127167877826
resnet,bandpass,20,covariance,all,ap_STTC_clean_drop,3,-0.0030110059324843044,0.00263961106837422,-0.009568163331705024,0.0035461514667364156
resnet,bandpass,20,covariance,all,ap_STTC_normalized_robustness,3,1.0039298168256574,0.003462190666051754,0.9953292584269549,1.01253037522436
resnet,bandpass,20,covariance,all,auroc_CD_clean_drop,3,-0.0005133711714476,0.0032325495646568472,-0.008543469450014274,0.007516727107119074
resnet,bandpass,20,covariance,all,auroc_CD_normalized_robustness,3,1.000626099824707,0.0037698966204432432,0.9912611574605799,1.009991042188834
resnet,bandpass,20,covariance,all,auroc_HYP_clean_drop,3,-0.0022949573347856855,0.0016770425922466648,-0.00646096208234553,0.0018710474127741593
resnet,bandpass,20,covariance,all,auroc_HYP_normalized_robustness,3,1.0026886119336138,0.0020018339295913476,0.9977157807765162,1.0076614430907114
resnet,bandpass,20,covariance,all,auroc_MI_clean_drop,3,0.0010034823448659507,0.0014076791634560128,-0.0024933865510769534,0.004500351240808854
resnet,bandpass,20,covariance,all,auroc_MI_normalized_robustness,3,0.9988024519723947,0.0016725661262465812,0.9946475673828409,1.0029573365619484
resnet,bandpass,20,covariance,all,auroc_NORM_clean_drop,3,-0.000828119126073501,0.000782718530539938,-0.002772499745449468,0.001116261493302466
resnet,bandpass,20,covariance,all,auroc_NORM_normalized_robustness,3,1.0009228312727885,0.0008755911883267172,0.9987477421818167,1.0030979203637602
resnet,bandpass,20,covariance,all,auroc_STTC_clean_drop,3,-0.0003306878306877555,0.0007453388266017028,-0.002182212117857841,0.0015208364564823298
resnet,bandpass,20,covariance,all,auroc_STTC_normalized_robustness,3,1.0003656566893604,0.0008184569955629216,0.9983324968012619,1.0023988165774589
resnet,bandpass,20,covariance,all,f1_CD_clean_drop,3,-0.0010205203909611216,0.019124292599150387,-0.04852789684646961,0.04648685606454737
resnet,bandpass,20,covariance,all,f1_CD_normalized_robustness,3,1.0026248462318945,0.03236529794975005,0.9222249890438812,1.0830247034199079
resnet,bandpass,20,covariance,all,f1_HYP_clean_drop,3,-0.002351777556393153,0.019480117995697637,-0.05074307329825222,0.046039518185465915
resnet,bandpass,20,covariance,all,f1_HYP_normalized_robustness,3,1.006292965720897,0.03773599454462937,0.9125515585833401,1.1000343728584538
resnet,bandpass,20,covariance,all,f1_MI_clean_drop,3,0.009141452798989666,0.008631122589489929,-0.012299444320036728,0.03058234991801606
resnet,bandpass,20,covariance,all,f1_MI_normalized_robustness,3,0.9845863385907082,0.014692626640212772,0.9480878306695404,1.021084846511876
resnet,bandpass,20,covariance,all,f1_NORM_clean_drop,3,0.00023465696492375177,0.001909955860828214,-0.004509936416679383,0.004979250346526886
resnet,bandpass,20,covariance,all,f1_NORM_normalized_robustness,3,0.9997126055038201,0.0023119452150066034,0.9939694152077927,1.0054557957998476
resnet,bandpass,20,covariance,all,f1_STTC_clean_drop,3,0.002982246669122205,0.011124706854735758,-0.024653057160551824,0.030617550498796237
resnet,bandpass,20,covariance,all,f1_STTC_normalized_robustness,3,0.9958475736664137,0.015375436947940371,0.957652870909869,1.0340422764229584
resnet,bandpass,20,covariance,all,macro_ap_clean_drop,3,-0.0006716691529466227,0.0005908974466239395,-0.0021395397838639384,0.0007962014779706929
resnet,bandpass,20,covariance,all,macro_ap_normalized_robustness,3,1.0009342599685456,0.0008218833570722792,0.9988925885266077,1.0029759314104836
resnet,bandpass,20,covariance,all,macro_auroc_clean_drop,3,-0.0005927306236255999,0.00029374301087283834,-0.0013224287144888622,0.0001369674672376624
resnet,bandpass,20,covariance,all,macro_auroc_normalized_robustness,3,1.00067811165219,0.0003342175004072577,0.9998478693555116,1.0015083539488683
resnet,bandpass,20,covariance,all,macro_f1_clean_drop,3,0.001797211697136314,0.003543767849987591,-0.007005995660597154,0.010600419054869782
resnet,bandpass,20,covariance,all,macro_f1_normalized_robustness,3,0.9971931328858394,0.00547244372867597,0.9835988290441723,1.0107874367275065
resnet,bandpass,20,electrode,all,ap_CD_clean_drop,3,0.004377215564389229,0.008560183503602511,-0.016887459096149315,0.025641890224927775
resnet,bandpass,20,electrode,all,ap_CD_normalized_robustness,3,0.9938994386578631,0.012001908531907529,0.964085045061143,1.0237138322545831
resnet,bandpass,20,electrode,all,ap_HYP_clean_drop,3,-0.004959320633968238,0.004184679052702774,-0.015354639680230021,0.005435998412293547
resnet,bandpass,20,electrode,all,ap_HYP_normalized_robustness,3,1.0083825636640544,0.007051543345715141,0.9908655589131384,1.0258995684149705
resnet,bandpass,20,electrode,all,ap_MI_clean_drop,3,-0.0007649506993511931,0.00567728660711614,-0.014868112460328705,0.013338211061626318
resnet,bandpass,20,electrode,all,ap_MI_normalized_robustness,3,1.0014211805317397,0.009254611465072303,0.9784314511840415,1.0244109098794378
resnet,bandpass,20,electrode,all,ap_NORM_clean_drop,3,0.000253237645141217,0.0015765617081163648,-0.003663158748843628,0.004169634039126062
resnet,bandpass,20,electrode,all,ap_NORM_normalized_robustness,3,0.9997254430008448,0.0018300747188689924,0.9951792853764377,1.0042716006252517
resnet,bandpass,20,electrode,all,ap_STTC_clean_drop,3,-0.0010202950275934135,0.0037712298039026273,-0.010388549203028636,0.00834795914784181
resnet,bandpass,20,electrode,all,ap_STTC_normalized_robustness,3,1.001267649007812,0.004902071762332447,0.9890902276774466,1.0134450703381777
resnet,bandpass,20,electrode,all,auroc_CD_clean_drop,3,0.00314158613284247,0.005277268221540636,-0.009967874871145765,0.016251047136830704
resnet,bandpass,20,electrode,all,auroc_CD_normalized_robustness,3,0.9963515290695916,0.0061110461322515346,0.9811708489144076,1.0115322092247754
resnet,bandpass,20,electrode,all,auroc_HYP_clean_drop,3,-0.0020282997458242655,0.001129196374999843,-0.004833379044898382,0.0007767795532498509
resnet,bandpass,20,electrode,all,auroc_HYP_normalized_robustness,3,1.002370707964799,0.0013435009969707998,0.999033266472491,1.005708149457107
resnet,bandpass,20,electrode,all,auroc_MI_clean_drop,3,0.0001715992113897243,0.0006419218516961791,-0.0014230230683855958,0.0017662214911650443
resnet,bandpass,20,electrode,all,auroc_MI_normalized_robustness,3,0.9998002468795016,0.0007581121884246279,0.9979169918025218,1.0016835019564816
resnet,bandpass,20,electrode,all,auroc_NORM_clean_drop,3,0.00012174287636942023,0.001009077056360957,-0.002384943493367783,0.0026284292461066236
resnet,bandpass,20,electrode,all,auroc_NORM_normalized_robustness,3,0.9998685595428437,0.00112417409632332,0.9970759562756287,1.0026611628100588
resnet,bandpass,20,electrode,all,auroc_STTC_clean_drop,3,-0.00016082632202844374,0.0007728713642775594,-0.0020807452243384633,0.001759092580281576
resnet,bandpass,20,electrode,all,auroc_STTC_normalized_robustness,3,1.0001749544286118,0.0008497977502103302,0.9980639397899799,1.0022859690672437
resnet,bandpass,20,electrode,all,f1_CD_clean_drop,3,-0.002191576870921678,0.017595823221157835,-0.045902024903350346,0.041518871161506994
resnet,bandpass,20,electrode,all,f1_CD_normalized_robustness,3,1.0045268974026935,0.02964943868181149,0.9308736086418894,1.0781801861634976
resnet,bandpass,20,electrode,all,f1_HYP_clean_drop,3,0.004452622958252606,0.0049409960010678355,-0.007821491541455472,0.01672673745796068
resnet,bandpass,20,electrode,all,f1_HYP_normalized_robustness,3,0.992400310824267,0.00889073924143513,0.9703144901895532,1.0144861314589808
resnet,bandpass,20,electrode,all,f1_MI_clean_drop,3,0.0068156282059202615,0.00491764628056995,-0.00540048237254091,0.019031738784381434
resnet,bandpass,20,electrode,all,f1_MI_normalized_robustness,3,0.9888028174907832,0.00784216866472201,0.969321790569082,1.0082838444124844
resnet,bandpass,20,electrode,all,f1_NORM_clean_drop,3,0.002704267318041816,0.005230820171549463,-0.010289810333327508,0.01569834496941114
resnet,bandpass,20,electrode,all,f1_NORM_normalized_robustness,3,0.9967218324080962,0.006343482182751209,0.980963749094303,1.0124799157218896
resnet,bandpass,20,electrode,all,f1_STTC_clean_drop,3,0.0020288880745079987,0.004377980541897195,-0.008846618490793197,0.012904394639809193
resnet,bandpass,20,electrode,all,f1_STTC_normalized_robustness,3,0.997177859825571,0.006104624798180819,0.9820131311485116,1.0123425885026303
resnet,bandpass,20,electrode,all,macro_ap_clean_drop,3,-0.00042282263027652406,0.0010872723178763247,-0.0031237567980218236,0.002278111537468776
resnet,bandpass,20,electrode,all,macro_ap_normalized_robustness,3,1.0005842269400913,0.0015190403038925502,0.9968107216355699,1.0043577322446127
resnet,bandpass,20,electrode,all,macro_auroc_clean_drop,3,0.00024916043054982556,0.0005980495034798649,-0.0012364768945196565,0.0017347977556193077
resnet,bandpass,20,electrode,all,macro_auroc_normalized_robustness,3,0.9997119247540217,0.0006869294619998817,0.9980054973721766,1.0014183521358668
resnet,bandpass,20,electrode,all,macro_f1_clean_drop,3,0.0027619659371602343,0.001562949796128524,-0.001120616592927008,0.006644548467247477
resnet,bandpass,20,electrode,all,macro_f1_normalized_robustness,3,0.9957809685006342,0.002470267208413424,0.9896444845701903,1.001917452431078
resnet,bandpass,20,independent,all,ap_CD_clean_drop,3,0.002003448102912716,0.002026160640622741,-0.003029813954460069,0.0070367101602855
resnet,bandpass,20,independent,all,ap_CD_normalized_robustness,3,0.9972106265635569,0.00283975929231208,0.9901562734133184,1.0042649797137952
resnet,bandpass,20,independent,all,ap_HYP_clean_drop,3,-0.002850874179256002,0.003253646061893682,-0.010933379062193884,0.005231630703681879
resnet,bandpass,20,independent,all,ap_HYP_normalized_robustness,3,1.0045717240422583,0.00533286703706292,0.9913241479239042,1.0178193001606124
resnet,bandpass,20,independent,all,ap_MI_clean_drop,3,0.0020521462133978505,0.0032000599375919514,-0.005897243357337212,0.010001535784132914
resnet,bandpass,20,independent,all,ap_MI_normalized_robustness,3,0.9966629409511484,0.0052639702473796565,0.983586513946263,1.0097393679560338
resnet,bandpass,20,independent,all,ap_NORM_clean_drop,3,-0.0001810838564604289,0.0022888077340868463,-0.005866797463580926,0.005504629750660068
resnet,bandpass,20,independent,all,ap_NORM_normalized_robustness,3,1.0002349370443786,0.002664272170945385,0.9936165180702483,1.006853356018509
resnet,bandpass,20,independent,all,ap_STTC_clean_drop,3,-0.0008697470337552341,0.001516186969978477,-0.004636164263896559,0.002896670196386091
resnet,bandpass,20,independent,all,ap_STTC_normalized_robustness,3,1.001137800768452,0.0019480598639474273,0.9962985517957329,1.005977049741171
resnet,bandpass,20,independent,all,auroc_CD_clean_drop,3,-0.0014869356240732416,0.0015751532584764197,-0.005399833235192441,0.002425961987045957
resnet,bandpass,20,independent,all,auroc_CD_normalized_robustness,3,1.0017317398855878,0.0018181072794835726,0.9972153110286709,1.006248168742505
resnet,bandpass,20,independent,all,auroc_HYP_clean_drop,3,-0.0010609567901233758,0.00031948775021116085,-0.001854608358855355,-0.0002673052213913969
resnet,bandpass,20,independent,all,auroc_HYP_normalized_robustness,3,1.0012336593522697,0.0003679442006770183,1.0003196352875594,1.00214768341698
resnet,bandpass,20,independent,all,auroc_MI_clean_drop,3,0.0008878393980598087,0.0013267221285994325,-0.0024079210745668704,0.004183599870686488
resnet,bandpass,20,independent,all,auroc_MI_normalized_robustness,3,0.99894841657026,0.0015616737376513428,0.9950690039451583,1.0028278291953616
resnet,bandpass,20,independent,all,auroc_NORM_clean_drop,3,-0.00034783678962690967,0.0017929588577649221,-0.004801793503762353,0.004106119924508534
resnet,bandpass,20,independent,all,auroc_NORM_normalized_robustness,3,1.0003937468969493,0.0020005667418279893,0.9954240636087625,1.005363430185136
resnet,bandpass,20,independent,all,auroc_STTC_clean_drop,3,-0.0004517593315406983,0.0017061035519215229,-0.004689955504967619,0.0037864368418862224
resnet,bandpass,20,independent,all,auroc_STTC_normalized_robustness,3,1.000499239940499,0.001873859529309917,0.9958443148172752,1.0051541650637228
resnet,bandpass,20,independent,all,f1_CD_clean_drop,3,-0.004813638742210191,0.013008547894611554,-0.03712866314192465,0.02750138565750427
resnet,bandpass,20,independent,all,f1_CD_normalized_robustness,3,1.008641657517057,0.02238090906487017,0.9530443972864471,1.0642389177476668
resnet,bandpass,20,independent,all,f1_HYP_clean_drop,3,0.003771965029462402,0.008376395808883708,-0.017036155687675164,0.02458008574659997
resnet,bandpass,20,independent,all,f1_HYP_normalized_robustness,3,0.9930417044492965,0.014662930769487761,0.9566169651604791,1.029466443738114
resnet,bandpass,20,independent,all,f1_MI_clean_drop,3,0.008197956726656056,0.009914033303714608,-0.016429867278344917,0.03282578073165703
resnet,bandpass,20,independent,all,f1_MI_normalized_robustness,3,0.9860842813953155,0.01697476722970247,0.9439166219723504,1.0282519408182804
resnet,bandpass,20,independent,all,f1_NORM_clean_drop,3,-0.001708711052480531,0.0024756057767576513,-0.007858456721874971,0.00444103461691391
resnet,bandpass,20,independent,all,f1_NORM_normalized_robustness,3,1.00206818800325,0.003001429490779824,0.9946122238161367,1.0095241521903633
resnet,bandpass,20,independent,all,f1_STTC_clean_drop,3,0.002868101118616647,0.0019832643770815468,-0.0020586007128015975,0.007794802950034891
resnet,bandpass,20,independent,all,f1_STTC_normalized_robustness,3,0.9960307598484168,0.002780121778936699,0.9891245544941873,1.0029369652026463
resnet,bandpass,20,independent,all,macro_ap_clean_drop,3,3.0777849367780163e-05,0.0010864988119778961,-0.0026682348232049957,0.002729790521940556
resnet,bandpass,20,independent,all,macro_ap_normalized_robustness,3,0.9999469184062219,0.00152878093790215,0.9961492160254212,1.0037446207870226
resnet,bandpass,20,independent,all,macro_auroc_clean_drop,3,-0.0004919298274608611,0.0011016323215042054,-0.003228536221758609,0.002244676566836887
resnet,bandpass,20,independent,all,macro_auroc_normalized_robustness,3,1.0005676529922296,0.0012692109183795766,0.9974147582857567,1.0037205476987026
resnet,bandpass,20,independent,all,macro_f1_clean_drop,3,0.0016631346160088656,0.0022635595607076436,-0.00395985905146832,0.007286128283486051
resnet,bandpass,20,independent,all,macro_f1_normalized_robustness,3,0.9974243819281493,0.003507398591714731,0.9887115208164388,1.0061372430398599
resnet,bandpass,20,independent_rms,all,ap_CD_clean_drop,3,0.0017675744229534256,0.0019469564314324808,-0.00306893347144291,0.006604082317349762
resnet,bandpass,20,independent_rms,all,ap_CD_normalized_robustness,3,0.9975442756219189,0.0027305980045652773,0.9907610941432322,1.0043274571006058
resnet,bandpass,20,independent_rms,all,ap_HYP_clean_drop,3,-0.0027631491035422875,0.003073467627933885,-0.010398065943842068,0.004871767736757494
resnet,bandpass,20,independent_rms,all,ap_HYP_normalized_robustness,3,1.004421021113472,0.0050354821178515115,0.9919121900878277,1.0169298521391164
resnet,bandpass,20,independent_rms,all,ap_MI_clean_drop,3,0.0017422499811142373,0.002496028326102731,-0.004458228113277769,0.007942728075506243
resnet,bandpass,20,independent_rms,all,ap_MI_normalized_robustness,3,0.997187604337383,0.004066324793649757,0.9870862935693774,1.0072889151053885
resnet,bandpass,20,independent_rms,all,ap_NORM_clean_drop,3,-0.0005685232475036347,0.0025697905215595254,-0.006952236793329091,0.005815190298321823
resnet,bandpass,20,independent_rms,all,ap_NORM_normalized_robustness,3,1.0006851619141417,0.0029977879085131037,0.9932382439188674,1.008132079909416
resnet,bandpass,20,independent_rms,all,ap_STTC_clean_drop,3,-0.0010761236840549266,0.0015395800886030102,-0.004900652642366184,0.00274840527425633
resnet,bandpass,20,independent_rms,all,ap_STTC_normalized_robustness,3,1.0014035720937047,0.0019814736980773313,0.9964813185555303,1.006325825631879
resnet,bandpass,20,independent_rms,all,auroc_CD_clean_drop,3,-0.0018346372142966638,0.00181090457910609,-0.006333173571579713,0.0026638991429863857
resnet,bandpass,20,independent_rms,all,auroc_CD_normalized_robustness,3,1.0021385999809194,0.002090427060026154,0.9969456912875094,1.0073315086743293
resnet,bandpass,20,independent_rms,all,auroc_HYP_clean_drop,3,-0.0012311637618009907,0.00034488793575365533,-0.002087912889323754,-0.0003744146342782277
resnet,bandpass,20,independent_rms,all,auroc_HYP_normalized_robustness,3,1.001432708726899,0.00040460866813636355,1.000427605075893,1.0024378123779052
resnet,bandpass,20,independent_rms,all,auroc_MI_clean_drop,3,0.0008337483422956223,0.0014143658453879006,-0.0026797311924005576,0.0043472278769918025
resnet,bandpass,20,independent_rms,all,auroc_MI_normalized_robustness,3,0.9990151414487295,0.0016649869600942665,0.9948790845516381,1.003151198345821
resnet,bandpass,20,independent_rms,all,auroc_NORM_clean_drop,3,-0.0005605523648219609,0.0019102299249387175,-0.005305826559417426,0.004184721829773505
resnet,bandpass,20,independent_rms,all,auroc_NORM_normalized_robustness,3,1.0006306147569088,0.002132591172565514,0.9953329646014586,1.005928264912359
resnet,bandpass,20,independent_rms,all,auroc_STTC_clean_drop,3,-0.0005204267499347992,0.0016398034866282457,-0.004593924430877222,0.0035530709310076236
resnet,bandpass,20,independent_rms,all,auroc_STTC_normalized_robustness,3,1.000574709211979,0.0018008198448640998,0.9961012247233392,1.0050481937006188
resnet,bandpass,20,independent_rms,all,f1_CD_clean_drop,3,-0.004064847938170783,0.011739542029011984,-0.03322748701075605,0.02509779113441448
resnet,bandpass,20,independent_rms,all,f1_CD_normalized_robustness,3,1.007336833937743,0.02016265825658626,0.9572500141940437,1.0574236536814425
resnet,bandpass,20,independent_rms,all,f1_HYP_clean_drop,3,0.0025858445521445748,0.009119133163221422,-0.020067338036806114,0.02523902714109526
resnet,bandpass,20,independent_rms,all,f1_HYP_normalized_robustness,3,0.9955695021878372,0.016304224108255477,0.9550675642201928,1.0360714401554816
resnet,bandpass,20,independent_rms,all,f1_MI_clean_drop,3,0.007586068245811465,0.005919953178717434,-0.007119910697054511,0.02229204718867744
resnet,bandpass,20,independent_rms,all,f1_MI_normalized_robustness,3,0.9872458745249446,0.010064587313157151,0.9622440536274368,1.0122476954224524
resnet,bandpass,20,independent_rms,all,f1_NORM_clean_drop,3,-0.0028974174843539404,0.0027527135965594598,-0.009735537139130437,0.003940702170422557
resnet,bandpass,20,independent_rms,all,f1_NORM_normalized_robustness,3,1.0035078447462193,0.0033349503039694847,0.9952233689294182,1.0117923205630206
resnet,bandpass,20,independent_rms,all,f1_STTC_clean_drop,3,0.0033261163857922402,0.0013911964272804909,-0.0001298071236247255,0.0067820398952092055
resnet,bandpass,20,independent_rms,all,f1_STTC_normalized_robustness,3,0.9953966795726235,0.001975484850589602,0.9904893031563432,1.0003040559889038
resnet,bandpass,20,independent_rms,all,macro_ap_clean_drop,3,-0.0001795943262066594,0.000857103508054929,-0.0023087574734130256,0.0019495688209997069
resnet,bandpass,20,independent_rms,all,macro_ap_normalized_robustness,3,1.0002469218549435,0.0011973640112908897,0.99727250475984,1.0032213389500468
resnet,bandpass,20,independent_rms,all,macro_auroc_clean_drop,3,-0.0006626063497116771,0.0011892018644790324,-0.0036167475481112383,0.002291534848687884
resnet,bandpass,20,independent_rms,all,macro_auroc_normalized_robustness,3,1.0007637272850953,0.0013709747240974424,0.9973580372711506,1.00416941729904
resnet,bandpass,20,independent_rms,all,macro_f1_clean_drop,3,0.001307152752244763,0.0011248621920179668,-0.0014871598394345811,0.004101465343924107
resnet,bandpass,20,independent_rms,all,macro_f1_normalized_robustness,3,0.9979902892988689,0.0017490758228007376,0.9936453440867927,1.002335234510945
