case_id,condition,mode,snr_db,noise_seed,n_records,final_input_sha256,expected_input_sha256,final_hash_verified,clean_array_sha256,noise_file_sha256,old_q_noise_mismatch_max_abs_error,old_q_input_mismatch_max_abs_error,old_total_snr_mismatch_max_abs_error,identity_mismatch_max_abs_error
E__snr_0__noise_8128,E,,0,8128,2158,b7f3d1fc39ef41f0c7e5fde19c9fdb33643f418220b5beae2b4a25b68357b149,b7f3d1fc39ef41f0c7e5fde19c9fdb33643f418220b5beae2b4a25b68357b149,True,a8d302b6d0b6e62b539ce05c00e740ac2d1450844afe3f861adb2ac5780bd70c,7512f1c76051bbc5596482db08c92d2369bef0e8bed037adbbcad96081dca963,1.9721522630525295e-31,4.235164736271502e-22,9.643274724429524e-16,3.854999239478237e-14
I__snr_0__noise_8128,I,,0,8128,2158,25906cf56405bdae430b0cb33fc5c894b641d005d5e0638db02626962cf86f9b,25906cf56405bdae430b0cb33fc5c894b641d005d5e0638db02626962cf86f9b,True,a8d302b6d0b6e62b539ce05c00e740ac2d1450844afe3f861adb2ac5780bd70c,47d294bffcaf6d165841d52ee0d7de1a8f366d5dc3d5ac88dd9cce04bd065b46,5.551115123125783e-17,8.326672684688674e-17,9.6432746913423e-16,7.105427357601002e-14
S_00__snr_0__noise_8128,S_00,S_00,0,8128,2158,d8002ce68750b6263e1550035c8d1e4ba6bdddad4553ab5abfdabf86d33d5832,d8002ce68750b6263e1550035c8d1e4ba6bdddad4553ab5abfdabf86d33d5832,True,a8d302b6d0b6e62b539ce05c00e740ac2d1450844afe3f861adb2ac5780bd70c,7512f1c76051bbc5596482db08c92d2369bef0e8bed037adbbcad96081dca963,5.551115123125783e-17,8.326672684688674e-17,9.643274724429524e-16,9.370282327836321e-14
S_01__snr_0__noise_8128,S_01,S_01,0,8128,2158,c9f7302b910ac1c991a30860748f9e5442d831a3241db514a8c540df070993c3,c9f7302b910ac1c991a30860748f9e5442d831a3241db514a8c540df070993c3,True,a8d302b6d0b6e62b539ce05c00e740ac2d1450844afe3f861adb2ac5780bd70c,7512f1c76051bbc5596482db08c92d2369bef0e8bed037adbbcad96081dca963,5.551115123125783e-17,8.326672684688674e-17,9.643274724429524e-16,6.59472476627343e-14
S_02__snr_0__noise_8128,S_02,S_02,0,8128,2158,52a6eda45b5f7e5522b1c14e8947c74c778cc70bfe9dbe5e13fac08a229dbb73,52a6eda45b5f7e5522b1c14e8947c74c778cc70bfe9dbe5e13fac08a229dbb73,True,a8d302b6d0b6e62b539ce05c00e740ac2d1450844afe3f861adb2ac5780bd70c,7512f1c76051bbc5596482db08c92d2369bef0e8bed037adbbcad96081dca963,8.326672684688674e-17,9.71445146547012e-17,9.643274724429524e-16,5.573319583618286e-14
S_03__snr_0__noise_8128,S_03,S_03,0,8128,2158,986bf33a5449edbf1ab9173efd61e23024b77dee4fc5bd019f53b33069bf9e88,986bf33a5449edbf1ab9173efd61e23024b77dee4fc5bd019f53b33069bf9e88,True,a8d302b6d0b6e62b539ce05c00e740ac2d1450844afe3f861adb2ac5780bd70c,7512f1c76051bbc5596482db08c92d2369bef0e8bed037adbbcad96081dca963,0.0,5.551115123125783e-17,9.6432746913423e-16,1.1812772982011666e-13
S_04__snr_0__noise_8128,S_04,S_04,0,8128,2158,b8f21b8e699c0484d5d41c0f65f5e04a317c893ba24bc896773f541e7baec595,b8f21b8e699c0484d5d41c0f65f5e04a317c893ba24bc896773f541e7baec595,True,a8d302b6d0b6e62b539ce05c00e740ac2d1450844afe3f861adb2ac5780bd70c,7512f1c76051bbc5596482db08c92d2369bef0e8bed037adbbcad96081dca963,5.551115123125783e-17,8.326672684688674e-17,9.643274707885912e-16,1.0258460747536446e-13
E__snr_0__noise_101,E,,0,101,2158,e372ac625f7d1fdca9a8dbef6073c43da2445cc0f77fffa03ae2ab075bb8f2b5,e372ac625f7d1fdca9a8dbef6073c43da2445cc0f77fffa03ae2ab075bb8f2b5,True,a8d302b6d0b6e62b539ce05c00e740ac2d1450844afe3f861adb2ac5780bd70c,d7065fd6d9b574ff1fec470e4734308578ce987948669f991f871ee621951480,1.9721522630525295e-31,4.235164736271502e-22,9.643274724429524e-16,3.702622374486867e-14
I__snr_0__noise_101,I,,0,101,2158,645e88fea28f6de2c9c8bec7fe9f5dc382fd647d827b1a0a1dea643a9dcb6653,645e88fea28f6de2c9c8bec7fe9f5dc382fd647d827b1a0a1dea643a9dcb6653,True,a8d302b6d0b6e62b539ce05c00e740ac2d1450844afe3f861adb2ac5780bd70c,eb3c3b3ee1ef1b035a150ab29ded1ec2521673be2722203613588abe6cd4787c,5.551115123125783e-17,8.326672684688674e-17,9.643274707885912e-16,7.505107646466058e-14
S_00__snr_0__noise_101,S_00,S_00,0,101,2158,90d43cf6d4d340502be9500dc2ad9e31ae28d1b5f7ab521277522775383393d1,90d43cf6d4d340502be9500dc2ad9e31ae28d1b5f7ab521277522775383393d1,True,a8d302b6d0b6e62b539ce05c00e740ac2d1450844afe3f861adb2ac5780bd70c,d7065fd6d9b574ff1fec470e4734308578ce987948669f991f871ee621951480,5.551115123125783e-17,8.326672684688674e-17,9.6432746913423e-16,9.592326932761353e-14
S_01__snr_0__noise_101,S_01,S_01,0,101,2158,4ad0282d0762b557311cf9f985d2c81a54b7c9fafba60fbe893e56e380fd3455,4ad0282d0762b557311cf9f985d2c81a54b7c9fafba60fbe893e56e380fd3455,True,a8d302b6d0b6e62b539ce05c00e740ac2d1450844afe3f861adb2ac5780bd70c,d7065fd6d9b574ff1fec470e4734308578ce987948669f991f871ee621951480,5.551115123125783e-17,8.326672684688674e-17,9.643274707885912e-16,6.861178292183467e-14
S_02__snr_0__noise_101,S_02,S_02,0,101,2158,43fe10a8d4abf5de6f97fb7e442444f1db4ec8dd1407c90028db84ef687c59ac,43fe10a8d4abf5de6f97fb7e442444f1db4ec8dd1407c90028db84ef687c59ac,True,a8d302b6d0b6e62b539ce05c00e740ac2d1450844afe3f861adb2ac5780bd70c,d7065fd6d9b574ff1fec470e4734308578ce987948669f991f871ee621951480,8.326672684688674e-17,9.71445146547012e-17,9.643274699614106e-16,5.284661597215745e-14
S_03__snr_0__noise_101,S_03,S_03,0,101,2158,cc5bf2a4548b36caac0a0e1aa910f877099e531dd330be45be556718f7849475,cc5bf2a4548b36caac0a0e1aa910f877099e531dd330be45be556718f7849475,True,a8d302b6d0b6e62b539ce05c00e740ac2d1450844afe3f861adb2ac5780bd70c,d7065fd6d9b574ff1fec470e4734308578ce987948669f991f871ee621951480,0.0,5.551115123125783e-17,9.643274724429524e-16,1.1501910535116622e-13
S_04__snr_0__noise_101,S_04,S_04,0,101,2158,a7ff5fef66b4be39830a4586ec7981ab1076a5edb5b5afc3f1aee6a9793ccd33,a7ff5fef66b4be39830a4586ec7981ab1076a5edb5b5afc3f1aee6a9793ccd33,True,a8d302b6d0b6e62b539ce05c00e740ac2d1450844afe3f861adb2ac5780bd70c,d7065fd6d9b574ff1fec470e4734308578ce987948669f991f871ee621951480,5.551115123125783e-17,8.326672684688674e-17,9.643274707885912e-16,9.325873406851315e-14
E__snr_0__noise_202,E,,0,202,2158,ebb2e60939c20fbdc7021b503b4154d20dc64e8743aade8ff0162325fc376218,ebb2e60939c20fbdc7021b503b4154d20dc64e8743aade8ff0162325fc376218,True,a8d302b6d0b6e62b539ce05c00e740ac2d1450844afe3f861adb2ac5780bd70c,c0e0a644d5ed6e0ac3f36e139ed21dadf40ce52f326bf6cab35e525ebe8f405e,1.9721522630525295e-31,4.235164736271502e-22,9.6432746913423e-16,4.01239339825355e-14
I__snr_0__noise_202,I,,0,202,2158,9a7b17eb56d13c02a6119fbf3ac49a8f4c072a45c83d59c83a6ebf5003739c85,9a7b17eb56d13c02a6119fbf3ac49a8f4c072a45c83d59c83a6ebf5003739c85,True,a8d302b6d0b6e62b539ce05c00e740ac2d1450844afe3f861adb2ac5780bd70c,7189a8040f2fd3304c697405a4a4a92884c3f4242e1c818593ac2f2362847bd8,5.551115123125783e-17,8.326672684688674e-17,9.6432746913423e-16,7.149836278586008e-14
S_00__snr_0__noise_202,S_00,S_00,0,202,2158,81b02d3e282ab4b3f42d5d0c575a4d09e2d59536d14c51a69cc095976009c5cf,81b02d3e282ab4b3f42d5d0c575a4d09e2d59536d14c51a69cc095976009c5cf,True,a8d302b6d0b6e62b539ce05c00e740ac2d1450844afe3f861adb2ac5780bd70c,c0e0a644d5ed6e0ac3f36e139ed21dadf40ce52f326bf6cab35e525ebe8f405e,5.551115123125783e-17,8.326672684688674e-17,9.643274707885912e-16,9.681144774731365e-14
S_01__snr_0__noise_202,S_01,S_01,0,202,2158,d1627539fea69ee46eed5057e4180b83b2c1e03f2ce562dfa1d490115aa55b1b,d1627539fea69ee46eed5057e4180b83b2c1e03f2ce562dfa1d490115aa55b1b,True,a8d302b6d0b6e62b539ce05c00e740ac2d1450844afe3f861adb2ac5780bd70c,c0e0a644d5ed6e0ac3f36e139ed21dadf40ce52f326bf6cab35e525ebe8f405e,5.551115123125783e-17,8.326672684688674e-17,9.6432746913423e-16,7.283063041541027e-14
S_02__snr_0__noise_202,S_02,S_02,0,202,2158,76117846ba6cc9a42740cd9c8c39cd3963a887d4f40cde7507fed6ea27b99d6a,76117846ba6cc9a42740cd9c8c39cd3963a887d4f40cde7507fed6ea27b99d6a,True,a8d302b6d0b6e62b539ce05c00e740ac2d1450844afe3f861adb2ac5780bd70c,c0e0a644d5ed6e0ac3f36e139ed21dadf40ce52f326bf6cab35e525ebe8f405e,8.326672684688674e-17,9.71445146547012e-17,9.643274707885912e-16,7.061018436615996e-14
S_03__snr_0__noise_202,S_03,S_03,0,202,2158,36d8235f153150a3a4457843d3a947717c5f737165cb76e9f0f89100d22a9a3b,36d8235f153150a3a4457843d3a947717c5f737165cb76e9f0f89100d22a9a3b,True,a8d302b6d0b6e62b539ce05c00e740ac2d1450844afe3f861adb2ac5780bd70c,c0e0a644d5ed6e0ac3f36e139ed21dadf40ce52f326bf6cab35e525ebe8f405e,0.0,5.551115123125783e-17,9.643274707885912e-16,1.1679546219056647e-13
S_04__snr_0__noise_202,S_04,S_04,0,202,2158,acb3e1dc020f2b6379ef63cdc75972488193be9f6335d6963c01d54100be8893,acb3e1dc020f2b6379ef63cdc75972488193be9f6335d6963c01d54100be8893,True,a8d302b6d0b6e62b539ce05c00e740ac2d1450844afe3f861adb2ac5780bd70c,c0e0a644d5ed6e0ac3f36e139ed21dadf40ce52f326bf6cab35e525ebe8f405e,5.551115123125783e-17,8.326672684688674e-17,9.643274707885912e-16,1.1368683772161603e-13
E__snr_0__noise_303,E,,0,303,2158,b857ed34aea876a9ea653fb6930a38eb9b517ecf2c81adc409178a704a80ef37,b857ed34aea876a9ea653fb6930a38eb9b517ecf2c81adc409178a704a80ef37,True,a8d302b6d0b6e62b539ce05c00e740ac2d1450844afe3f861adb2ac5780bd70c,b9f652b0118957b55f6801102beef515f20bdd36044b5608f8353483a8858c02,1.9721522630525295e-31,4.235164736271502e-22,9.6432746913423e-16,3.841384116587366e-14
I__snr_0__noise_303,I,,0,303,2158,e7d0b59426ed89bc126f168ab5470e76731871a876717d4759ed05591d438457,e7d0b59426ed89bc126f168ab5470e76731871a876717d4759ed05591d438457,True,a8d302b6d0b6e62b539ce05c00e740ac2d1450844afe3f861adb2ac5780bd70c,e13c17f81e300bd44ea3c63a5dea9cc0f85a750d1d62f947459756db48ed5527,5.551115123125783e-17,8.326672684688674e-17,9.643274707885912e-16,7.549516567451064e-14
S_00__snr_0__noise_303,S_00,S_00,0,303,2158,fd433d20cb8bb5b1561e3cc2690233c19cb634445bd5684d427ed37b5f8dbf77,fd433d20cb8bb5b1561e3cc2690233c19cb634445bd5684d427ed37b5f8dbf77,True,a8d302b6d0b6e62b539ce05c00e740ac2d1450844afe3f861adb2ac5780bd70c,b9f652b0118957b55f6801102beef515f20bdd36044b5608f8353483a8858c02,5.551115123125783e-17,8.326672684688674e-17,9.643274707885912e-16,9.769962616701378e-14
S_01__snr_0__noise_303,S_01,S_01,0,303,2158,2256b4467948b0a0b9b63b5dd0f3c021dcd8f62f254d5f2cda5b979325a9d4c5,2256b4467948b0a0b9b63b5dd0f3c021dcd8f62f254d5f2cda5b979325a9d4c5,True,a8d302b6d0b6e62b539ce05c00e740ac2d1450844afe3f861adb2ac5780bd70c,b9f652b0118957b55f6801102beef515f20bdd36044b5608f8353483a8858c02,5.551115123125783e-17,8.326672684688674e-17,9.643274707885912e-16,6.550315845288424e-14
S_02__snr_0__noise_303,S_02,S_02,0,303,2158,0c1475cb9bdf7baa725feb40b8e11bbbced799a3087f760fb161e6eeaac10d2f,0c1475cb9bdf7baa725feb40b8e11bbbced799a3087f760fb161e6eeaac10d2f,True,a8d302b6d0b6e62b539ce05c00e740ac2d1450844afe3f861adb2ac5780bd70c,b9f652b0118957b55f6801102beef515f20bdd36044b5608f8353483a8858c02,8.326672684688674e-17,9.71445146547012e-17,9.6432746913423e-16,5.595524044110789e-14
S_03__snr_0__noise_303,S_03,S_03,0,303,2158,0a5dbfefdf89023f828bb9da523bf17c1024f6ca36de0def26e421b527531de8,0a5dbfefdf89023f828bb9da523bf17c1024f6ca36de0def26e421b527531de8,True,a8d302b6d0b6e62b539ce05c00e740ac2d1450844afe3f861adb2ac5780bd70c,b9f652b0118957b55f6801102beef515f20bdd36044b5608f8353483a8858c02,0.0,5.551115123125783e-17,9.6432746913423e-16,1.3145040611561853e-13
S_04__snr_0__noise_303,S_04,S_04,0,303,2158,996b22338e6af6297773acb333db26f96bb80d2ed5404a31fe706eb5c9740477,996b22338e6af6297773acb333db26f96bb80d2ed5404a31fe706eb5c9740477,True,a8d302b6d0b6e62b539ce05c00e740ac2d1450844afe3f861adb2ac5780bd70c,b9f652b0118957b55f6801102beef515f20bdd36044b5608f8353483a8858c02,5.551115123125783e-17,8.326672684688674e-17,9.643274707885912e-16,9.681144774731365e-14
E__snr_0__noise_404,E,,0,404,2158,0cbfd65142656d2a4539e8a5e14d4477612faf9c6c24ff0f5d758e573cb0c418,0cbfd65142656d2a4539e8a5e14d4477612faf9c6c24ff0f5d758e573cb0c418,True,a8d302b6d0b6e62b539ce05c00e740ac2d1450844afe3f861adb2ac5780bd70c,3ecb1fa9eec25d23e26ba589e96d8c7e17183719e988befdac59c63d8117066c,9.860761315262648e-32,4.235164736271502e-22,9.6432746913423e-16,4.7362289820439144e-14
I__snr_0__noise_404,I,,0,404,2158,b9685535e0d715ed9954ee60e7ab5fe88109a982718286ff18519e20e4dca459,b9685535e0d715ed9954ee60e7ab5fe88109a982718286ff18519e20e4dca459,True,a8d302b6d0b6e62b539ce05c00e740ac2d1450844afe3f861adb2ac5780bd70c,e82ba1f043d26993e5a48c31e1b3e22b191ea5c1b9a5a16adca120ac5c276797,5.551115123125783e-17,8.326672684688674e-17,9.6432746913423e-16,7.638334409421077e-14
S_00__snr_0__noise_404,S_00,S_00,0,404,2158,4e528fa2a3e4d36f95fec6f366ca9be4a3dd927b1662cd5897a3fca3612237d3,4e528fa2a3e4d36f95fec6f366ca9be4a3dd927b1662cd5897a3fca3612237d3,True,a8d302b6d0b6e62b539ce05c00e740ac2d1450844afe3f861adb2ac5780bd70c,3ecb1fa9eec25d23e26ba589e96d8c7e17183719e988befdac59c63d8117066c,5.551115123125783e-17,8.326672684688674e-17,9.6432746913423e-16,1.0080825063596421e-13
S_01__snr_0__noise_404,S_01,S_01,0,404,2158,2d5b4a43a7cfe3291eec467be6e7752537981af714ac9e44c49310918e3495d4,2d5b4a43a7cfe3291eec467be6e7752537981af714ac9e44c49310918e3495d4,True,a8d302b6d0b6e62b539ce05c00e740ac2d1450844afe3f861adb2ac5780bd70c,3ecb1fa9eec25d23e26ba589e96d8c7e17183719e988befdac59c63d8117066c,5.551115123125783e-17,8.326672684688674e-17,9.6432746913423e-16,8.748557434046234e-14
S_02__snr_0__noise_404,S_02,S_02,0,404,2158,ec7a37a084c48127dd766ab0f2a5514c03bac4e7add5633ae53fb080ee3df161,ec7a37a084c48127dd766ab0f2a5514c03bac4e7add5633ae53fb080ee3df161,True,a8d302b6d0b6e62b539ce05c00e740ac2d1450844afe3f861adb2ac5780bd70c,3ecb1fa9eec25d23e26ba589e96d8c7e17183719e988befdac59c63d8117066c,8.326672684688674e-17,9.71445146547012e-17,9.6432746913423e-16,6.084022174945858e-14
S_03__snr_0__noise_404,S_03,S_03,0,404,2158,a7ed9afb43036ca8426e27f9c415d6e83ffe692f9be2f39d14f5630ec85ea304,a7ed9afb43036ca8426e27f9c415d6e83ffe692f9be2f39d14f5630ec85ea304,True,a8d302b6d0b6e62b539ce05c00e740ac2d1450844afe3f861adb2ac5780bd70c,3ecb1fa9eec25d23e26ba589e96d8c7e17183719e988befdac59c63d8117066c,0.0,5.551115123125783e-17,9.6432746913423e-16,1.163513729807164e-13
S_04__snr_0__noise_404,S_04,S_04,0,404,2158,cadb66b021dabaa8bcd58f7061a6088a40fc7a521723b466cc360f63b9af3cb6,cadb66b021dabaa8bcd58f7061a6088a40fc7a521723b466cc360f63b9af3cb6,True,a8d302b6d0b6e62b539ce05c00e740ac2d1450844afe3f861adb2ac5780bd70c,3ecb1fa9eec25d23e26ba589e96d8c7e17183719e988befdac59c63d8117066c,5.551115123125783e-17,8.326672684688674e-17,9.643274707885912e-16,9.281464485866309e-14
E__snr_0__noise_505,E,,0,505,2158,42b6424cc834cef160a7cb3f74c5dfcc17f21eeab757205a60a26c8986fbff79,42b6424cc834cef160a7cb3f74c5dfcc17f21eeab757205a60a26c8986fbff79,True,a8d302b6d0b6e62b539ce05c00e740ac2d1450844afe3f861adb2ac5780bd70c,9e79af8cba0049d73d4f0c1085a5bebc0bf7e147a2da8180a78db483305ff608,9.860761315262648e-32,4.235164736271502e-22,9.643274724429524e-16,3.552062395167357e-14
I__snr_0__noise_505,I,,0,505,2158,ce3dcc966a294de3f65ce5c8391a420750abbaa2fd697122f8d6836e7100a9aa,ce3dcc966a294de3f65ce5c8391a420750abbaa2fd697122f8d6836e7100a9aa,True,a8d302b6d0b6e62b539ce05c00e740ac2d1450844afe3f861adb2ac5780bd70c,89dd82d390a27962d3a33da1395e0dd9f6a5907f854c71ebd0f40cfc375c9a99,5.551115123125783e-17,8.326672684688674e-17,9.643274707885912e-16,8.08242361927114e-14
S_00__snr_0__noise_505,S_00,S_00,0,505,2158,ae3e295190787e1bd5a143a7eaa8fdce8f11cd42d11a9a3791f5299eeff3701c,ae3e295190787e1bd5a143a7eaa8fdce8f11cd42d11a9a3791f5299eeff3701c,True,a8d302b6d0b6e62b539ce05c00e740ac2d1450844afe3f861adb2ac5780bd70c,9e79af8cba0049d73d4f0c1085a5bebc0bf7e147a2da8180a78db483305ff608,5.551115123125783e-17,8.326672684688674e-17,9.643274724429524e-16,9.50350909079134e-14
S_01__snr_0__noise_505,S_01,S_01,0,505,2158,9e9bdcb7613e1993e72746811d7aa1b1523c3c62f5413b995d7fe4a09c4607b9,9e9bdcb7613e1993e72746811d7aa1b1523c3c62f5413b995d7fe4a09c4607b9,True,a8d302b6d0b6e62b539ce05c00e740ac2d1450844afe3f861adb2ac5780bd70c,9e79af8cba0049d73d4f0c1085a5bebc0bf7e147a2da8180a78db483305ff608,5.551115123125783e-17,8.326672684688674e-17,9.643274707885912e-16,6.683542608243442e-14
S_02__snr_0__noise_505,S_02,S_02,0,505,2158,e893cadcb9ef1d532d7ad12fb1f73c51d8d4d761210526a198057c5f8f1537b2,e893cadcb9ef1d532d7ad12fb1f73c51d8d4d761210526a198057c5f8f1537b2,True,a8d302b6d0b6e62b539ce05c00e740ac2d1450844afe3f861adb2ac5780bd70c,9e79af8cba0049d73d4f0c1085a5bebc0bf7e147a2da8180a78db483305ff608,8.326672684688674e-17,9.71445146547012e-17,9.6432746913423e-16,5.5289106626332796e-14
S_03__snr_0__noise_505,S_03,S_03,0,505,2158,0af5d79b14d7f78bafb7ed96dc03db3a6256b9ab9182abe14ff92f9c44d0576e,0af5d79b14d7f78bafb7ed96dc03db3a6256b9ab9182abe14ff92f9c44d0576e,True,a8d302b6d0b6e62b539ce05c00e740ac2d1450844afe3f861adb2ac5780bd70c,9e79af8cba0049d73d4f0c1085a5bebc0bf7e147a2da8180a78db483305ff608,0.0,5.551115123125783e-17,9.643274699614106e-16,1.2034817586936697e-13
S_04__snr_0__noise_505,S_04,S_04,0,505,2158,f8a31c608de4d430c74ced1cdd75f1d6c4e31d19e21e1988440832134d12edc0,f8a31c608de4d430c74ced1cdd75f1d6c4e31d19e21e1988440832134d12edc0,True,a8d302b6d0b6e62b539ce05c00e740ac2d1450844afe3f861adb2ac5780bd70c,9e79af8cba0049d73d4f0c1085a5bebc0bf7e147a2da8180a78db483305ff608,5.551115123125783e-17,8.326672684688674e-17,9.6432746913423e-16,1.0080825063596421e-13
E__snr_5__noise_8128,E,,5,8128,2158,a114022f00f77977526a8a7b16dd997e3a58abcbd77c090af1d926369049c636,a114022f00f77977526a8a7b16dd997e3a58abcbd77c090af1d926369049c636,True,a8d302b6d0b6e62b539ce05c00e740ac2d1450844afe3f861adb2ac5780bd70c,7512f1c76051bbc5596482db08c92d2369bef0e8bed037adbbcad96081dca963,3.944304526105059e-31,8.470329472543003e-22,1.7763568394002505e-15,4.973799150320701e-14
I__snr_5__noise_8128,I,,5,8128,2158,9ac7f1df732224f4a0a2fc01ed414b32fdc10d4ec73eead7d7e5fff91a464581,9ac7f1df732224f4a0a2fc01ed414b32fdc10d4ec73eead7d7e5fff91a464581,True,a8d302b6d0b6e62b539ce05c00e740ac2d1450844afe3f861adb2ac5780bd70c,47d294bffcaf6d165841d52ee0d7de1a8f366d5dc3d5ac88dd9cce04bd065b46,5.551115123125783e-17,9.71445146547012e-17,2.6645352591003757e-15,7.993605777301127e-14
S_00__snr_5__noise_8128,S_00,S_00,5,8128,2158,ee82eeee14bc94ae2d245352f6a09c5cd4f491fd0d22f6a36c057227de67b495,ee82eeee14bc94ae2d245352f6a09c5cd4f491fd0d22f6a36c057227de67b495,True,a8d302b6d0b6e62b539ce05c00e740ac2d1450844afe3f861adb2ac5780bd70c,7512f1c76051bbc5596482db08c92d2369bef0e8bed037adbbcad96081dca963,5.551115123125783e-17,9.71445146547012e-17,2.6645352591003757e-15,8.704148513061227e-14
S_01__snr_5__noise_8128,S_01,S_01,5,8128,2158,c8272954b33e2dff3b78c62ffddebcaf5084cec56ceb3573f8807c84573c59f8,c8272954b33e2dff3b78c62ffddebcaf5084cec56ceb3573f8807c84573c59f8,True,a8d302b6d0b6e62b539ce05c00e740ac2d1450844afe3f861adb2ac5780bd70c,7512f1c76051bbc5596482db08c92d2369bef0e8bed037adbbcad96081dca963,5.551115123125783e-17,9.71445146547012e-17,1.7763568394002505e-15,7.549516567451064e-14
S_02__snr_5__noise_8128,S_02,S_02,5,8128,2158,5f102e6e1a44893b0d2a5d9839af5c7ce56803cb4ba830c7d5e171a2f7db9afe,5f102e6e1a44893b0d2a5d9839af5c7ce56803cb4ba830c7d5e171a2f7db9afe,True,a8d302b6d0b6e62b539ce05c00e740ac2d1450844afe3f861adb2ac5780bd70c,7512f1c76051bbc5596482db08c92d2369bef0e8bed037adbbcad96081dca963,8.326672684688674e-17,9.71445146547012e-17,2.6645352591003757e-15,5.861977570020827e-14
S_03__snr_5__noise_8128,S_03,S_03,5,8128,2158,d61624ecf68da033a71fecaa57ab4a3c3d7f02426b68b05c0097ce83b7921f4e,d61624ecf68da033a71fecaa57ab4a3c3d7f02426b68b05c0097ce83b7921f4e,True,a8d302b6d0b6e62b539ce05c00e740ac2d1450844afe3f861adb2ac5780bd70c,7512f1c76051bbc5596482db08c92d2369bef0e8bed037adbbcad96081dca963,0.0,8.326672684688674e-17,2.6645352591003757e-15,1.1901590823981678e-13
S_04__snr_5__noise_8128,S_04,S_04,5,8128,2158,fea77e37ae16ec43e446648650fd66da27ca5f8f74fd608084a41662d4eeca3c,fea77e37ae16ec43e446648650fd66da27ca5f8f74fd608084a41662d4eeca3c,True,a8d302b6d0b6e62b539ce05c00e740ac2d1450844afe3f861adb2ac5780bd70c,7512f1c76051bbc5596482db08c92d2369bef0e8bed037adbbcad96081dca963,5.551115123125783e-17,9.71445146547012e-17,1.7763568394002505e-15,9.947598300641403e-14
E__snr_5__noise_101,E,,5,101,2158,a9b52831e24c7768419b845bb3083af3c8a16ec5e32b5fdb5b13c78d41daae5a,a9b52831e24c7768419b845bb3083af3c8a16ec5e32b5fdb5b13c78d41daae5a,True,a8d302b6d0b6e62b539ce05c00e740ac2d1450844afe3f861adb2ac5780bd70c,d7065fd6d9b574ff1fec470e4734308578ce987948669f991f871ee621951480,3.944304526105059e-31,1.6940658945086007e-21,2.6645352591003757e-15,5.3290705182007514e-14
I__snr_5__noise_101,I,,5,101,2158,d49ac1d77ee75afd3789bb2ceff039ce8d719c2ca6f6a349c9c17f7098b08599,d49ac1d77ee75afd3789bb2ceff039ce8d719c2ca6f6a349c9c17f7098b08599,True,a8d302b6d0b6e62b539ce05c00e740ac2d1450844afe3f861adb2ac5780bd70c,eb3c3b3ee1ef1b035a150ab29ded1ec2521673be2722203613588abe6cd4787c,5.551115123125783e-17,9.71445146547012e-17,1.7763568394002505e-15,7.37188088351104e-14
S_00__snr_5__noise_101,S_00,S_00,5,101,2158,220e36ea2d5ba55aec5527fcad1de662c00e615ace2c96f2dfaa1568f2e29239,220e36ea2d5ba55aec5527fcad1de662c00e615ace2c96f2dfaa1568f2e29239,True,a8d302b6d0b6e62b539ce05c00e740ac2d1450844afe3f861adb2ac5780bd70c,d7065fd6d9b574ff1fec470e4734308578ce987948669f991f871ee621951480,5.551115123125783e-17,9.71445146547012e-17,1.7763568394002505e-15,1.0746958878371515e-13
S_01__snr_5__noise_101,S_01,S_01,5,101,2158,1c617233abf5903b44e133e3f2b7a1b85de584c237de5867e6895bd3d9a3b9e4,1c617233abf5903b44e133e3f2b7a1b85de584c237de5867e6895bd3d9a3b9e4,True,a8d302b6d0b6e62b539ce05c00e740ac2d1450844afe3f861adb2ac5780bd70c,d7065fd6d9b574ff1fec470e4734308578ce987948669f991f871ee621951480,5.551115123125783e-17,9.71445146547012e-17,1.7763568394002505e-15,8.171241461241152e-14
S_02__snr_5__noise_101,S_02,S_02,5,101,2158,7266ec7b8bf2df1245bc226e6bbb923f158c90a0444d4c318ec7d156ed85c9fe,7266ec7b8bf2df1245bc226e6bbb923f158c90a0444d4c318ec7d156ed85c9fe,True,a8d302b6d0b6e62b539ce05c00e740ac2d1450844afe3f861adb2ac5780bd70c,d7065fd6d9b574ff1fec470e4734308578ce987948669f991f871ee621951480,8.326672684688674e-17,9.71445146547012e-17,2.6645352591003757e-15,7.016609515630989e-14
S_03__snr_5__noise_101,S_03,S_03,5,101,2158,6dfa7072dcf03f17a856da75de3574de9a060b552492c0f5111be0d18e76565a,6dfa7072dcf03f17a856da75de3574de9a060b552492c0f5111be0d18e76565a,True,a8d302b6d0b6e62b539ce05c00e740ac2d1450844afe3f861adb2ac5780bd70c,d7065fd6d9b574ff1fec470e4734308578ce987948669f991f871ee621951480,0.0,8.326672684688674e-17,2.6645352591003757e-15,1.2256862191861728e-13
S_04__snr_5__noise_101,S_04,S_04,5,101,2158,1610c4ab26f0f163c30ecca0d33f3bf35c8cf37ff7e3328ed27a5165a8960607,1610c4ab26f0f163c30ecca0d33f3bf35c8cf37ff7e3328ed27a5165a8960607,True,a8d302b6d0b6e62b539ce05c00e740ac2d1450844afe3f861adb2ac5780bd70c,d7065fd6d9b574ff1fec470e4734308578ce987948669f991f871ee621951480,5.551115123125783e-17,9.71445146547012e-17,1.7763568394002505e-15,1.0480505352461478e-13
E__snr_5__noise_202,E,,5,202,2158,6c3f29be5575354876cd0d27a39ced457ab439a24964f15c6afe323c5cda1cd5,6c3f29be5575354876cd0d27a39ced457ab439a24964f15c6afe323c5cda1cd5,True,a8d302b6d0b6e62b539ce05c00e740ac2d1450844afe3f861adb2ac5780bd70c,c0e0a644d5ed6e0ac3f36e139ed21dadf40ce52f326bf6cab35e525ebe8f405e,3.944304526105059e-31,8.470329472543003e-22,1.7763568394002505e-15,4.707345624410664e-14
I__snr_5__noise_202,I,,5,202,2158,0360ee49bce1989641f1db50607d38189be93cd3e3f0c15d2967aeceb8879683,0360ee49bce1989641f1db50607d38189be93cd3e3f0c15d2967aeceb8879683,True,a8d302b6d0b6e62b539ce05c00e740ac2d1450844afe3f861adb2ac5780bd70c,7189a8040f2fd3304c697405a4a4a92884c3f4242e1c818593ac2f2362847bd8,5.551115123125783e-17,9.71445146547012e-17,1.7763568394002505e-15,7.460698725481052e-14
S_00__snr_5__noise_202,S_00,S_00,5,202,2158,300a38d999658a54359a89a95def721048f44ce9a071c41982a765edaf761244,300a38d999658a54359a89a95def721048f44ce9a071c41982a765edaf761244,True,a8d302b6d0b6e62b539ce05c00e740ac2d1450844afe3f861adb2ac5780bd70c,c0e0a644d5ed6e0ac3f36e139ed21dadf40ce52f326bf6cab35e525ebe8f405e,5.551115123125783e-17,9.71445146547012e-17,1.7763568394002505e-15,1.0125233984581428e-13
S_01__snr_5__noise_202,S_01,S_01,5,202,2158,509d4e518a0012a3599f0a8cbd666ee1194f5301d8354d17322bac2e678bf9b4,509d4e518a0012a3599f0a8cbd666ee1194f5301d8354d17322bac2e678bf9b4,True,a8d302b6d0b6e62b539ce05c00e740ac2d1450844afe3f861adb2ac5780bd70c,c0e0a644d5ed6e0ac3f36e139ed21dadf40ce52f326bf6cab35e525ebe8f405e,5.551115123125783e-17,9.71445146547012e-17,1.7763568394002505e-15,7.460698725481052e-14
S_02__snr_5__noise_202,S_02,S_02,5,202,2158,1f9b02f54ce7e10b5a3c237f148e53cb639ec168b934291cf5ce5cad7d3e210d,1f9b02f54ce7e10b5a3c237f148e53cb639ec168b934291cf5ce5cad7d3e210d,True,a8d302b6d0b6e62b539ce05c00e740ac2d1450844afe3f861adb2ac5780bd70c,c0e0a644d5ed6e0ac3f36e139ed21dadf40ce52f326bf6cab35e525ebe8f405e,8.326672684688674e-17,9.71445146547012e-17,2.6645352591003757e-15,5.861977570020827e-14
S_03__snr_5__noise_202,S_03,S_03,5,202,2158,2066be0efc36ca9d5023e88c16b1e893fa6599620639669726b26958563314bb,2066be0efc36ca9d5023e88c16b1e893fa6599620639669726b26958563314bb,True,a8d302b6d0b6e62b539ce05c00e740ac2d1450844afe3f861adb2ac5780bd70c,c0e0a644d5ed6e0ac3f36e139ed21dadf40ce52f326bf6cab35e525ebe8f405e,0.0,8.326672684688674e-17,1.7763568394002505e-15,1.1901590823981678e-13
S_04__snr_5__noise_202,S_04,S_04,5,202,2158,815d5b1636c51116dcf6a59e9dfe03a32ebe86fdde6e875d419f492985a353c8,815d5b1636c51116dcf6a59e9dfe03a32ebe86fdde6e875d419f492985a353c8,True,a8d302b6d0b6e62b539ce05c00e740ac2d1450844afe3f861adb2ac5780bd70c,c0e0a644d5ed6e0ac3f36e139ed21dadf40ce52f326bf6cab35e525ebe8f405e,5.551115123125783e-17,9.71445146547012e-17,1.7763568394002505e-15,1.1013412404281553e-13
E__snr_5__noise_303,E,,5,303,2158,11085aab3b59af30ed304293a4d6b71096b369fe6a48bc66e37a8d7f0b8ef749,11085aab3b59af30ed304293a4d6b71096b369fe6a48bc66e37a8d7f0b8ef749,True,a8d302b6d0b6e62b539ce05c00e740ac2d1450844afe3f861adb2ac5780bd70c,b9f652b0118957b55f6801102beef515f20bdd36044b5608f8353483a8858c02,3.944304526105059e-31,8.470329472543003e-22,1.7763568394002505e-15,4.529709940470639e-14
I__snr_5__noise_303,I,,5,303,2158,c20aab6721faa0e8591c24d76190edbb47049c50f9ed46c7a86ae50545ff5794,c20aab6721faa0e8591c24d76190edbb47049c50f9ed46c7a86ae50545ff5794,True,a8d302b6d0b6e62b539ce05c00e740ac2d1450844afe3f861adb2ac5780bd70c,e13c17f81e300bd44ea3c63a5dea9cc0f85a750d1d62f947459756db48ed5527,5.551115123125783e-17,9.71445146547012e-17,2.6645352591003757e-15,7.460698725481052e-14
S_00__snr_5__noise_303,S_00,S_00,5,303,2158,e147144e3e36f1d2fe4bed6ecd3453f2e12e6d773039628d91467954594c7f71,e147144e3e36f1d2fe4bed6ecd3453f2e12e6d773039628d91467954594c7f71,True,a8d302b6d0b6e62b539ce05c00e740ac2d1450844afe3f861adb2ac5780bd70c,b9f652b0118957b55f6801102beef515f20bdd36044b5608f8353483a8858c02,5.551115123125783e-17,9.71445146547012e-17,1.7763568394002505e-15,1.0391687510491465e-13
S_01__snr_5__noise_303,S_01,S_01,5,303,2158,1f461dbce7e4c31e81a00c82c25f68f351cf5f6dacf7801ac90d55c962967b88,1f461dbce7e4c31e81a00c82c25f68f351cf5f6dacf7801ac90d55c962967b88,True,a8d302b6d0b6e62b539ce05c00e740ac2d1450844afe3f861adb2ac5780bd70c,b9f652b0118957b55f6801102beef515f20bdd36044b5608f8353483a8858c02,5.551115123125783e-17,9.71445146547012e-17,1.7763568394002505e-15,7.37188088351104e-14
S_02__snr_5__noise_303,S_02,S_02,5,303,2158,a3a0c777961f499829583e321fcd72f385f4cf92d7a88475e07ef9404d909853,a3a0c777961f499829583e321fcd72f385f4cf92d7a88475e07ef9404d909853,True,a8d302b6d0b6e62b539ce05c00e740ac2d1450844afe3f861adb2ac5780bd70c,b9f652b0118957b55f6801102beef515f20bdd36044b5608f8353483a8858c02,8.326672684688674e-17,9.71445146547012e-17,1.7763568394002505e-15,5.773159728050814e-14
S_03__snr_5__noise_303,S_03,S_03,5,303,2158,11ba54702b0db9a17f123c30745d415955eff8554a83378886ab561c97276f0c,11ba54702b0db9a17f123c30745d415955eff8554a83378886ab561c97276f0c,True,a8d302b6d0b6e62b539ce05c00e740ac2d1450844afe3f861adb2ac5780bd70c,b9f652b0118957b55f6801102beef515f20bdd36044b5608f8353483a8858c02,0.0,8.326672684688674e-17,1.7763568394002505e-15,1.2434497875801753e-13
S_04__snr_5__noise_303,S_04,S_04,5,303,2158,fb8ae73482281929d71bea99baa1d20671f2893a852f83d4adbc8148363b1f0c,fb8ae73482281929d71bea99baa1d20671f2893a852f83d4adbc8148363b1f0c,True,a8d302b6d0b6e62b539ce05c00e740ac2d1450844afe3f861adb2ac5780bd70c,b9f652b0118957b55f6801102beef515f20bdd36044b5608f8353483a8858c02,5.551115123125783e-17,9.71445146547012e-17,2.6645352591003757e-15,1.0302869668521453e-13
E__snr_5__noise_404,E,,5,404,2158,b87c690599f9e43fd18ff01ff673d41836632423c4e2b1a4f7594389236e9e02,b87c690599f9e43fd18ff01ff673d41836632423c4e2b1a4f7594389236e9e02,True,a8d302b6d0b6e62b539ce05c00e740ac2d1450844afe3f861adb2ac5780bd70c,3ecb1fa9eec25d23e26ba589e96d8c7e17183719e988befdac59c63d8117066c,3.944304526105059e-31,8.470329472543003e-22,2.6645352591003757e-15,4.085620730620576e-14
I__snr_5__noise_404,I,,5,404,2158,39d832fbf0ea92025813b71fe99c3a23638662e68df3c98584f1e9933048a487,39d832fbf0ea92025813b71fe99c3a23638662e68df3c98584f1e9933048a487,True,a8d302b6d0b6e62b539ce05c00e740ac2d1450844afe3f861adb2ac5780bd70c,e82ba1f043d26993e5a48c31e1b3e22b191ea5c1b9a5a16adca120ac5c276797,5.551115123125783e-17,9.71445146547012e-17,1.7763568394002505e-15,6.750155989720952e-14
S_00__snr_5__noise_404,S_00,S_00,5,404,2158,78a0e2024de79f2beb09d640b89f830d106d9956efbd4da8ed41f768e4d13595,78a0e2024de79f2beb09d640b89f830d106d9956efbd4da8ed41f768e4d13595,True,a8d302b6d0b6e62b539ce05c00e740ac2d1450844afe3f861adb2ac5780bd70c,3ecb1fa9eec25d23e26ba589e96d8c7e17183719e988befdac59c63d8117066c,5.551115123125783e-17,9.71445146547012e-17,1.7763568394002505e-15,9.769962616701378e-14
S_01__snr_5__noise_404,S_01,S_01,5,404,2158,0f955d1c29033c13bab02979d821278e726d5ed1824e71c3fc721227ab2cde9c,0f955d1c29033c13bab02979d821278e726d5ed1824e71c3fc721227ab2cde9c,True,a8d302b6d0b6e62b539ce05c00e740ac2d1450844afe3f861adb2ac5780bd70c,3ecb1fa9eec25d23e26ba589e96d8c7e17183719e988befdac59c63d8117066c,5.551115123125783e-17,9.71445146547012e-17,1.7763568394002505e-15,7.993605777301127e-14
S_02__snr_5__noise_404,S_02,S_02,5,404,2158,c9d6e1825384c46170a23b413439af7007cda46306d9ab8f56864ec287a75338,c9d6e1825384c46170a23b413439af7007cda46306d9ab8f56864ec287a75338,True,a8d302b6d0b6e62b539ce05c00e740ac2d1450844afe3f861adb2ac5780bd70c,3ecb1fa9eec25d23e26ba589e96d8c7e17183719e988befdac59c63d8117066c,8.326672684688674e-17,9.71445146547012e-17,1.7763568394002505e-15,5.950795411990839e-14
S_03__snr_5__noise_404,S_03,S_03,5,404,2158,0ffeab4cffc5e3381efd4158acdb2de1a4700d74414027dfdfc2989d34176af0,0ffeab4cffc5e3381efd4158acdb2de1a4700d74414027dfdfc2989d34176af0,True,a8d302b6d0b6e62b539ce05c00e740ac2d1450844afe3f861adb2ac5780bd70c,3ecb1fa9eec25d23e26ba589e96d8c7e17183719e988befdac59c63d8117066c,0.0,8.326672684688674e-17,1.7763568394002505e-15,1.1546319456101628e-13
S_04__snr_5__noise_404,S_04,S_04,5,404,2158,1e1f37742247adccfb20236cf6611c03e8d506d201bd120903bad416b2adca70,1e1f37742247adccfb20236cf6611c03e8d506d201bd120903bad416b2adca70,True,a8d302b6d0b6e62b539ce05c00e740ac2d1450844afe3f861adb2ac5780bd70c,3ecb1fa9eec25d23e26ba589e96d8c7e17183719e988befdac59c63d8117066c,5.551115123125783e-17,9.71445146547012e-17,1.7763568394002505e-15,1.0125233984581428e-13
E__snr_5__noise_505,E,,5,505,2158,55993a149666eee52bca0be88f2fce8d7c3203c66b73c39bf19371aee26ad4a6,55993a149666eee52bca0be88f2fce8d7c3203c66b73c39bf19371aee26ad4a6,True,a8d302b6d0b6e62b539ce05c00e740ac2d1450844afe3f861adb2ac5780bd70c,9e79af8cba0049d73d4f0c1085a5bebc0bf7e147a2da8180a78db483305ff608,3.944304526105059e-31,4.235164736271502e-22,2.6645352591003757e-15,4.707345624410664e-14
I__snr_5__noise_505,I,,5,505,2158,2e1ebb8fee3c5cfc3af7c2a5eede4bb35c6eed8e806f604d6181ebc212b9c620,2e1ebb8fee3c5cfc3af7c2a5eede4bb35c6eed8e806f604d6181ebc212b9c620,True,a8d302b6d0b6e62b539ce05c00e740ac2d1450844afe3f861adb2ac5780bd70c,89dd82d390a27962d3a33da1395e0dd9f6a5907f854c71ebd0f40cfc375c9a99,5.551115123125783e-17,9.71445146547012e-17,2.6645352591003757e-15,8.704148513061227e-14
S_00__snr_5__noise_505,S_00,S_00,5,505,2158,303de8547e643e7b4aedd29e9198bfcef464370d9f3ec4890f797f4dfc6c629e,303de8547e643e7b4aedd29e9198bfcef464370d9f3ec4890f797f4dfc6c629e,True,a8d302b6d0b6e62b539ce05c00e740ac2d1450844afe3f861adb2ac5780bd70c,9e79af8cba0049d73d4f0c1085a5bebc0bf7e147a2da8180a78db483305ff608,5.551115123125783e-17,9.71445146547012e-17,2.6645352591003757e-15,1.0391687510491465e-13
S_01__snr_5__noise_505,S_01,S_01,5,505,2158,d51966812cfc3558a6b4d64d10ddd6926599f88406de66a8154101a8aa4a61cf,d51966812cfc3558a6b4d64d10ddd6926599f88406de66a8154101a8aa4a61cf,True,a8d302b6d0b6e62b539ce05c00e740ac2d1450844afe3f861adb2ac5780bd70c,9e79af8cba0049d73d4f0c1085a5bebc0bf7e147a2da8180a78db483305ff608,5.551115123125783e-17,9.71445146547012e-17,1.7763568394002505e-15,8.260059303211165e-14
S_02__snr_5__noise_505,S_02,S_02,5,505,2158,66b905ae9e4c2de3541fb71fb51dee965cc64dd0b03ce6fc99d582b391d5bbc8,66b905ae9e4c2de3541fb71fb51dee965cc64dd0b03ce6fc99d582b391d5bbc8,True,a8d302b6d0b6e62b539ce05c00e740ac2d1450844afe3f861adb2ac5780bd70c,9e79af8cba0049d73d4f0c1085a5bebc0bf7e147a2da8180a78db483305ff608,8.326672684688674e-17,9.71445146547012e-17,1.7763568394002505e-15,5.5067062021407764e-14
S_03__snr_5__noise_505,S_03,S_03,5,505,2158,367973609e9953e198b36eed8e924920f639bfdeb1d99e827bde0ad4cc0e67d3,367973609e9953e198b36eed8e924920f639bfdeb1d99e827bde0ad4cc0e67d3,True,a8d302b6d0b6e62b539ce05c00e740ac2d1450844afe3f861adb2ac5780bd70c,9e79af8cba0049d73d4f0c1085a5bebc0bf7e147a2da8180a78db483305ff608,0.0,8.326672684688674e-17,1.7763568394002505e-15,1.1368683772161603e-13
S_04__snr_5__noise_505,S_04,S_04,5,505,2158,3f5c662a59745cfe875f34da30b01bc2e981b5f835c897eff69d8e7835319eae,3f5c662a59745cfe875f34da30b01bc2e981b5f835c897eff69d8e7835319eae,True,a8d302b6d0b6e62b539ce05c00e740ac2d1450844afe3f861adb2ac5780bd70c,9e79af8cba0049d73d4f0c1085a5bebc0bf7e147a2da8180a78db483305ff608,5.551115123125783e-17,9.71445146547012e-17,1.7763568394002505e-15,1.0480505352461478e-13
E__snr_10__noise_8128,E,,10,8128,2158,f3748f9ddb4fcc1a68c5173fc418ec9284195cab1bb36f491b124eebf0a7d449,f3748f9ddb4fcc1a68c5173fc418ec9284195cab1bb36f491b124eebf0a7d449,True,a8d302b6d0b6e62b539ce05c00e740ac2d1450844afe3f861adb2ac5780bd70c,7512f1c76051bbc5596482db08c92d2369bef0e8bed037adbbcad96081dca963,7.888609052210118e-31,4.235164736271502e-22,5.329070518200751e-15,1.1013412404281553e-13
I__snr_10__noise_8128,I,,10,8128,2158,52a737fdeb584852a0d45c42729c1a3c8a4457e5b51ab403ca1fd00fd4b40bb9,52a737fdeb584852a0d45c42729c1a3c8a4457e5b51ab403ca1fd00fd4b40bb9,True,a8d302b6d0b6e62b539ce05c00e740ac2d1450844afe3f861adb2ac5780bd70c,47d294bffcaf6d165841d52ee0d7de1a8f366d5dc3d5ac88dd9cce04bd065b46,5.551115123125783e-17,9.71445146547012e-17,5.329070518200751e-15,1.2967404927621828e-13
S_00__snr_10__noise_8128,S_00,S_00,10,8128,2158,0514b15f68c6d2343a1108522528aa747a7fe7b86ff953eb2caf2a94e7db56e1,0514b15f68c6d2343a1108522528aa747a7fe7b86ff953eb2caf2a94e7db56e1,True,a8d302b6d0b6e62b539ce05c00e740ac2d1450844afe3f861adb2ac5780bd70c,7512f1c76051bbc5596482db08c92d2369bef0e8bed037adbbcad96081dca963,5.551115123125783e-17,9.71445146547012e-17,5.329070518200751e-15,1.3145040611561853e-13
S_01__snr_10__noise_8128,S_01,S_01,10,8128,2158,402be9df9cfd80331295032ec9882faa5a4d9c573d9dc0d626c6635b03e3aa77,402be9df9cfd80331295032ec9882faa5a4d9c573d9dc0d626c6635b03e3aa77,True,a8d302b6d0b6e62b539ce05c00e740ac2d1450844afe3f861adb2ac5780bd70c,7512f1c76051bbc5596482db08c92d2369bef0e8bed037adbbcad96081dca963,5.551115123125783e-17,9.71445146547012e-17,5.329070518200751e-15,9.414691248821327e-14
S_02__snr_10__noise_8128,S_02,S_02,10,8128,2158,077d82d74a2250790753afbb110d0d88cd42dfb2963cd8740a8e833ba9a83058,077d82d74a2250790753afbb110d0d88cd42dfb2963cd8740a8e833ba9a83058,True,a8d302b6d0b6e62b539ce05c00e740ac2d1450844afe3f861adb2ac5780bd70c,7512f1c76051bbc5596482db08c92d2369bef0e8bed037adbbcad96081dca963,8.326672684688674e-17,9.71445146547012e-17,5.329070518200751e-15,9.947598300641403e-14
S_03__snr_10__noise_8128,S_03,S_03,10,8128,2158,e69517ade13d7fb272d272bb3f2f1940f719cc0afd8baf7df72424f4162a49c6,e69517ade13d7fb272d272bb3f2f1940f719cc0afd8baf7df72424f4162a49c6,True,a8d302b6d0b6e62b539ce05c00e740ac2d1450844afe3f861adb2ac5780bd70c,7512f1c76051bbc5596482db08c92d2369bef0e8bed037adbbcad96081dca963,0.0,9.71445146547012e-17,5.329070518200751e-15,1.758593271006248e-13
S_04__snr_10__noise_8128,S_04,S_04,10,8128,2158,84f049765639f413aa23e8ed6601f85f225c07f4215c98bb43e573a69770acc9,84f049765639f413aa23e8ed6601f85f225c07f4215c98bb43e573a69770acc9,True,a8d302b6d0b6e62b539ce05c00e740ac2d1450844afe3f861adb2ac5780bd70c,7512f1c76051bbc5596482db08c92d2369bef0e8bed037adbbcad96081dca963,5.551115123125783e-17,9.71445146547012e-17,5.329070518200751e-15,1.438849039914203e-13
E__snr_10__noise_101,E,,10,101,2158,e1c5a093c971f8dd322ef87c4a61793f2d978a2d00dc936ce1086c33dc58d528,e1c5a093c971f8dd322ef87c4a61793f2d978a2d00dc936ce1086c33dc58d528,True,a8d302b6d0b6e62b539ce05c00e740ac2d1450844afe3f861adb2ac5780bd70c,d7065fd6d9b574ff1fec470e4734308578ce987948669f991f871ee621951480,7.888609052210118e-31,8.470329472543003e-22,3.552713678800501e-15,1.1191048088221578e-13
I__snr_10__noise_101,I,,10,101,2158,2e11974ad9bf84a2a653ea36780b96e915ea2f3150c9ce8d696e750a95c83949,2e11974ad9bf84a2a653ea36780b96e915ea2f3150c9ce8d696e750a95c83949,True,a8d302b6d0b6e62b539ce05c00e740ac2d1450844afe3f861adb2ac5780bd70c,eb3c3b3ee1ef1b035a150ab29ded1ec2521673be2722203613588abe6cd4787c,5.551115123125783e-17,9.71445146547012e-17,5.329070518200751e-15,1.2256862191861728e-13
S_00__snr_10__noise_101,S_00,S_00,10,101,2158,1e0ab9e2e03660c142635dabcd943b8accb16370cd1304748436cd25b62a2d97,1e0ab9e2e03660c142635dabcd943b8accb16370cd1304748436cd25b62a2d97,True,a8d302b6d0b6e62b539ce05c00e740ac2d1450844afe3f861adb2ac5780bd70c,d7065fd6d9b574ff1fec470e4734308578ce987948669f991f871ee621951480,5.551115123125783e-17,9.71445146547012e-17,5.329070518200751e-15,1.438849039914203e-13
S_01__snr_10__noise_101,S_01,S_01,10,101,2158,4926751af214d4c594111dbc9b3ca31106410c9e87a8860c952ce89c1284c727,4926751af214d4c594111dbc9b3ca31106410c9e87a8860c952ce89c1284c727,True,a8d302b6d0b6e62b539ce05c00e740ac2d1450844afe3f861adb2ac5780bd70c,d7065fd6d9b574ff1fec470e4734308578ce987948669f991f871ee621951480,5.551115123125783e-17,9.71445146547012e-17,5.329070518200751e-15,1.0658141036401503e-13
S_02__snr_10__noise_101,S_02,S_02,10,101,2158,36c34a1ba1934e75fa8357ec990de058c96a068537c7fa2f85da633d5a30bb2d,36c34a1ba1934e75fa8357ec990de058c96a068537c7fa2f85da633d5a30bb2d,True,a8d302b6d0b6e62b539ce05c00e740ac2d1450844afe3f861adb2ac5780bd70c,d7065fd6d9b574ff1fec470e4734308578ce987948669f991f871ee621951480,8.326672684688674e-17,9.71445146547012e-17,5.329070518200751e-15,9.769962616701378e-14
S_03__snr_10__noise_101,S_03,S_03,10,101,2158,35d2be8a01ff9d622d919566365374ba68064d8aa01ebf8310e086b44bbabca3,35d2be8a01ff9d622d919566365374ba68064d8aa01ebf8310e086b44bbabca3,True,a8d302b6d0b6e62b539ce05c00e740ac2d1450844afe3f861adb2ac5780bd70c,d7065fd6d9b574ff1fec470e4734308578ce987948669f991f871ee621951480,0.0,9.71445146547012e-17,5.329070518200751e-15,1.8118839761882555e-13
S_04__snr_10__noise_101,S_04,S_04,10,101,2158,7a4fd6223c18b9f6352ebfb5bd7221ae802df6eb76be7fa0654e213a74875225,7a4fd6223c18b9f6352ebfb5bd7221ae802df6eb76be7fa0654e213a74875225,True,a8d302b6d0b6e62b539ce05c00e740ac2d1450844afe3f861adb2ac5780bd70c,d7065fd6d9b574ff1fec470e4734308578ce987948669f991f871ee621951480,5.551115123125783e-17,9.71445146547012e-17,5.329070518200751e-15,1.5631940186722204e-13
E__snr_10__noise_202,E,,10,202,2158,3d70887ac00be71d38641e553b5714375d65d43e8ab541234506fbea4dc34e40,3d70887ac00be71d38641e553b5714375d65d43e8ab541234506fbea4dc34e40,True,a8d302b6d0b6e62b539ce05c00e740ac2d1450844afe3f861adb2ac5780bd70c,c0e0a644d5ed6e0ac3f36e139ed21dadf40ce52f326bf6cab35e525ebe8f405e,7.888609052210118e-31,4.235164736271502e-22,5.329070518200751e-15,1.1368683772161603e-13
I__snr_10__noise_202,I,,10,202,2158,fa03e8ff81a47d8c5aba08b3ed4465ae3a01e93831fe18abff00db5f891a5c45,fa03e8ff81a47d8c5aba08b3ed4465ae3a01e93831fe18abff00db5f891a5c45,True,a8d302b6d0b6e62b539ce05c00e740ac2d1450844afe3f861adb2ac5780bd70c,7189a8040f2fd3304c697405a4a4a92884c3f4242e1c818593ac2f2362847bd8,5.551115123125783e-17,9.71445146547012e-17,5.329070518200751e-15,1.2079226507921703e-13
S_00__snr_10__noise_202,S_00,S_00,10,202,2158,1c508f1f829a555e7dad3ef6924e632d193e7edd2c7b2b0ef24af52bf0a623d7,1c508f1f829a555e7dad3ef6924e632d193e7edd2c7b2b0ef24af52bf0a623d7,True,a8d302b6d0b6e62b539ce05c00e740ac2d1450844afe3f861adb2ac5780bd70c,c0e0a644d5ed6e0ac3f36e139ed21dadf40ce52f326bf6cab35e525ebe8f405e,5.551115123125783e-17,9.71445146547012e-17,5.329070518200751e-15,1.4210854715202004e-13
S_01__snr_10__noise_202,S_01,S_01,10,202,2158,9b191fd1cbe456a82e5ec5a8d2bd63ec53f53b01808440e198afe027638c2276,9b191fd1cbe456a82e5ec5a8d2bd63ec53f53b01808440e198afe027638c2276,True,a8d302b6d0b6e62b539ce05c00e740ac2d1450844afe3f861adb2ac5780bd70c,c0e0a644d5ed6e0ac3f36e139ed21dadf40ce52f326bf6cab35e525ebe8f405e,5.551115123125783e-17,9.71445146547012e-17,5.329070518200751e-15,1.0125233984581428e-13
S_02__snr_10__noise_202,S_02,S_02,10,202,2158,b26ee9f20081294900731a98eca14a4ec79545ff231170e7acdc02e288f267ff,b26ee9f20081294900731a98eca14a4ec79545ff231170e7acdc02e288f267ff,True,a8d302b6d0b6e62b539ce05c00e740ac2d1450844afe3f861adb2ac5780bd70c,c0e0a644d5ed6e0ac3f36e139ed21dadf40ce52f326bf6cab35e525ebe8f405e,8.326672684688674e-17,9.71445146547012e-17,5.329070518200751e-15,1.0302869668521453e-13
S_03__snr_10__noise_202,S_03,S_03,10,202,2158,2bb8df4ad6faf8da9eb1538fd8277c4fcac85dfc10dbb6f03b4f384f5410cc8f,2bb8df4ad6faf8da9eb1538fd8277c4fcac85dfc10dbb6f03b4f384f5410cc8f,True,a8d302b6d0b6e62b539ce05c00e740ac2d1450844afe3f861adb2ac5780bd70c,c0e0a644d5ed6e0ac3f36e139ed21dadf40ce52f326bf6cab35e525ebe8f405e,0.0,9.71445146547012e-17,5.329070518200751e-15,1.8474111129762605e-13
S_04__snr_10__noise_202,S_04,S_04,10,202,2158,010e1b648155915b9c961876d96944383b684b0f66188e379c00c86749c5db4b,010e1b648155915b9c961876d96944383b684b0f66188e379c00c86749c5db4b,True,a8d302b6d0b6e62b539ce05c00e740ac2d1450844afe3f861adb2ac5780bd70c,c0e0a644d5ed6e0ac3f36e139ed21dadf40ce52f326bf6cab35e525ebe8f405e,5.551115123125783e-17,9.71445146547012e-17,5.329070518200751e-15,1.5987211554602254e-13
E__snr_10__noise_303,E,,10,303,2158,d27221228a6175077197c5969fe2e636abdf77f352110f583ed6244c3f94b2e2,d27221228a6175077197c5969fe2e636abdf77f352110f583ed6244c3f94b2e2,True,a8d302b6d0b6e62b539ce05c00e740ac2d1450844afe3f861adb2ac5780bd70c,b9f652b0118957b55f6801102beef515f20bdd36044b5608f8353483a8858c02,7.888609052210118e-31,8.470329472543003e-22,5.329070518200751e-15,1.2079226507921703e-13
I__snr_10__noise_303,I,,10,303,2158,4cca537f5eea5b5d6ca82ef45d0358b7471452611b18e7bbe977f9002fd8514c,4cca537f5eea5b5d6ca82ef45d0358b7471452611b18e7bbe977f9002fd8514c,True,a8d302b6d0b6e62b539ce05c00e740ac2d1450844afe3f861adb2ac5780bd70c,e13c17f81e300bd44ea3c63a5dea9cc0f85a750d1d62f947459756db48ed5527,5.551115123125783e-17,9.71445146547012e-17,5.329070518200751e-15,1.1546319456101628e-13
S_00__snr_10__noise_303,S_00,S_00,10,303,2158,32d2cb77e337cc06372802b06e82502191740ff0fe52846ac83b76663f759d6f,32d2cb77e337cc06372802b06e82502191740ff0fe52846ac83b76663f759d6f,True,a8d302b6d0b6e62b539ce05c00e740ac2d1450844afe3f861adb2ac5780bd70c,b9f652b0118957b55f6801102beef515f20bdd36044b5608f8353483a8858c02,5.551115123125783e-17,9.71445146547012e-17,5.329070518200751e-15,1.4033219031261979e-13
S_01__snr_10__noise_303,S_01,S_01,10,303,2158,edaadb28b498808962a53be9623f8e5c2795aea0e86472072f57cd892a52d7d7,edaadb28b498808962a53be9623f8e5c2795aea0e86472072f57cd892a52d7d7,True,a8d302b6d0b6e62b539ce05c00e740ac2d1450844afe3f861adb2ac5780bd70c,b9f652b0118957b55f6801102beef515f20bdd36044b5608f8353483a8858c02,5.551115123125783e-17,9.71445146547012e-17,5.329070518200751e-15,1.1191048088221578e-13
S_02__snr_10__noise_303,S_02,S_02,10,303,2158,69d8ae0b5c6616b73e46010978a46507e46453b77bfc0a3175a19b9d697a4718,69d8ae0b5c6616b73e46010978a46507e46453b77bfc0a3175a19b9d697a4718,True,a8d302b6d0b6e62b539ce05c00e740ac2d1450844afe3f861adb2ac5780bd70c,b9f652b0118957b55f6801102beef515f20bdd36044b5608f8353483a8858c02,8.326672684688674e-17,9.71445146547012e-17,5.329070518200751e-15,1.0480505352461478e-13
S_03__snr_10__noise_303,S_03,S_03,10,303,2158,6af5d78fc93e5d2a2027d2bc9b9f346367535bc3cc9bbf4a580876114d64c282,6af5d78fc93e5d2a2027d2bc9b9f346367535bc3cc9bbf4a580876114d64c282,True,a8d302b6d0b6e62b539ce05c00e740ac2d1450844afe3f861adb2ac5780bd70c,b9f652b0118957b55f6801102beef515f20bdd36044b5608f8353483a8858c02,0.0,9.71445146547012e-17,5.329070518200751e-15,1.758593271006248e-13
S_04__snr_10__noise_303,S_04,S_04,10,303,2158,5ce15d0a8232c8fef08a852321ceb25c0af43b98d9f1a43463afa31884d11270,5ce15d0a8232c8fef08a852321ceb25c0af43b98d9f1a43463afa31884d11270,True,a8d302b6d0b6e62b539ce05c00e740ac2d1450844afe3f861adb2ac5780bd70c,b9f652b0118957b55f6801102beef515f20bdd36044b5608f8353483a8858c02,5.551115123125783e-17,9.71445146547012e-17,5.329070518200751e-15,1.652011860642233e-13
E__snr_10__noise_404,E,,10,404,2158,fc7501548d880b83095d2309ef6e16796d4f009b3847b4e6d2f1d864bc9dfca1,fc7501548d880b83095d2309ef6e16796d4f009b3847b4e6d2f1d864bc9dfca1,True,a8d302b6d0b6e62b539ce05c00e740ac2d1450844afe3f861adb2ac5780bd70c,3ecb1fa9eec25d23e26ba589e96d8c7e17183719e988befdac59c63d8117066c,7.888609052210118e-31,8.470329472543003e-22,5.329070518200751e-15,1.1723955140041653e-13
I__snr_10__noise_404,I,,10,404,2158,dc05ef41e573ddcb91f35d3658be71e2bf841c76403c1d5b67bfc07df3cf6cf9,dc05ef41e573ddcb91f35d3658be71e2bf841c76403c1d5b67bfc07df3cf6cf9,True,a8d302b6d0b6e62b539ce05c00e740ac2d1450844afe3f861adb2ac5780bd70c,e82ba1f043d26993e5a48c31e1b3e22b191ea5c1b9a5a16adca120ac5c276797,5.551115123125783e-17,9.71445146547012e-17,5.329070518200751e-15,1.1901590823981678e-13
S_00__snr_10__noise_404,S_00,S_00,10,404,2158,f54cf2b8ac4a90a307c2babe36bc41ebbd493435128ba08bec19126e2416f4eb,f54cf2b8ac4a90a307c2babe36bc41ebbd493435128ba08bec19126e2416f4eb,True,a8d302b6d0b6e62b539ce05c00e740ac2d1450844afe3f861adb2ac5780bd70c,3ecb1fa9eec25d23e26ba589e96d8c7e17183719e988befdac59c63d8117066c,5.551115123125783e-17,9.71445146547012e-17,5.329070518200751e-15,1.5276668818842154e-13
S_01__snr_10__noise_404,S_01,S_01,10,404,2158,4eae76946baf0502be04955e4c5aedfb3e37285a5ed019bea2953adb5dbe910a,4eae76946baf0502be04955e4c5aedfb3e37285a5ed019bea2953adb5dbe910a,True,a8d302b6d0b6e62b539ce05c00e740ac2d1450844afe3f861adb2ac5780bd70c,3ecb1fa9eec25d23e26ba589e96d8c7e17183719e988befdac59c63d8117066c,5.551115123125783e-17,9.71445146547012e-17,5.329070518200751e-15,1.1191048088221578e-13
S_02__snr_10__noise_404,S_02,S_02,10,404,2158,814784add824dc063c5ae725fa8b1f0f6121c13f435c2b7d7b621d4688c1b4dc,814784add824dc063c5ae725fa8b1f0f6121c13f435c2b7d7b621d4688c1b4dc,True,a8d302b6d0b6e62b539ce05c00e740ac2d1450844afe3f861adb2ac5780bd70c,3ecb1fa9eec25d23e26ba589e96d8c7e17183719e988befdac59c63d8117066c,8.326672684688674e-17,9.71445146547012e-17,5.329070518200751e-15,1.0658141036401503e-13
S_03__snr_10__noise_404,S_03,S_03,10,404,2158,2a10a8b3fd0cb04652a69d668e449ccfb61555726c17c9d8d0beb1a790d80db5,2a10a8b3fd0cb04652a69d668e449ccfb61555726c17c9d8d0beb1a790d80db5,True,a8d302b6d0b6e62b539ce05c00e740ac2d1450844afe3f861adb2ac5780bd70c,3ecb1fa9eec25d23e26ba589e96d8c7e17183719e988befdac59c63d8117066c,0.0,9.71445146547012e-17,5.329070518200751e-15,2.0250467969162855e-13
S_04__snr_10__noise_404,S_04,S_04,10,404,2158,dab1aa5d5f63bed3b7ea580224629522d2ae589f4538c6f4df54dbdb31b803a0,dab1aa5d5f63bed3b7ea580224629522d2ae589f4538c6f4df54dbdb31b803a0,True,a8d302b6d0b6e62b539ce05c00e740ac2d1450844afe3f861adb2ac5780bd70c,3ecb1fa9eec25d23e26ba589e96d8c7e17183719e988befdac59c63d8117066c,5.551115123125783e-17,9.71445146547012e-17,5.329070518200751e-15,1.580957587066223e-13
E__snr_10__noise_505,E,,10,505,2158,c22add93be122130704cd51011c6203d71a117fed08f0ca09cfe5b2231db026f,c22add93be122130704cd51011c6203d71a117fed08f0ca09cfe5b2231db026f,True,a8d302b6d0b6e62b539ce05c00e740ac2d1450844afe3f861adb2ac5780bd70c,9e79af8cba0049d73d4f0c1085a5bebc0bf7e147a2da8180a78db483305ff608,7.888609052210118e-31,1.6940658945086007e-21,5.329070518200751e-15,1.0658141036401503e-13
I__snr_10__noise_505,I,,10,505,2158,40f2f74bd5618065dc046256d7aaf6013feb004c515e5cce69c08aa92797d386,40f2f74bd5618065dc046256d7aaf6013feb004c515e5cce69c08aa92797d386,True,a8d302b6d0b6e62b539ce05c00e740ac2d1450844afe3f861adb2ac5780bd70c,89dd82d390a27962d3a33da1395e0dd9f6a5907f854c71ebd0f40cfc375c9a99,5.551115123125783e-17,9.71445146547012e-17,5.329070518200751e-15,1.1191048088221578e-13
S_00__snr_10__noise_505,S_00,S_00,10,505,2158,468ceab8b827fd18033d999ca7f1ddd04548469ccc7fc2bd33f352d264901b17,468ceab8b827fd18033d999ca7f1ddd04548469ccc7fc2bd33f352d264901b17,True,a8d302b6d0b6e62b539ce05c00e740ac2d1450844afe3f861adb2ac5780bd70c,9e79af8cba0049d73d4f0c1085a5bebc0bf7e147a2da8180a78db483305ff608,5.551115123125783e-17,9.71445146547012e-17,5.329070518200751e-15,1.474376176702208e-13
S_01__snr_10__noise_505,S_01,S_01,10,505,2158,2d7b7ba68cae4eb9381eed213e99f6bc440fb88ec2e0858473e20608d82942e2,2d7b7ba68cae4eb9381eed213e99f6bc440fb88ec2e0858473e20608d82942e2,True,a8d302b6d0b6e62b539ce05c00e740ac2d1450844afe3f861adb2ac5780bd70c,9e79af8cba0049d73d4f0c1085a5bebc0bf7e147a2da8180a78db483305ff608,5.551115123125783e-17,9.71445146547012e-17,5.329070518200751e-15,1.0480505352461478e-13
S_02__snr_10__noise_505,S_02,S_02,10,505,2158,be8363f604ea449b6309f62210e4ccce7ec50b09759217cb92656c1da2f7fa67,be8363f604ea449b6309f62210e4ccce7ec50b09759217cb92656c1da2f7fa67,True,a8d302b6d0b6e62b539ce05c00e740ac2d1450844afe3f861adb2ac5780bd70c,9e79af8cba0049d73d4f0c1085a5bebc0bf7e147a2da8180a78db483305ff608,8.326672684688674e-17,9.71445146547012e-17,5.329070518200751e-15,9.769962616701378e-14
S_03__snr_10__noise_505,S_03,S_03,10,505,2158,21602520e47236660b1619ee76d57bfec85f6811d666e9fbf3251cb4a37a2082,21602520e47236660b1619ee76d57bfec85f6811d666e9fbf3251cb4a37a2082,True,a8d302b6d0b6e62b539ce05c00e740ac2d1450844afe3f861adb2ac5780bd70c,9e79af8cba0049d73d4f0c1085a5bebc0bf7e147a2da8180a78db483305ff608,0.0,9.71445146547012e-17,5.329070518200751e-15,1.8829382497642655e-13
S_04__snr_10__noise_505,S_04,S_04,10,505,2158,8a8f492cbe9005e973b70fc019b68f3372c88f48fe496fba223cff1d44fe6b0c,8a8f492cbe9005e973b70fc019b68f3372c88f48fe496fba223cff1d44fe6b0c,True,a8d302b6d0b6e62b539ce05c00e740ac2d1450844afe3f861adb2ac5780bd70c,9e79af8cba0049d73d4f0c1085a5bebc0bf7e147a2da8180a78db483305ff608,5.551115123125783e-17,9.71445146547012e-17,5.329070518200751e-15,1.652011860642233e-13
