condition,mode,snr_db,metric,n_rows,n_records,n_patients,n_noise_bases,n_finite,n_null,n_positive_inf,n_negative_inf,n_anomalous,unit,min,p05,p25,median,p75,p95,max,mean,sd
E,,0,snr_p_db,12948,2158,1877,6,12948,0,0,0,0,dB,-5.1718712414097856e-05,-1.331019719186147e-05,-7.561937067394584e-06,-5.20272835883502e-06,-3.3939673081825454e-06,-1.3430488396318198e-06,-9.924787328236077e-08,-5.933396494861024e-06,3.862872556365661e-06
E,,0,delta_p_db,12948,2158,1877,6,12948,0,0,0,0,dB,-5.170726790994568e-05,-1.3310281839148084e-05,-7.560525668506844e-06,-5.20011927589762e-06,-3.3961332616901936e-06,-1.3434812745055467e-06,-1.0837244751150677e-07,-5.933388757777156e-06,3.862876914288036e-06
E,,0,actual_total_snr_db,12948,2158,1877,6,12948,0,0,0,0,dB,-2.0396969081553673e-08,-9.110585968529682e-09,-3.681890504824369e-09,9.49187525327363e-12,3.6843676178805183e-09,8.82247513467238e-09,2.0284947403966542e-08,-7.745992749076509e-12,5.46617374659193e-09
E,,0,q_clean,12948,2158,1877,6,12948,0,0,0,0,fraction,2.4953678499437863e-08,3.0934794816011837e-07,7.819882769743013e-07,1.1973709964185677e-06,1.7408738552582284e-06,3.0648009587650653e-06,1.1905967552934596e-05,1.366211922271065e-06,8.894582045242073e-07
E,,0,q_noise,12948,2158,1877,6,12948,0,0,0,0,fraction,4.510720781465344e-16,5.224046520752341e-16,5.69860609111711e-16,6.102385202161597e-16,6.582210992206699e-16,7.463743565066085e-16,9.672573704302628e-16,6.188181742724523e-16,6.91008809755211e-17
E,,5,snr_p_db,12948,2158,1877,6,12948,0,0,0,0,dB,4.999948174945751,4.9999865809095985,4.999992331142581,4.999994686991798,4.9999964970401,4.999998542148581,4.999999788948878,4.999993954670837,3.8629310664922495e-06
E,,5,delta_p_db,12948,2158,1877,6,12948,0,0,0,0,dB,-5.170726790753483e-05,-1.3310281836761365e-05,-7.560525665613857e-06,-5.2001192742100445e-06,-3.396133259761537e-06,-1.3434812730590552e-06,-1.0837244654717928e-07,-5.933388755633036e-06,3.862876914153899e-06
E,,5,actual_total_snr_db,12948,2158,1877,6,12948,0,0,0,0,dB,4.999999856376079,4.999999876124707,4.999999883237758,4.9999998880344005,4.999999892994589,4.999999899937801,4.999999914293577,4.999999888059592,7.235262051384696e-09
E,,5,q_clean,12948,2158,1877,6,12948,0,0,0,0,fraction,2.4953678499437863e-08,3.0934794816011837e-07,7.819882769743013e-07,1.1973709964185677e-06,1.7408738552582284e-06,3.0648009587650653e-06,1.1905967552934596e-05,1.366211922271065e-06,8.894582045242073e-07
E,,5,q_noise,12948,2158,1877,6,12948,0,0,0,0,fraction,6.750835955539508e-16,8.502685878016534e-16,9.73393294581848e-16,1.0832420816036357e-15,1.2192602476799102e-15,1.471524986188182e-15,2.0352312620960148e-15,1.1120157202601585e-15,1.9304646745005107e-16
E,,10,snr_p_db,12948,2158,1877,6,12948,0,0,0,0,dB,9.99994834482213,9.999986749273594,9.99999249757461,9.999994856391853,9.999996666880557,9.99999871764976,9.999999961097613,9.999994125071074,3.8628601519971194e-06
E,,10,delta_p_db,12948,2158,1877,6,12948,0,0,0,0,dB,-5.1707267905123987e-05,-1.3310281833265668e-05,-7.5605256603100464e-06,-5.200119272040304e-06,-3.3961332568685526e-06,-1.3434812728902979e-06,-1.0837244654717928e-07,-5.9333887523845696e-06,3.862876913763135e-06
E,,10,actual_total_snr_db,12948,2158,1877,6,12948,0,0,0,0,dB,10.00000002584435,10.00000004365399,10.000000052437274,10.000000058437642,10.000000064523034,10.00000007344802,10.000000095244957,10.000000058459838,9.040611892840499e-09
E,,10,q_clean,12948,2158,1877,6,12948,0,0,0,0,fraction,2.4953678499437863e-08,3.0934794816011837e-07,7.819882769743013e-07,1.1973709964185677e-06,1.7408738552582284e-06,3.0648009587650653e-06,1.1905967552934596e-05,1.366211922271065e-06,8.894582045242073e-07
E,,10,q_noise,12948,2158,1877,6,12948,0,0,0,0,fraction,7.698426956492469e-16,1.1025587008374732e-15,1.4499371582659884e-15,1.7758953437727322e-15,2.166971741964862e-15,2.944325433749059e-15,5.052729370014466e-15,1.860287092004519e-15,5.709697590251771e-16
I,,0,snr_p_db,12948,2158,1877,6,12948,0,0,0,0,dB,1.7865219894229811,1.9374370476247191,1.9963560088484729,2.0370418098514067,2.078915112611334,2.137810743617657,2.256579287891636,2.037508439830863,0.06071421211595172
I,,0,delta_p_db,12948,2158,1877,6,12948,0,0,0,0,dB,1.7865219917075572,1.937437055487293,1.9963560130238076,2.0370418188621873,2.078915115190741,2.137810742912246,2.256579287393202,2.0375084398512984,0.06071421218080738
I,,0,actual_total_snr_db,12948,2158,1877,6,12948,0,0,0,0,dB,-2.1670931496185204e-08,-9.104356871138232e-09,-3.756108039696264e-09,-6.101950801965456e-11,3.6977440452395778e-09,8.98563452004135e-09,2.1826681362883316e-08,-2.0458146068532817e-11,5.522973588607077e-09
I,,0,q_clean,12948,2158,1877,6,12948,0,0,0,0,fraction,2.4953678499437863e-08,3.0934794816011837e-07,7.819882769743013e-07,1.1973709964185677e-06,1.7408738552582284e-06,3.0648009587650653e-06,1.1905967552934596e-05,1.366211922271065e-06,8.894582045242073e-07
I,,0,q_noise,12948,2158,1877,6,12948,0,0,0,0,fraction,0.3372542414396308,0.35988917714377866,0.36851361301746555,0.3744024704202312,0.3804049859012598,0.3887509881984857,0.4052409348791606,0.37440828138417737,0.008743831502443681
I,,5,snr_p_db,12948,2158,1877,6,12948,0,0,0,0,dB,6.78652187941712,6.937436943641947,6.996355900769594,7.0370417017201135,7.078915007377335,7.137810635938071,7.256579170398243,7.037508327955802,0.06071421221133268
I,,5,delta_p_db,12948,2158,1877,6,12948,0,0,0,0,dB,1.786521991176149,1.9374370543634625,1.9963560123459783,2.0370418185294414,2.07891511200493,2.137810746432984,2.2565792875689574,2.0375084398097503,0.06071421219777438
I,,5,actual_total_snr_db,12948,2158,1877,6,12948,0,0,0,0,dB,4.999999860192207,4.9999998761005084,4.999999883249228,4.999999888158026,4.999999893107754,4.999999900122134,4.999999917595478,4.999999888146034,7.265843597736401e-09
I,,5,q_clean,12948,2158,1877,6,12948,0,0,0,0,fraction,2.4953678499437863e-08,3.0934794816011837e-07,7.819882769743013e-07,1.1973709964185677e-06,1.7408738552582284e-06,3.0648009587650653e-06,1.1905967552934596e-05,1.366211922271065e-06,8.894582045242073e-07
I,,5,q_noise,12948,2158,1877,6,12948,0,0,0,0,fraction,0.3372542413585363,0.3598891769781361,0.36851361291890566,0.37440247037229923,0.3804049855414579,0.3887509886940128,0.40524093490322993,0.3744082813781589,0.008743831504850325
I,,10,snr_p_db,12948,2158,1877,6,12948,0,0,0,0,dB,11.78652205466484,11.937437101273996,11.996356066073814,12.037041880732374,12.078915161532734,12.137810795707942,12.256579334140598,12.03750849839816,0.060714212152068694
I,,10,delta_p_db,12948,2158,1877,6,12948,0,0,0,0,dB,1.7865219931184533,1.9374370497657847,1.9963560139685799,2.0370418231939635,2.0789151149730802,2.1378107424796764,2.2565792828213085,2.037508439939851,0.06071421211415634
I,,10,actual_total_snr_db,12948,2158,1877,6,12948,0,0,0,0,dB,10.000000023520709,10.000000043895575,10.000000052401068,10.000000058455226,10.000000064500778,10.000000073200646,10.000000092572769,10.000000058458312,8.922129544558979e-09
I,,10,q_clean,12948,2158,1877,6,12948,0,0,0,0,fraction,2.4953678499437863e-08,3.0934794816011837e-07,7.819882769743013e-07,1.1973709964185677e-06,1.7408738552582284e-06,3.0648009587650653e-06,1.1905967552934596e-05,1.366211922271065e-06,8.894582045242073e-07
I,,10,q_noise,12948,2158,1877,6,12948,0,0,0,0,fraction,0.33725424165493756,0.35988917630047995,0.3685136131548411,0.37440247104422164,0.3804049856294337,0.38875098813760356,0.40524093425304736,0.3744082813970685,0.008743831492426671
S_00,S_00,0,snr_p_db,12948,2158,1877,6,12948,0,0,0,0,dB,2.339936419194562,2.5027003999722885,2.5709960463321493,2.6195438622929563,2.6681343245360134,2.740448339918175,2.8942117193418184,2.6200132988368146,0.07220731128219807
S_00,S_00,0,delta_p_db,12948,2158,1877,6,12948,0,0,0,0,dB,2.3399364234353666,2.50270040300854,2.570996039063738,2.6195438686118875,2.6681343276210496,2.740448336396426,2.8942117206811444,2.620013298772889,0.07220731131048512
S_00,S_00,0,actual_total_snr_db,12948,2158,1877,6,12948,0,0,0,0,dB,-2.0869537758783277e-08,-9.005072607957304e-09,-3.726331536158381e-09,5.032583966045803e-11,3.842948617717245e-09,9.163141458719554e-09,2.3820347385997717e-08,6.38974350916661e-11,5.542513608867049e-09
S_00,S_00,0,q_clean,12948,2158,1877,6,12948,0,0,0,0,fraction,2.4953678499437863e-08,3.0934794816011837e-07,7.819882769743013e-07,1.1973709964185677e-06,1.7408738552582284e-06,3.0648009587650653e-06,1.1905967552934596e-05,1.366211922271065e-06,8.894582045242073e-07
S_00,S_00,0,q_noise,12948,2158,1877,6,12948,0,0,0,0,fraction,0.41654725163361866,0.4380088843998174,0.4467773884659419,0.4529270617234741,0.4590137701431667,0.4679472885644331,0.4864550079828823,0.4529108762723659,0.009092530726533436
S_00,S_00,5,snr_p_db,12948,2158,1877,6,12948,0,0,0,0,dB,7.339936308673808,7.502700293087251,7.570995935096472,7.619543747340259,7.668134220913466,7.740448234027032,7.8942116096184245,7.620013186785112,0.07220731127606453
S_00,S_00,5,delta_p_db,12948,2158,1877,6,12948,0,0,0,0,dB,2.3399364203991775,2.50270040401822,2.570996044342253,2.6195438617658935,2.668134328083454,2.7404483342880197,2.89421172391663,2.620013298707382,0.07220731119825713
S_00,S_00,5,actual_total_snr_db,12948,2158,1877,6,12948,0,0,0,0,dB,4.999999857140092,4.999999876135296,4.999999883154622,4.999999888022042,4.999999893027514,4.999999900114651,4.999999913837516,4.999999888077706,7.300951787791648e-09
S_00,S_00,5,q_clean,12948,2158,1877,6,12948,0,0,0,0,fraction,2.4953678499437863e-08,3.0934794816011837e-07,7.819882769743013e-07,1.1973709964185677e-06,1.7408738552582284e-06,3.0648009587650653e-06,1.1905967552934596e-05,1.366211922271065e-06,8.894582045242073e-07
S_00,S_00,5,q_noise,12948,2158,1877,6,12948,0,0,0,0,fraction,0.41654725122572195,0.43800888509241614,0.44677738913834186,0.4529270608610958,0.4590137700259345,0.4679472883061298,0.4864550083654724,0.45291087626434773,0.009092530712747494
S_00,S_00,10,snr_p_db,12948,2158,1877,6,12948,0,0,0,0,dB,12.339936499716625,12.502700456080932,12.570996085760447,12.619543923149756,12.668134392283314,12.740448390519676,12.894211771743453,12.620013357143138,0.07220731117535398
S_00,S_00,10,delta_p_db,12948,2158,1877,6,12948,0,0,0,0,dB,2.3399364401326035,2.5027004058718947,2.5709960305523754,2.6195438697716793,2.668134328495334,2.740448330350677,2.8942117264994947,2.6200132987233062,0.07220731128947751
S_00,S_00,10,actual_total_snr_db,12948,2158,1877,6,12948,0,0,0,0,dB,10.000000023006848,10.000000043809216,10.000000052391954,10.000000058344503,10.000000064537371,10.00000007318337,10.000000092746468,10.000000058419833,8.968121547207444e-09
S_00,S_00,10,q_clean,12948,2158,1877,6,12948,0,0,0,0,fraction,2.4953678499437863e-08,3.0934794816011837e-07,7.819882769743013e-07,1.1973709964185677e-06,1.7408738552582284e-06,3.0648009587650653e-06,1.1905967552934596e-05,1.366211922271065e-06,8.894582045242073e-07
S_00,S_00,10,q_noise,12948,2158,1877,6,12948,0,0,0,0,fraction,0.4165472538768083,0.43800888284077777,0.4467773873817292,0.4529270618695734,0.4590137697914608,0.46794728782376954,0.48645500867089114,0.4529108762661653,0.009092530723731677
S_01,S_01,0,snr_p_db,12948,2158,1877,6,12948,0,0,0,0,dB,1.3995966566558906,1.53792662603871,1.5955812521308588,1.6356386504582672,1.6778347238656979,1.739230276321062,1.8841113945172134,1.6368336950002869,0.061192280181136996
S_01,S_01,0,delta_p_db,12948,2158,1877,6,12948,0,0,0,0,dB,1.3995966442729415,1.5379266288565543,1.595581251173246,1.6356386479910938,1.677834718671673,1.7392302759212188,1.8841113963970881,1.6368336949693194,0.06119228019297481
S_01,S_01,0,actual_total_snr_db,12948,2158,1877,6,12948,0,0,0,0,dB,-2.1554276319811988e-08,-9.137233639308107e-09,-3.6455733296986676e-09,3.3222527713833456e-11,3.733989980612037e-09,9.123983784829643e-09,2.2651567073548964e-08,3.0947347838734795e-11,5.540613172433166e-09
S_01,S_01,0,q_clean,12948,2158,1877,6,12948,0,0,0,0,fraction,2.4953678499437863e-08,3.0934794816011837e-07,7.819882769743013e-07,1.1973709964185677e-06,1.7408738552582284e-06,3.0648009587650653e-06,1.1905967552934596e-05,1.366211922271065e-06,8.894582045242073e-07
S_01,S_01,0,q_noise,12948,2158,1877,6,12948,0,0,0,0,fraction,0.27549756522865865,0.29821085438701855,0.30746514364147404,0.31382428666784495,0.32045858108108427,0.3299979423434641,0.3519805601247275,0.3139446983641862,0.009660592206695066
S_01,S_01,5,snr_p_db,12948,2158,1877,6,12948,0,0,0,0,dB,6.39959653242549,6.537926518816308,6.595581146704759,6.635638538071683,6.677834604508908,6.739230163597311,6.884111276797308,6.636833583048421,0.061192280199843276
S_01,S_01,5,delta_p_db,12948,2158,1877,6,12948,0,0,0,0,dB,1.399596641345051,1.5379266290032756,1.5955812540707686,1.6356386481867067,1.6778347141296115,1.7392302775595552,1.8841113935708287,1.6368336949914937,0.06119228019924755
S_01,S_01,5,actual_total_snr_db,12948,2158,1877,6,12948,0,0,0,0,dB,4.999999857167722,4.999999876042207,4.999999883230671,4.999999888076364,4.999999892926622,4.999999900071184,4.999999916525083,4.999999888056914,7.27441786591978e-09
S_01,S_01,5,q_clean,12948,2158,1877,6,12948,0,0,0,0,fraction,2.4953678499437863e-08,3.0934794816011837e-07,7.819882769743013e-07,1.1973709964185677e-06,1.7408738552582284e-06,3.0648009587650653e-06,1.1905967552934596e-05,1.366211922271065e-06,8.894582045242073e-07
S_01,S_01,5,q_noise,12948,2158,1877,6,12948,0,0,0,0,fraction,0.27549756474021964,0.2982108544107282,0.3074651436554861,0.3138242866379307,0.32045858037038716,0.32999794259621656,0.35198055970301567,0.3139446983676753,0.00966059220760005
S_01,S_01,10,snr_p_db,12948,2158,1877,6,12948,0,0,0,0,dB,11.39959671607029,11.537926687575341,11.595581312386843,11.635638723857689,11.677834774170256,11.739230342066229,11.884111431189798,11.63683375340988,0.061192280175479875
S_01,S_01,10,delta_p_db,12948,2158,1877,6,12948,0,0,0,0,dB,1.3995966429487072,1.537926628119901,1.595581254682317,1.6356386486278855,1.67783471660875,1.739230277962608,1.8841113928065003,1.6368336949562,0.06119228023643221
S_01,S_01,10,actual_total_snr_db,12948,2158,1877,6,12948,0,0,0,0,dB,10.000000025083368,10.000000043679169,10.000000052418027,10.000000058324162,10.000000064585508,10.000000073186632,10.000000088970467,10.000000058453686,8.99775931719125e-09
S_01,S_01,10,q_clean,12948,2158,1877,6,12948,0,0,0,0,fraction,2.4953678499437863e-08,3.0934794816011837e-07,7.819882769743013e-07,1.1973709964185677e-06,1.7408738552582284e-06,3.0648009587650653e-06,1.1905967552934596e-05,1.366211922271065e-06,8.894582045242073e-07
S_01,S_01,10,q_noise,12948,2158,1877,6,12948,0,0,0,0,fraction,0.27549756500774614,0.2982108542679815,0.3074651436938318,0.3138242865409526,0.32045858075829825,0.3299979426583976,0.3519805595889687,0.3139446983620166,0.009660592213687855
S_02,S_02,0,snr_p_db,12948,2158,1877,6,12948,0,0,0,0,dB,0.9260757256731538,1.059752046965904,1.1090223673356085,1.1433278498404953,1.179627957815116,1.2313910622808062,1.350140460677269,1.1446046962263592,0.05220119898790817
S_02,S_02,0,delta_p_db,12948,2158,1877,6,12948,0,0,0,0,dB,0.9260757158570514,1.0597520492520587,1.1090223629745881,1.1433278517114678,1.1796279598584998,1.2313910575513891,1.3501404616254933,1.1446046961757614,0.052201199050296264
S_02,S_02,0,actual_total_snr_db,12948,2158,1877,6,12948,0,0,0,0,dB,-2.098133176035572e-08,-9.065080922319943e-09,-3.709849492167808e-09,1.1062861128905047e-10,3.824708604785358e-09,9.167307498015393e-09,2.0920098793816365e-08,5.0580340419372096e-11,5.53644943854882e-09
S_02,S_02,0,q_clean,12948,2158,1877,6,12948,0,0,0,0,fraction,2.4953678499437863e-08,3.0934794816011837e-07,7.819882769743013e-07,1.1973709964185677e-06,1.7408738552582284e-06,3.0648009587650653e-06,1.1905967552934596e-05,1.366211922271065e-06,8.894582045242073e-07
S_02,S_02,0,q_noise,12948,2158,1877,6,12948,0,0,0,0,fraction,0.19203612733180223,0.21652690683975934,0.2253644673772713,0.2314595271941018,0.23785652698876028,0.24688646568729697,0.26719931546833414,0.23163018353878317,0.009231281704620908
S_02,S_02,5,snr_p_db,12948,2158,1877,6,12948,0,0,0,0,dB,5.926075600651135,6.059751940427297,6.1090222516791455,6.143327730138276,6.179627852257808,6.231390955446191,6.350140349084863,6.144604584253814,0.05220119902835278
S_02,S_02,5,delta_p_db,12948,2158,1877,6,12948,0,0,0,0,dB,0.9260757126524782,1.0597520511786744,1.1090223631465057,1.143327851615417,1.1796279636319968,1.2313910637749932,1.3501404607682541,1.1446046961852663,0.05220119902668482
S_02,S_02,5,actual_total_snr_db,12948,2158,1877,6,12948,0,0,0,0,dB,4.999999858696412,4.99999987614015,4.999999883082104,4.999999888059634,4.999999892969344,4.999999900128754,4.999999914999575,4.999999888068538,7.2962490186377105e-09
S_02,S_02,5,q_clean,12948,2158,1877,6,12948,0,0,0,0,fraction,2.4953678499437863e-08,3.0934794816011837e-07,7.819882769743013e-07,1.1973709964185677e-06,1.7408738552582284e-06,3.0648009587650653e-06,1.1905967552934596e-05,1.366211922271065e-06,8.894582045242073e-07
S_02,S_02,5,q_noise,12948,2158,1877,6,12948,0,0,0,0,fraction,0.1920361267356217,0.21652690718732295,0.22536446740793592,0.23145952717710433,0.23785652837720733,0.24688646676653656,0.2671993153236891,0.23163018354051623,0.009231281700102843
S_02,S_02,10,snr_p_db,12948,2158,1877,6,12948,0,0,0,0,dB,10.926075789049367,11.059752117315082,11.109022441958569,11.14332790388779,11.179628010224102,11.231391123433196,11.350140503911996,11.144604754578642,0.05220119894206686
S_02,S_02,10,delta_p_db,12948,2158,1877,6,12948,0,0,0,0,dB,0.9260757161753365,1.0597520524101918,1.1090223700265314,1.143327850101076,1.1796279602715023,1.2313910623485902,1.3501404602749403,1.1446046961484482,0.05220119899574726
S_02,S_02,10,actual_total_snr_db,12948,2158,1877,6,12948,0,0,0,0,dB,10.000000023807932,10.000000043559762,10.000000052316247,10.000000058581122,10.000000064393506,10.00000007321132,10.000000090463752,10.0000000584302,8.994973705119085e-09
S_02,S_02,10,q_clean,12948,2158,1877,6,12948,0,0,0,0,fraction,2.4953678499437863e-08,3.0934794816011837e-07,7.819882769743013e-07,1.1973709964185677e-06,1.7408738552582284e-06,3.0648009587650653e-06,1.1905967552934596e-05,1.366211922271065e-06,8.894582045242073e-07
S_02,S_02,10,q_noise,12948,2158,1877,6,12948,0,0,0,0,fraction,0.1920361273910162,0.21652690740949104,0.22536446863510085,0.23145952690912217,0.23785652782742472,0.24688646651918209,0.2671993152404505,0.23163018353406675,0.009231281695027172
S_03,S_03,0,snr_p_db,12948,2158,1877,6,12948,0,0,0,0,dB,3.1896000602152337,3.3626344606090384,3.4576946051310595,3.5259411634587954,3.59412721855093,3.691900318581187,3.895006817433954,3.5261257383326634,0.09950140975927341
S_03,S_03,0,delta_p_db,12948,2158,1877,6,12948,0,0,0,0,dB,3.1896000567885636,3.362634456341779,3.45769460862077,3.525941158107944,3.594127226909663,3.6919003165281072,3.8950068217482334,3.5261257383405087,0.09950140978659525
S_03,S_03,0,actual_total_snr_db,12948,2158,1877,6,12948,0,0,0,0,dB,-2.0549209870234786e-08,-8.955375943649347e-09,-3.757012699401608e-09,-2.515279439204887e-11,3.7090483739566093e-09,9.055807906391072e-09,2.348896011123151e-08,-7.884802032532955e-12,5.505427579446152e-09
S_03,S_03,0,q_clean,12948,2158,1877,6,12948,0,0,0,0,fraction,2.4953678499437863e-08,3.0934794816011837e-07,7.819882769743013e-07,1.1973709964185677e-06,1.7408738552582284e-06,3.0648009587650653e-06,1.1905967552934596e-05,1.366211922271065e-06,8.894582045242073e-07
S_03,S_03,0,q_noise,12948,2158,1877,6,12948,0,0,0,0,fraction,0.5202230051646839,0.538963263486617,0.5489443263394037,0.555976954477283,0.5628951520971764,0.5726242683805568,0.5921514621116537,0.5558795562198254,0.010170777440571857
S_03,S_03,5,snr_p_db,12948,2158,1877,6,12948,0,0,0,0,dB,8.189599939827119,8.362634351642816,8.457694503133954,8.52594104589696,8.59412709838164,8.691900205085833,8.895006701325363,8.52612562652396,0.09950140975493618
S_03,S_03,5,delta_p_db,12948,2158,1877,6,12948,0,0,0,0,dB,3.189600048490969,3.3626344607366856,3.457694611045769,3.525941153363755,3.594127213846673,3.691900315972183,3.895006823479665,3.5261257384297022,0.09950140968064877
S_03,S_03,5,actual_total_snr_db,12948,2158,1877,6,12948,0,0,0,0,dB,4.999999862248769,4.999999876083984,4.99999988320171,4.9999998880875065,4.999999893051076,4.999999900086095,4.999999913058282,4.999999888094223,7.262216117702278e-09
S_03,S_03,5,q_clean,12948,2158,1877,6,12948,0,0,0,0,fraction,2.4953678499437863e-08,3.0934794816011837e-07,7.819882769743013e-07,1.1973709964185677e-06,1.7408738552582284e-06,3.0648009587650653e-06,1.1905967552934596e-05,1.366211922271065e-06,8.894582045242073e-07
S_03,S_03,5,q_noise,12948,2158,1877,6,12948,0,0,0,0,fraction,0.5202230042480259,0.5389632639531527,0.548944326591255,0.5559769539922401,0.5628951507824203,0.5726242683258504,0.5921514622742534,0.5558795562291946,0.01017077742955365
S_03,S_03,10,snr_p_db,12948,2158,1877,6,12948,0,0,0,0,dB,13.189600109479082,13.362634523285987,13.457694652608797,13.525941206243106,13.594127266055466,13.69190036588156,13.89500688423038,13.526125796755819,0.09950140972299064
S_03,S_03,10,delta_p_db,12948,2158,1877,6,12948,0,0,0,0,dB,3.1896000471329744,3.362634460428577,3.4576945968429023,3.5259411573474164,3.5941272167386056,3.691900308140401,3.8950068167970713,3.5261257383525755,0.0995014097741898
S_03,S_03,10,actual_total_snr_db,12948,2158,1877,6,12948,0,0,0,0,dB,10.000000022983404,10.0000000435638,10.000000052347144,10.000000058374017,10.000000064550015,10.000000073116793,10.000000092719239,10.000000058403241,8.991238282608305e-09
S_03,S_03,10,q_clean,12948,2158,1877,6,12948,0,0,0,0,fraction,2.4953678499437863e-08,3.0934794816011837e-07,7.819882769743013e-07,1.1973709964185677e-06,1.7408738552582284e-06,3.0648009587650653e-06,1.1905967552934596e-05,1.366211922271065e-06,8.894582045242073e-07
S_03,S_03,10,q_noise,12948,2158,1877,6,12948,0,0,0,0,fraction,0.5202230040980045,0.538963263920466,0.5489443251161552,0.5559769543995255,0.5628951510734878,0.5726242675551478,0.5921514616466871,0.5558795562210868,0.010170777439480813
S_04,S_04,0,snr_p_db,12948,2158,1877,6,12948,0,0,0,0,dB,2.741372617065119,2.873185279008197,2.949441373456783,3.003727227473913,3.059287646784929,3.1377293026835407,3.292079431657232,3.004608186919504,0.07999102015530146
S_04,S_04,0,delta_p_db,12948,2158,1877,6,12948,0,0,0,0,dB,2.7413726190850882,2.8731852823217507,2.949441370761187,3.0037272251934204,3.0592876425582416,3.1377293046628094,3.2920794409667407,3.0046081869047647,0.07999102009051615
S_04,S_04,0,actual_total_snr_db,12948,2158,1877,6,12948,0,0,0,0,dB,-2.1240011640188594e-08,-8.978977882550157e-09,-3.830823649706342e-09,4.584894939725159e-12,3.822631925587964e-09,9.10714759162643e-09,2.2153436008650678e-08,1.470537417693181e-11,5.5162408450507876e-09
S_04,S_04,0,q_clean,12948,2158,1877,6,12948,0,0,0,0,fraction,2.4953678499437863e-08,3.0934794816011837e-07,7.819882769743013e-07,1.1973709964185677e-06,1.7408738552582284e-06,3.0648009587650653e-06,1.1905967552934596e-05,1.366211922271065e-06,8.894582045242073e-07
S_04,S_04,0,q_noise,12948,2158,1877,6,12948,0,0,0,0,fraction,0.4680605944650282,0.48396304521635636,0.4929446557355025,0.49924324198421466,0.5056086479414108,0.5144583724907134,0.5314114765032473,0.4992600626286353,0.00922034215639534
S_04,S_04,5,snr_p_db,12948,2158,1877,6,12948,0,0,0,0,dB,7.741372515999679,7.873185168279614,7.9494412511108665,8.003727110563366,8.059287517365732,8.137729181417708,8.292079325017248,8.004608075038503,0.07999102003158406
S_04,S_04,5,delta_p_db,12948,2158,1877,6,12948,0,0,0,0,dB,2.7413726167918178,2.873185281063608,2.9494413725799276,3.0037272275020763,3.059287630642836,3.1377293061062894,3.2920794400133913,3.0046081869487296,0.07999101997213466
S_04,S_04,5,actual_total_snr_db,12948,2158,1877,6,12948,0,0,0,0,dB,4.999999858427094,4.999999876113139,4.999999883165148,4.999999888158782,4.999999892948622,4.999999899964177,4.999999915700788,4.999999888089745,7.217423835481826e-09
S_04,S_04,5,q_clean,12948,2158,1877,6,12948,0,0,0,0,fraction,2.4953678499437863e-08,3.0934794816011837e-07,7.819882769743013e-07,1.1973709964185677e-06,1.7408738552582284e-06,3.0648009587650653e-06,1.1905967552934596e-05,1.366211922271065e-06,8.894582045242073e-07
S_04,S_04,5,q_noise,12948,2158,1877,6,12948,0,0,0,0,fraction,0.4680605941841402,0.48396304506686116,0.49294465594784553,0.4992432427523144,0.5056086465849849,0.5144583726520942,0.5314114764003842,0.49926006263395434,0.009220342142874548
S_04,S_04,10,snr_p_db,12948,2158,1877,6,12948,0,0,0,0,dB,12.741372674883939,12.873185317138473,12.94944145000542,13.003727285076808,13.059287686113773,13.137729342962329,13.292079497175289,13.004608245356332,0.07999101991371299
S_04,S_04,10,delta_p_db,12948,2158,1877,6,12948,0,0,0,0,dB,2.74137261475268,2.873185267504367,2.949441379049623,3.0037272254412786,3.059287628905614,3.137729295683786,3.292079433569749,3.004608186909474,0.07999102002380676
S_04,S_04,10,actual_total_snr_db,12948,2158,1877,6,12948,0,0,0,0,dB,10.000000026667049,10.000000043406061,10.00000005236903,10.000000058554491,10.000000064537254,10.00000007323585,10.000000092009959,10.000000058446854,9.020791820107338e-09
S_04,S_04,10,q_clean,12948,2158,1877,6,12948,0,0,0,0,fraction,2.4953678499437863e-08,3.0934794816011837e-07,7.819882769743013e-07,1.1973709964185677e-06,1.7408738552582284e-06,3.0648009587650653e-06,1.1905967552934596e-05,1.366211922271065e-06,8.894582045242073e-07
S_04,S_04,10,q_noise,12948,2158,1877,6,12948,0,0,0,0,fraction,0.46806059393437943,0.48396304345572605,0.49294465670320536,0.4992432423563217,0.5056086463872224,0.5144583714868636,0.5314114757051378,0.4992600626293194,0.009220342148762339
